enterpriseId,aescompanyId,companyLogoImage,companyName,countryId,countryName,createUserId,createUserName,currencyCode,currencyId,currencyName,currencySymbol,customTag,dateFormat,decimalPlaces,defaultWhId,defaultWhName,financialStart,fromat,frontDateFormat,gmtCreate,gmtModified,id,industryId,industryName,isDeleted,isUsedCurrency,languageId,languageName,modifyUserId,modifyUserName,multiCurrency,parentCompanyId,parentCompanyName,status,tagType,themeType,timeZone,timeZoneId,timeZoneName,vaild
3220,@EG@cb46a95e72ae742cc870cd49c940fb6b,,ealbima snacks,1112,Kenya,1003923,,KES,77,Kenyan Shilling,KES,,dd/MM/yyyy,2,,,2025-12-25 05:00:00,"#,###.##",DD/MM/YYYY,2025-12-25 04:47:11,2025-12-25 04:47:11,102376,14,,0,,4,English,1003923,,0,0,,1,0,,3,394,(GMT 3:00) Eastern African Time (Africa/Addis_Ababa),True
3219,@EG@921ce3fb6a64df676a8be64e45e1293f,,大宁烟酒,1112,Kenya,1003916,,KES,77,Kenyan Shilling,KES,,dd/MM/yyyy,0,,,2025-12-01 05:00:00,"#,###.##",DD/MM/YYYY,2025-12-22 21:51:02,2025-12-22 21:51:02,102375,34,,0,,23,中文,1003916,,0,0,,1,0,,3,394,(GMT 3:00) Eastern African Time (Africa/Addis_Ababa),True
3218,@EG@ea07d6ccbe5d4f61a3e63a1e81d0748c,,Yaan,1112,Kenya,1003915,,KES,77,Kenyan Shilling,KES,,dd/MM/yyyy,2,,,2025-12-22 05:00:00,"#,###.##",DD/MM/YYYY,2025-12-22 16:58:26,2025-12-22 16:58:26,102374,16,,0,,4,English,1003915,,0,0,,1,0,,3,394,(GMT 3:00) Eastern African Time (Africa/Addis_Ababa),True
3217,@EG@8b9e5d4a491e55c31eefe647967397f1,,At.Mo'Sphere Boutique,1112,Kenya,1003913,,KES,77,Kenyan Shilling,KES,,dd/MM/yyyy,2,,,2025-12-19 05:00:00,"#,###.##",DD/MM/YYYY,2025-12-19 14:25:15,2025-12-19 14:25:15,102372,14,,0,,4,English,1003913,,0,0,,1,0,,3,394,(GMT 3:00) Eastern African Time (Africa/Addis_Ababa),True
3216,@EG@28423bb0837502c728a9e7a8d3dc38af,,BlueSky,1112,Kenya,1003910,,KES,77,Kenyan Shilling,KES,,dd/MM/yyyy,2,,,2025-12-19 05:00:00,"#,###.##",DD/MM/YYYY,2025-12-19 00:34:40,2025-12-19 00:34:40,102371,14,,0,,4,English,1003910,,0,0,,1,0,,3,394,(GMT 3:00) Eastern African Time (Africa/Addis_Ababa),True
3215,@EG@9427a9054d8a7b48bb24d6f5191495e7,,Supa ego shop,1112,Kenya,1003909,,KES,77,Kenyan Shilling,KES,,dd/MM/yyyy,2,,,2025-12-18 05:00:00,"#,###.##",DD/MM/YYYY,2025-12-18 00:37:47,2025-12-18 00:37:47,102369,33,,0,,4,English,1003909,,0,0,,1,0,,3,394,(GMT 3:00) Eastern African Time (Africa/Addis_Ababa),True
3214,@EG@6f682750223c7f5bf7243fe3da3de261,,Khalifa Mohamed,1112,Kenya,1003908,,KES,77,Kenyan Shilling,KES,,dd/MM/yyyy,2,,,2025-12-18 05:00:00,"#,###.##",DD/MM/YYYY,2025-12-18 00:17:19,2025-12-18 00:17:19,102368,3,,0,,4,English,1003908,,0,0,,1,0,,3,394,(GMT 3:00) Eastern African Time (Africa/Addis_Ababa),True
3213,@EG@345b792605435c7fcc249e6d031a8bc4,,Dorcas mbula kinyoto,1112,Kenya,1003907,,KES,77,Kenyan Shilling,KES,,dd/MM/yyyy,2,,,2025-12-17 05:00:00,"#,###.##",DD/MM/YYYY,2025-12-17 22:52:58,2025-12-17 22:52:58,102367,1,,0,,4,English,1003907,,0,0,,1,0,,3,394,(GMT 3:00) Eastern African Time (Africa/Addis_Ababa),True
3212,@EG@333d6e0802436171a1ce08aa483367ed,,ADULE AND FAMILY ENTERPRISE,1221,Uganda,1003905,,UGX,154,Ugandan Shilling,UGX,,dd/MM/yyyy,2,,,2025-12-17 05:00:00,# ###.##,DD/MM/YYYY,2025-12-17 22:09:36,2025-12-17 22:09:36,102366,30,,0,,4,English,1003905,,0,0,,1,0,,3,394,(GMT 3:00) Eastern African Time (Africa/Addis_Ababa),True
3211,@EG@a4c031f1b05f4858d2c060030f92b98c,,Elias Bose,1068,Ethiopia,1003904,,ETB,48,Ethiopian Birr,ETB,,dd/MM/yyyy,2,,,2025-12-17 05:00:00,"#.###,##",DD/MM/YYYY,2025-12-17 21:39:01,2025-12-17 21:39:01,102364,6,,0,,4,English,1003904,,0,0,,1,0,,3,410,(GMT 3:00) GMT+03:00 (Etc/GMT-3),True
3210,@EG@e19571937cc6d52ef3a6ad79b5649a53,,Rainbow Patriots Security Ltd,1112,Kenya,1003903,,KES,77,Kenyan Shilling,KES,,dd/MM/yyyy,2,,,2025-12-17 05:00:00,"#,###.##",DD/MM/YYYY,2025-12-17 19:46:24,2025-12-17 19:46:24,102363,34,,0,,4,English,1003903,,0,0,,1,0,,3,394,(GMT 3:00) Eastern African Time (Africa/Addis_Ababa),True
3206,@EG@d9800c233c3737bf7368e0ae76cca398,,THOMAS KAZUNGU,1112,Kenya,1003899,,KES,77,Kenyan Shilling,KES,,dd/MM/yyyy,2,,,2025-12-17 05:00:00,"#,###.##",DD/MM/YYYY,2025-12-17 18:04:44,2025-12-17 18:04:44,102362,27,,0,,4,English,1003899,,0,0,,1,0,,3,394,(GMT 3:00) Eastern African Time (Africa/Addis_Ababa),True
3205,@EG@e87f9abcc425a777f7249773d8c625c9,,Mkulima Bora,1112,Kenya,1003898,,KES,77,Kenyan Shilling,KES,,dd/MM/yyyy,2,,,2025-12-17 05:00:00,"#,###.##",DD/MM/YYYY,2025-12-17 17:17:37,2025-12-17 17:17:37,102361,30,,0,,4,English,1003898,,0,0,,1,0,,3,394,(GMT 3:00) Eastern African Time (Africa/Addis_Ababa),True
3204,@EG@e4178f3ff54c05aeb9c1136f4789512d,,OLIVE SUPERMARKET,1112,Kenya,1003897,,KES,77,Kenyan Shilling,KES,,dd/MM/yyyy,2,,,2025-12-17 05:00:00,"#,###.##",DD/MM/YYYY,2025-12-17 15:24:06,2025-12-17 15:24:06,102360,34,,0,,4,English,1003897,,0,0,,1,0,,3,394,(GMT 3:00) Eastern African Time (Africa/Addis_Ababa),True
3203,@EG@a9825735cd19e2b42b6ca83fd1923bab,,verde,1112,Kenya,1003896,,KES,77,Kenyan Shilling,KES,,dd/MM/yyyy,2,,,2025-12-17 05:00:00,"#,###.##",DD/MM/YYYY,2025-12-17 14:54:03,2025-12-17 14:54:03,102359,30,,0,,4,English,1003896,,0,0,,1,0,,3,394,(GMT 3:00) Eastern African Time (Africa/Addis_Ababa),True
3202,@EG@1053c91300079bb03efc40dd238e8366,,Thon Malaak,1112,Kenya,1003895,,KES,77,Kenyan Shilling,KES,,dd/MM/yyyy,2,,,2025-12-17 05:00:00,"#,###.##",DD/MM/YYYY,2025-12-17 13:30:19,2025-12-17 13:30:19,102358,5,,0,,4,English,1003895,,0,0,,1,0,,3,394,(GMT 3:00) Eastern African Time (Africa/Addis_Ababa),True
3201,@EG@9a4b7513d371b9811be0c26856acd36e,,EJ GLOBAL INVESTMENT,1210,Tanzania,1003894,,TZS,152,Tanzanian Shilling,TZS,,dd/MM/yyyy,2,,,2025-12-17 05:00:00,"# ###,##",DD/MM/YYYY,2025-12-17 13:18:06,2025-12-17 13:18:06,102357,39,,0,,4,English,1003894,,0,0,,1,0,,3,394,(GMT 3:00) Eastern African Time (Africa/Addis_Ababa),True
3200,@EG@1d311b13ce47859eb7a1241e1ab22e60,,Malet Tasfa,1068,Ethiopia,1003893,,ETB,48,Ethiopian Birr,ETB,,dd/MM/yyyy,2,,,2025-12-17 05:00:00,"#.###,##",DD/MM/YYYY,2025-12-17 06:23:26,2025-12-17 06:23:26,102356,30,,0,,4,English,1003893,,0,0,,1,0,,3,410,(GMT 3:00) GMT+03:00 (Etc/GMT-3),True
3199,@EG@7442410b43120cfa41cf5b2ace6844cf,,Dave Cereal Stores,1112,Kenya,1003892,,KES,77,Kenyan Shilling,KES,,dd/MM/yyyy,2,,,2025-12-17 05:00:00,"#,###.##",DD/MM/YYYY,2025-12-17 04:53:37,2025-12-17 04:53:37,102355,7,,0,,4,English,1003892,,0,0,,1,0,,3,394,(GMT 3:00) Eastern African Time (Africa/Addis_Ababa),True
3198,@EG@aaaa4c888b48484671ca785bd0b3ac53,,Voltatech cyber And Electronics,1112,Kenya,1003891,,KES,77,Kenyan Shilling,KES,,dd/MM/yyyy,2,,,2025-12-17 05:00:00,"#,###.##",DD/MM/YYYY,2025-12-17 04:48:31,2025-12-17 04:48:31,102354,37,,0,,4,English,1003891,,0,0,,1,0,,3,394,(GMT 3:00) Eastern African Time (Africa/Addis_Ababa),True
3197,@EG@f8c8920fbeeeaba80778fba926ebc515,,RootPulse,1068,Ethiopia,1003890,,ETB,48,Ethiopian Birr,ETB,,dd/MM/yyyy,2,,,2025-12-17 05:00:00,"#.###,##",DD/MM/YYYY,2025-12-17 04:40:13,2025-12-17 04:40:13,102353,30,,0,,4,English,1003890,,0,0,,1,0,,3,410,(GMT 3:00) GMT+03:00 (Etc/GMT-3),True
3194,@EG@6aa2bcfb40561eff3065d46bf151153d,,Berbs Fashions,1112,Kenya,1003887,,KES,77,Kenyan Shilling,KES,,dd/MM/yyyy,2,,,2025-12-17 05:00:00,"#,###.##",DD/MM/YYYY,2025-12-17 03:16:42,2025-12-17 03:16:42,102352,35,,0,,4,English,1003887,,0,0,,1,0,,3,394,(GMT 3:00) Eastern African Time (Africa/Addis_Ababa),True
3193,@EG@f6c2be8baac655bd316d8aad2869310b,,Brian Fondo,1112,Kenya,1003886,,KES,77,Kenyan Shilling,KES,,dd/MM/yyyy,2,,,2025-12-20 05:00:00,"#,###.##",DD/MM/YYYY,2025-12-20 04:54:24,2025-12-20 04:54:24,102373,1,,0,,4,English,1003886,,0,0,,1,0,,3,394,(GMT 3:00) Eastern African Time (Africa/Addis_Ababa),True
3192,@EG@439a2fc189ddb93d3b339fa5f5dc024f,,Amotemaa ltd,1112,Kenya,1003885,,KES,77,Kenyan Shilling,KES,,dd/MM/yyyy,2,,,2025-12-17 05:00:00,"#,###.##",DD/MM/YYYY,2025-12-17 02:42:14,2025-12-17 02:42:14,102351,32,,0,,4,English,1003885,,0,0,,1,0,,3,394,(GMT 3:00) Eastern African Time (Africa/Addis_Ababa),True
3191,@EG@1b00d0cd137a5da522bcd0ee01fc7289,,Cabdi fitax,1195,Somalia,1003884,,SOS,135,Somali Shilling,S,,dd/MM/yyyy,2,,,2025-12-17 05:00:00,"#,###.##",DD/MM/YYYY,2025-12-17 01:16:08,2025-12-17 01:16:08,102350,27,,0,,4,English,1003884,,0,0,,1,0,,3,410,(GMT 3:00) GMT+03:00 (Etc/GMT-3),True
3190,@EG@b9a562de4c66b953cdaa6d15614e0740,https://static.kilimax.com/enterprise_3190/company_102349/logo/logo.png,Raamul Limited Company,1112,Kenya,1003883,,KES,77,Kenyan Shilling,KES,,dd-MM-yyyy,2,,,2025-12-01 05:00:00,"#,###.##",DD-MM-YYYY,2025-12-17 22:04:20,2025-12-17 22:04:20,102365,32,,0,,4,English,1003883,,0,0,,1,0,,3,401,(GMT 3:00) Eastern African Time (Africa/Nairobi),True
3190,@EG@e11d65fcd7f2eb954d27d68372750e3b,,Jimmy Barasa,1112,Kenya,1003883,,KES,77,Kenyan Shilling,KES,,dd/MM/yyyy,2,,,2025-12-01 05:00:00,"#,###.##",DD/MM/YYYY,2025-12-17 00:31:51,2025-12-17 00:31:51,102349,15,,0,,4,English,1003883,,0,0,,2,0,,3,394,(GMT 3:00) Eastern African Time (Africa/Addis_Ababa),False
3189,@EG@52a57dc026cf2a68727ceebdf4258fb9,,Kipruto Kosgei,1112,Kenya,1003882,,KES,77,Kenyan Shilling,KES,,dd/MM/yyyy,2,,,2025-12-16 05:00:00,"#,###.##",DD/MM/YYYY,2025-12-16 22:41:47,2025-12-16 22:41:47,102348,1,,0,,4,English,1003882,,0,0,,1,0,,3,394,(GMT 3:00) Eastern African Time (Africa/Addis_Ababa),True
3188,@EG@f323ba3620ed74f47a270a22a4900616,,CANYAMA HGHWAY BARBER SHOP,1112,Kenya,1003881,,KES,77,Kenyan Shilling,KES,,dd/MM/yyyy,2,,,2025-12-16 05:00:00,"#,###.##",DD/MM/YYYY,2025-12-16 21:31:25,2025-12-16 21:31:25,102347,35,,0,,4,English,1003881,,0,0,,1,0,,3,394,(GMT 3:00) Eastern African Time (Africa/Addis_Ababa),True
3187,@EG@7554072a1d8ecbdcdd4c5d042c02e359,https://static.kilimax.com/enterprise_3187/company_102346/logo/大宁五金.jpg,大宁五金,1112,Kenya,1003878,,KES,77,Kenyan Shilling,KES,,dd/MM/yyyy,0,,,2025-12-01 05:00:00,"#,###.##",DD/MM/YYYY,2025-12-16 19:46:13,2025-12-16 19:46:13,102346,34,,0,,4,English,1003878,,0,0,,1,0,,3,394,(GMT 3:00) Eastern African Time (Africa/Addis_Ababa),True
3186,@EG@6bc8dc1b858f3fbefc58deeee8b08bfb,,RIC FAMILY KENYA,1112,Kenya,1003877,,KES,77,Kenyan Shilling,KES,,dd/MM/yyyy,2,,,2025-12-16 05:00:00,"#,###.##",DD/MM/YYYY,2025-12-16 18:49:38,2025-12-16 18:49:38,102345,3,,0,,4,English,1003877,,0,0,,1,0,,3,394,(GMT 3:00) Eastern African Time (Africa/Addis_Ababa),True
3185,@EG@77599c1c207f93235b2614fae07f8923,,LUBAALE JONHSON,1221,Uganda,1003876,,UGX,154,Ugandan Shilling,UGX,,dd/MM/yyyy,2,,,2025-12-16 05:00:00,# ###.##,DD/MM/YYYY,2025-12-16 17:42:48,2025-12-16 17:42:48,102344,10,,0,,4,English,1003876,,0,0,,1,0,,3,394,(GMT 3:00) Eastern African Time (Africa/Addis_Ababa),True
3183,@EG@e67fff2b9dddac54f8cfceecb697501c,,Supacoat Investment Ltd,1112,Kenya,1003874,,KES,77,Kenyan Shilling,KES,,dd/MM/yyyy,2,,,2025-12-16 05:00:00,"#,###.##",DD/MM/YYYY,2025-12-16 17:39:59,2025-12-16 17:39:59,102343,27,,0,,4,English,1003874,,0,0,,1,0,,3,394,(GMT 3:00) Eastern African Time (Africa/Addis_Ababa),True
3182,@EG@f8a2384d03c8a1463d5cfa6f57327a8c,,Joshua Job,1112,Kenya,1003873,,KES,77,Kenyan Shilling,KES,,dd/MM/yyyy,2,,,2025-12-16 05:00:00,"#,###.##",DD/MM/YYYY,2025-12-16 16:44:25,2025-12-16 16:44:25,102342,1,,0,,4,English,1003873,,0,0,,1,0,,3,394,(GMT 3:00) Eastern African Time (Africa/Addis_Ababa),True
3181,@EG@aefcf2344e69b613ceb7502e4aae4641,,TOP COMMUNICATION,1112,Kenya,1003872,,KES,77,Kenyan Shilling,KES,,dd/MM/yyyy,2,,,2025-12-16 05:00:00,"#,###.##",DD/MM/YYYY,2025-12-16 14:52:39,2025-12-16 14:52:39,102341,16,,0,,4,English,1003872,,0,0,,1,0,,3,394,(GMT 3:00) Eastern African Time (Africa/Addis_Ababa),True
3180,@EG@628f87c5c5417f002394374e00ab75d8,,Glam by Keshy barber and spa,1112,Kenya,1003871,,KES,77,Kenyan Shilling,KES,,dd/MM/yyyy,2,,,2025-12-16 05:00:00,"#,###.##",DD/MM/YYYY,2025-12-16 04:49:22,2025-12-16 04:49:22,102340,34,,0,,4,English,1003871,,0,0,,1,0,,3,394,(GMT 3:00) Eastern African Time (Africa/Addis_Ababa),True
3179,@EG@268caea5ebffa8a030f47209dbcfd548,,Tibebsaccosltd,1068,Ethiopia,1003870,,ETB,48,Ethiopian Birr,ETB,,dd/MM/yyyy,2,,,2025-12-16 05:00:00,"#.###,##",DD/MM/YYYY,2025-12-16 04:44:32,2025-12-16 04:44:32,102339,6,,0,,4,English,1003870,,0,0,,1,0,,3,410,(GMT 3:00) GMT+03:00 (Etc/GMT-3),True
3178,@EG@87d41d4408ac100b6fca7621d2db0a57,,highway,1221,Uganda,1003869,,UGX,154,Ugandan Shilling,UGX,,dd/MM/yyyy,2,,,2025-12-16 05:00:00,# ###.##,DD/MM/YYYY,2025-12-16 03:21:28,2025-12-16 03:21:28,102338,10,,0,,4,English,1003869,,0,0,,1,0,,3,394,(GMT 3:00) Eastern African Time (Africa/Addis_Ababa),True
3176,@EG@201973d932bf5aeef78e9d23a96a10fd,,sky tech ,1112,Kenya,1003867,,KES,77,Kenyan Shilling,KES,,dd/MM/yyyy,2,,,2025-12-16 05:00:00,"#,###.##",DD/MM/YYYY,2025-12-16 02:31:11,2025-12-16 02:31:11,102337,34,,0,,4,English,1003867,,0,0,,1,0,,3,394,(GMT 3:00) Eastern African Time (Africa/Addis_Ababa),True
3175,@EG@d85b17aa682bdc2cac53a1e03dd46f55,,Lipah enterprises limited,1112,Kenya,1003866,,KES,77,Kenyan Shilling,KES,,dd/MM/yyyy,2,,,2025-12-16 05:00:00,"#,###.##",DD/MM/YYYY,2025-12-16 01:56:44,2025-12-16 01:56:44,102336,1,,0,,4,English,1003866,,0,0,,1,0,,3,394,(GMT 3:00) Eastern African Time (Africa/Addis_Ababa),True
3174,@EG@7ef440dff639e1fa9868adfb9fca909d,,Mk and Brother's enterprise,1225,U.S.A,1003865,,USD,155,United States Dollar,$,,MM/dd/yyyy,2,,,2025-12-16 13:00:00,# ###.##,MM/DD/YYYY,2025-12-16 01:51:34,2025-12-16 01:51:34,102335,1,,0,,4,English,1003865,,0,0,,1,0,,-5,110,(GMT -5:00) Eastern Standard Time (America/Atikokan),True
3172,@EG@7ec5893d2d0701db2054a8d552d19c8d,,Aman,1112,Kenya,1003863,,KES,77,Kenyan Shilling,KES,,dd/MM/yyyy,2,,,2025-12-15 05:00:00,"#,###.##",DD/MM/YYYY,2025-12-15 22:44:32,2025-12-15 22:44:32,102334,3,,0,,4,English,1003863,,0,0,,1,0,,3,394,(GMT 3:00) Eastern African Time (Africa/Addis_Ababa),True
3171,@EG@9a9f7a012013104da8853ce4a76fab69,,Oraforgetechcompany,1112,Kenya,1003862,,KES,77,Kenyan Shilling,KES,,dd/MM/yyyy,2,,,2025-12-15 05:00:00,"#,###.##",DD/MM/YYYY,2025-12-15 22:42:28,2025-12-15 22:42:28,102333,1,,0,,4,English,1003862,,0,0,,1,0,,3,394,(GMT 3:00) Eastern African Time (Africa/Addis_Ababa),True
3170,@EG@f59c6cc6e58d42cbbdd984114924b8cb,,Ayalew drug store,1068,Ethiopia,1003860,,ETB,48,Ethiopian Birr,ETB,,dd/MM/yyyy,2,,,2025-12-15 05:00:00,"#.###,##",DD/MM/YYYY,2025-12-15 21:11:22,2025-12-15 21:11:22,102332,10,,0,,4,English,1003860,,0,0,,1,0,,3,410,(GMT 3:00) GMT+03:00 (Etc/GMT-3),True
3169,@EG@94b24c18214b974370e94e8864401819,,Wan Li,1035,Burkina Faso,1003859,,XOF,168,CFA Franc BCEAO,XOF,,dd/MM/yyyy,2,,,2025-12-15 08:00:00,"#,###.##",DD/MM/YYYY,2025-12-15 20:31:22,2025-12-15 20:31:22,102331,1,,0,,4,English,1003859,,0,0,,1,0,,0,244,(GMT 0:00) Greenwich Mean Time (Africa/Abidjan),True
3167,@EG@823db17229409f4354f38372e0e01da1,,Nancy Munyila Mbiti,1112,Kenya,1003852,,KES,77,Kenyan Shilling,KES,,dd/MM/yyyy,2,,,2025-12-15 05:00:00,"#,###.##",DD/MM/YYYY,2025-12-15 18:17:17,2025-12-15 18:17:17,102329,7,,0,,4,English,1003852,,0,0,,1,0,,3,394,(GMT 3:00) Eastern African Time (Africa/Addis_Ababa),True
3166,@EG@f70d174bb391808783b5eb347e8b0b4b,,JAFENA GLOBE MARKET,1112,Kenya,1003851,,KES,77,Kenyan Shilling,KES,,dd/MM/yyyy,2,,,2025-12-15 05:00:00,"#,###.##",DD/MM/YYYY,2025-12-15 18:08:05,2025-12-15 18:08:05,102328,34,,0,,4,English,1003851,,0,0,,1,0,,3,394,(GMT 3:00) Eastern African Time (Africa/Addis_Ababa),True
3165,@EG@f87ab44a833165e2ae9921bbaa949d9a,,David Onyoo,1112,Kenya,1003850,,KES,77,Kenyan Shilling,KES,,dd/MM/yyyy,2,,,2025-12-15 05:00:00,"#,###.##",DD/MM/YYYY,2025-12-15 17:24:52,2025-12-15 17:24:52,102327,4,,0,,4,English,1003850,,0,0,,1,0,,3,394,(GMT 3:00) Eastern African Time (Africa/Addis_Ababa),True
3162,@EG@3d581979651400f8f1e0e6c7b476c4ad,,Mama shantel,1112,Kenya,1003847,,KES,77,Kenyan Shilling,KES,,dd/MM/yyyy,2,,,2025-12-15 05:00:00,"#,###.##",DD/MM/YYYY,2025-12-15 17:05:13,2025-12-15 17:05:13,102326,14,,0,,4,English,1003847,,0,0,,1,0,,3,394,(GMT 3:00) Eastern African Time (Africa/Addis_Ababa),True
3161,@EG@df6a2ff902f84ee103d68a9485ee9f55,,Magunia stores,1112,Kenya,1003846,,KES,77,Kenyan Shilling,KES,,dd/MM/yyyy,2,,,2025-12-15 05:00:00,"#,###.##",DD/MM/YYYY,2025-12-15 16:05:36,2025-12-15 16:05:36,102325,30,,0,,4,English,1003846,,0,0,,1,0,,3,394,(GMT 3:00) Eastern African Time (Africa/Addis_Ababa),True
3160,@EG@a4754b9d88499e48158187fdd2c338c4,,Emulai James,1221,Uganda,1003845,,UGX,154,Ugandan Shilling,UGX,,dd/MM/yyyy,2,,,2025-12-15 05:00:00,# ###.##,DD/MM/YYYY,2025-12-15 15:53:44,2025-12-15 15:53:44,102324,4,,0,,4,English,1003845,,0,0,,1,0,,3,394,(GMT 3:00) Eastern African Time (Africa/Addis_Ababa),True
3159,@EG@bc18f5f856add1af92fc05439daded06,,Robys cake and bakes,1221,Uganda,1003844,,UGX,154,Ugandan Shilling,UGX,,dd/MM/yyyy,2,,,2025-12-15 05:00:00,# ###.##,DD/MM/YYYY,2025-12-15 15:44:22,2025-12-15 15:44:22,102323,34,,0,,4,English,1003844,,0,0,,1,0,,3,394,(GMT 3:00) Eastern African Time (Africa/Addis_Ababa),True
3157,@EG@c42fc718778e9f2837f125bcf80e3f42,,bryan wachira,1112,Kenya,1003842,,KES,77,Kenyan Shilling,KES,,dd/MM/yyyy,2,,,2025-12-15 05:00:00,"#,###.##",DD/MM/YYYY,2025-12-15 13:01:02,2025-12-15 13:01:02,102322,14,,0,,4,English,1003842,,0,0,,1,0,,3,394,(GMT 3:00) Eastern African Time (Africa/Addis_Ababa),True
3155,@EG@cfccbd0b28d6b97488305e962f932b2f,,Kimoh Limited,1112,Kenya,1003840,,KES,77,Kenyan Shilling,KES,,dd/MM/yyyy,2,,,2025-12-15 05:00:00,"#,###.##",DD/MM/YYYY,2025-12-15 12:43:50,2025-12-15 12:43:50,102321,14,,0,,4,English,1003840,,0,0,,1,0,,3,394,(GMT 3:00) Eastern African Time (Africa/Addis_Ababa),True
3154,@EG@ec5f7cd8159f765af1dbfb5e27fc94fc,,Kirti fashion hub,1099,India,1003839,,INR,69,Indian Rupee,Rs.,,dd/MM/yyyy,2,,,2025-12-15 02:30:00,"#,###.##",DD/MM/YYYY,2025-12-15 12:31:20,2025-12-15 12:31:20,102320,34,,0,,4,English,1003839,,0,0,,1,0,,5.3,453,(GMT 5:30) India Standard Time (Asia/Kolkata),True
3153,@EG@80f8883f71e09f624251d284d4e5eff6,,testtest,1096,Hong Kong,1003838,,HKD,61,Hong Kong Dollar,HK$,,dd/MM/yyyy,2,,,2025-12-15 00:00:00,"#.###,##",DD/MM/YYYY,2025-12-15 11:33:07,2025-12-15 11:33:07,102319,21,,0,,4,English,1003838,,0,0,,1,0,,8,488,(GMT 8:00) Hong Kong Time (Asia/Hong_Kong),True
3151,@EG@a8febcfdf937f447a858aefdefa150dc,,Jumia services,1112,Kenya,1003836,,KES,77,Kenyan Shilling,KES,,dd/MM/yyyy,2,,,2025-12-15 05:00:00,"#,###.##",DD/MM/YYYY,2025-12-15 04:23:11,2025-12-15 04:23:11,102318,27,,0,,4,English,1003836,,0,0,,1,0,,3,394,(GMT 3:00) Eastern African Time (Africa/Addis_Ababa),True
3150,@EG@e26a86a369b957d18f07e9858db61e00,,Kapmestonestore,1112,Kenya,1003835,,KES,77,Kenyan Shilling,KES,,dd/MM/yyyy,2,,,2025-12-15 05:00:00,"#,###.##",DD/MM/YYYY,2025-12-15 01:35:49,2025-12-15 01:35:49,102317,14,,0,,4,English,1003835,,0,0,,1,0,,3,394,(GMT 3:00) Eastern African Time (Africa/Addis_Ababa),True
3149,@EG@dad24ca3cfb2cb08e1ba1523cca8891f,,LIZ CAKES,1112,Kenya,1003834,,KES,77,Kenyan Shilling,KES,,dd/MM/yyyy,2,,,2025-12-15 05:00:00,"#,###.##",DD/MM/YYYY,2025-12-15 01:23:54,2025-12-15 01:23:54,102316,7,,0,,4,English,1003834,,0,0,,1,0,,3,394,(GMT 3:00) Eastern African Time (Africa/Addis_Ababa),True
3148,@EG@88b27e6b77c56f0b692114c0192c031d,,Ian's ChomaBite,1112,Kenya,1003833,,KES,77,Kenyan Shilling,KES,,dd/MM/yyyy,2,,,2025-12-15 05:00:00,"#,###.##",DD/MM/YYYY,2025-12-15 00:21:32,2025-12-15 00:21:32,102315,7,,0,,4,English,1003833,,0,0,,1,0,,3,394,(GMT 3:00) Eastern African Time (Africa/Addis_Ababa),True
3147,@EG@bdf30c6c7558951d138163a108482ad4,,Elite collections,1112,Kenya,1003832,,KES,77,Kenyan Shilling,KES,,dd/MM/yyyy,2,,,2025-12-14 05:00:00,"#,###.##",DD/MM/YYYY,2025-12-14 23:54:19,2025-12-14 23:54:19,102314,1,,0,,4,English,1003832,,0,0,,1,0,,3,394,(GMT 3:00) Eastern African Time (Africa/Addis_Ababa),True
3146,@EG@2c608fe8a229438d4d49826bae1d6538,,Krishna auto garage namli,1099,India,1003831,,INR,69,Indian Rupee,Rs.,,dd/MM/yyyy,2,,,2025-12-14 02:30:00,"#,###.##",DD/MM/YYYY,2025-12-14 22:34:48,2025-12-14 22:34:48,102313,2,,0,,4,English,1003831,,0,0,,1,0,,5.3,453,(GMT 5:30) India Standard Time (Asia/Kolkata),True
3145,@EG@722b9f7ce5296ee0024d2d1734e27331,,fixtech communication ,1112,Kenya,1003830,,KES,77,Kenyan Shilling,KES,,dd/MM/yyyy,2,,,2025-12-14 05:00:00,"#,###.##",DD/MM/YYYY,2025-12-14 22:09:03,2025-12-14 22:09:03,102312,2,,0,,4,English,1003830,,0,0,,1,0,,3,394,(GMT 3:00) Eastern African Time (Africa/Addis_Ababa),True
3143,@EG@743c2573d9822a67b7f1d43d35e9c14c,,KARIUKI ENTERPRISES,1112,Kenya,1003828,,KES,77,Kenyan Shilling,KES,,dd/MM/yyyy,2,,,2025-12-14 05:00:00,"#,###.##",DD/MM/YYYY,2025-12-14 19:40:53,2025-12-14 19:40:53,102311,27,,0,,4,English,1003828,,0,0,,1,0,,3,394,(GMT 3:00) Eastern African Time (Africa/Addis_Ababa),True
3142,@EG@34cb90437e90249b63f8f55bc99a7980,,Grace,1112,Kenya,1003827,,KES,77,Kenyan Shilling,KES,,dd/MM/yyyy,2,,,2025-12-14 05:00:00,"#,###.##",DD/MM/YYYY,2025-12-14 18:27:16,2025-12-14 18:27:16,102310,34,,0,,4,English,1003827,,0,0,,1,0,,3,394,(GMT 3:00) Eastern African Time (Africa/Addis_Ababa),True
3141,@EG@cce065f295a9196b55ee4a2ef30aa74f,,laban maina,1112,Kenya,1003826,,KES,77,Kenyan Shilling,KES,,dd/MM/yyyy,2,,,2025-12-14 05:00:00,"#,###.##",DD/MM/YYYY,2025-12-14 17:05:18,2025-12-14 17:05:18,102309,30,,0,,4,English,1003826,,0,0,,1,0,,3,394,(GMT 3:00) Eastern African Time (Africa/Addis_Ababa),True
3140,@EG@c1fd44922e3df11b56f6aab7bbb3a3af,,Fridah,1112,Kenya,1003825,,KES,77,Kenyan Shilling,KES,,dd/MM/yyyy,2,,,2025-12-14 05:00:00,"#,###.##",DD/MM/YYYY,2025-12-14 16:53:52,2025-12-14 16:53:52,102308,7,,0,,4,English,1003825,,0,0,,1,0,,3,394,(GMT 3:00) Eastern African Time (Africa/Addis_Ababa),True
3139,@EG@fa5d17311b1d48f00601aa8b054c9fac,,Premier foods limited,1112,Kenya,1003824,,KES,77,Kenyan Shilling,KES,,dd/MM/yyyy,2,,,2025-12-14 05:00:00,"#,###.##",DD/MM/YYYY,2025-12-14 16:22:22,2025-12-14 16:22:22,102307,32,,0,,4,English,1003824,,0,0,,1,0,,3,394,(GMT 3:00) Eastern African Time (Africa/Addis_Ababa),True
3138,@EG@7588ab14ac33c09b67fd992d9abb7b4d,,shell muguga company ltd,1112,Kenya,1003823,,KES,77,Kenyan Shilling,KES,,dd/MM/yyyy,2,,,2025-12-14 05:00:00,"#,###.##",DD/MM/YYYY,2025-12-14 15:54:25,2025-12-14 15:54:25,102306,1,,0,,4,English,1003823,,0,0,,1,0,,3,394,(GMT 3:00) Eastern African Time (Africa/Addis_Ababa),True
3137,@EG@ef71048d6f3f96b2d8bc784e26fa6294,,Qwetu enterprise,1112,Kenya,1003822,,KES,77,Kenyan Shilling,KES,,dd/MM/yyyy,2,,,2025-12-14 05:00:00,"#,###.##",DD/MM/YYYY,2025-12-14 15:48:17,2025-12-14 15:48:17,102305,7,,0,,4,English,1003822,,0,0,,1,0,,3,394,(GMT 3:00) Eastern African Time (Africa/Addis_Ababa),True
3136,@EG@8768f13d3dd7b5c451361f842beb32d1,,Ahmed,1068,Ethiopia,1003821,,ETB,48,Ethiopian Birr,ETB,,dd/MM/yyyy,2,,,2025-12-14 05:00:00,"#.###,##",DD/MM/YYYY,2025-12-14 10:31:57,2025-12-14 10:31:57,102304,32,,0,,4,English,1003821,,0,0,,1,0,,3,410,(GMT 3:00) GMT+03:00 (Etc/GMT-3),True
3133,@EG@f757f4fdd055efa4925fbcbd33e6fb5f,,George Mbachu,1112,Kenya,1003818,,KES,77,Kenyan Shilling,KES,,dd/MM/yyyy,2,,,2025-12-14 05:00:00,"#,###.##",DD/MM/YYYY,2025-12-14 01:19:15,2025-12-14 01:19:15,102303,30,,0,,4,English,1003818,,0,0,,1,0,,3,394,(GMT 3:00) Eastern African Time (Africa/Addis_Ababa),True
3132,@EG@5f364ca27096534ff2bb5bbbc6463e27,,Nextgen,1112,Kenya,1003817,,KES,77,Kenyan Shilling,KES,,dd/MM/yyyy,2,,,2025-12-14 05:00:00,"#,###.##",DD/MM/YYYY,2025-12-14 01:09:25,2025-12-14 01:09:25,102302,35,,0,,4,English,1003817,,0,0,,1,0,,3,394,(GMT 3:00) Eastern African Time (Africa/Addis_Ababa),True
3131,@EG@e6f0222e064b0aad90230989ecf291b5,,snack shack,1112,Kenya,1003816,,KES,77,Kenyan Shilling,KES,,dd/MM/yyyy,2,,,2025-12-14 05:00:00,"#,###.##",DD/MM/YYYY,2025-12-14 00:39:02,2025-12-14 00:39:02,102301,3,,0,,4,English,1003816,,0,0,,1,0,,3,394,(GMT 3:00) Eastern African Time (Africa/Addis_Ababa),True
3129,@EG@10b83436195aed089284d4b3da0c2c9e,,jefftech,1112,Kenya,1003814,,KES,77,Kenyan Shilling,KES,,dd/MM/yyyy,2,,,2025-12-13 05:00:00,"#,###.##",DD/MM/YYYY,2025-12-13 20:57:08,2025-12-13 20:57:08,102300,37,,0,,4,English,1003814,,0,0,,1,0,,3,394,(GMT 3:00) Eastern African Time (Africa/Addis_Ababa),True
3128,@EG@88cd8f349bb04b2e81f4cdc155348928,,N.company,1112,Kenya,1003812,,KES,77,Kenyan Shilling,KES,,dd/MM/yyyy,2,,,2025-12-13 05:00:00,"#,###.##",DD/MM/YYYY,2025-12-13 18:42:54,2025-12-13 18:42:54,102299,34,,0,,4,English,1003812,,0,0,,1,0,,3,394,(GMT 3:00) Eastern African Time (Africa/Addis_Ababa),True
3127,@EG@32cf716ee05b2a1e658e21606a45aa1f,,VICTORY CATERERS LTD,1112,Kenya,1003811,,KES,77,Kenyan Shilling,KES,,dd/MM/yyyy,2,,,2025-12-13 05:00:00,"#,###.##",DD/MM/YYYY,2025-12-13 18:09:20,2025-12-13 18:09:20,102298,18,,0,,4,English,1003811,,0,0,,1,0,,3,394,(GMT 3:00) Eastern African Time (Africa/Addis_Ababa),True
3125,@EG@3c8f8b01922bb8fcfcbf2c7b483d94fb,,Kiwango security Limited,1210,Tanzania,1003809,,TZS,152,Tanzanian Shilling,TZS,,dd/MM/yyyy,2,,,2025-12-13 05:00:00,"# ###,##",DD/MM/YYYY,2025-12-13 13:44:55,2025-12-13 13:44:55,102297,34,,0,,4,English,1003809,,0,0,,1,0,,3,394,(GMT 3:00) Eastern African Time (Africa/Addis_Ababa),True
3124,@EG@c5fef43c7a7a284fee9ca7787338e479,,Chepsir Dairy Innovators,1112,Kenya,1003808,,KES,77,Kenyan Shilling,KES,,dd/MM/yyyy,2,,,2025-12-13 05:00:00,"#,###.##",DD/MM/YYYY,2025-12-13 06:20:51,2025-12-13 06:20:51,102296,32,,0,,4,English,1003808,,0,0,,1,0,,3,394,(GMT 3:00) Eastern African Time (Africa/Addis_Ababa),True
3123,@EG@48381cdebbe68d71343fac680eb8a59c,,Grace,1112,Kenya,1003807,,KES,77,Kenyan Shilling,KES,,dd/MM/yyyy,2,,,2025-12-13 05:00:00,"#,###.##",DD/MM/YYYY,2025-12-13 05:44:28,2025-12-13 05:44:28,102295,1,,0,,4,English,1003807,,0,0,,1,0,,3,394,(GMT 3:00) Eastern African Time (Africa/Addis_Ababa),True
3122,@EG@510e25efb6e269934b8ff6b01d9eab99,,PITECH TECHNOLOGIES,1112,Kenya,1003806,,KES,77,Kenyan Shilling,KES,,dd/MM/yyyy,2,,,2025-12-12 05:00:00,"#,###.##",DD/MM/YYYY,2025-12-12 23:44:30,2025-12-12 23:44:30,102294,15,,0,,4,English,1003806,,0,0,,1,0,,3,394,(GMT 3:00) Eastern African Time (Africa/Addis_Ababa),True
3120,@EG@673885e19d30b12fc757aaec125018e0,,Alex and brothers company,1221,Uganda,1003803,,UGX,154,Ugandan Shilling,UGX,,dd/MM/yyyy,2,,,2025-12-12 05:00:00,# ###.##,DD/MM/YYYY,2025-12-12 19:44:12,2025-12-12 19:44:12,102293,4,,0,,4,English,1003803,,0,0,,1,0,,3,394,(GMT 3:00) Eastern African Time (Africa/Addis_Ababa),True
3119,@EG@494e3c2dbec3ab888379195c7d2e18b8,,Kaya Office,1112,Kenya,1003802,,KES,77,Kenyan Shilling,KES,,dd/MM/yyyy,2,,,2025-12-12 05:00:00,"#,###.##",DD/MM/YYYY,2025-12-12 18:11:09,2025-12-12 18:11:09,102292,2,,0,,4,English,1003802,,0,0,,1,0,,3,394,(GMT 3:00) Eastern African Time (Africa/Addis_Ababa),True
3118,@EG@9ce3f7419526d7b5d0bd457b77618af6,,test1212,1096,Hong Kong,1003801,,HKD,61,Hong Kong Dollar,HK$,,dd/MM/yyyy,2,,,2025-12-12 00:00:00,"#.###,##",DD/MM/YYYY,2025-12-12 18:06:55,2025-12-12 18:06:55,102291,1,,0,,4,English,1003801,,0,0,,1,0,,8,488,(GMT 8:00) Hong Kong Time (Asia/Hong_Kong),True
3117,@EG@d6970d92e2c518f20ac9f9f71a9cc876,,Francis Mwanja,1112,Kenya,1003800,,KES,77,Kenyan Shilling,KES,,dd/MM/yyyy,2,,,2025-12-12 05:00:00,"#,###.##",DD/MM/YYYY,2025-12-12 17:30:58,2025-12-12 17:30:58,102290,6,,0,,4,English,1003800,,0,0,,1,0,,3,394,(GMT 3:00) Eastern African Time (Africa/Addis_Ababa),True
3116,@EG@79a3030b81392dbc7e3a123b051b8443,,Laventa,1112,Kenya,1003799,,KES,77,Kenyan Shilling,KES,,dd/MM/yyyy,2,,,2025-12-01 05:00:00,"#,###.##",DD/MM/YYYY,2025-12-12 16:45:02,2025-12-12 16:45:02,102289,7,,0,,4,English,1003799,,1,0,,1,0,,3,394,(GMT 3:00) Eastern African Time (Africa/Addis_Ababa),True
3115,@EG@c96f27f79f203f1429bcbacd9a4b4697,,Raceann Mobiles,1112,Kenya,1003797,,KES,77,Kenyan Shilling,KES,,dd/MM/yyyy,2,,,2025-12-12 05:00:00,"#,###.##",DD/MM/YYYY,2025-12-12 16:16:17,2025-12-12 16:16:17,102288,39,,0,,4,English,1003797,,0,0,,1,0,,3,394,(GMT 3:00) Eastern African Time (Africa/Addis_Ababa),True
3114,@EG@a44827d9a72d080949ec7317a83b8331,,DSTV KENYA,1112,Kenya,1003795,,KES,77,Kenyan Shilling,KES,,dd/MM/yyyy,2,,,2025-12-12 05:00:00,"#,###.##",DD/MM/YYYY,2025-12-12 15:39:18,2025-12-12 15:39:18,102286,1,,0,,4,English,1003795,,0,0,,1,0,,3,394,(GMT 3:00) Eastern African Time (Africa/Addis_Ababa),True
3113,@EG@05e17a400e0e1fed0f62c552cb9be66e,,Collins Lyimo,1210,Tanzania,1003794,,TZS,152,Tanzanian Shilling,TZS,,dd/MM/yyyy,2,,,2025-12-12 05:00:00,"# ###,##",DD/MM/YYYY,2025-12-12 14:44:53,2025-12-12 14:44:53,102285,35,,0,,4,English,1003794,,0,0,,1,0,,3,394,(GMT 3:00) Eastern African Time (Africa/Addis_Ababa),True
3112,@EG@d9afc8dae178617c69bd2def4fa2bf15,,Caring Hearts Waters,1112,Kenya,1003793,,KES,77,Kenyan Shilling,KES,,dd/MM/yyyy,2,,,2025-12-12 05:00:00,"#,###.##",DD/MM/YYYY,2025-12-12 14:04:48,2025-12-12 14:04:48,102284,39,,0,,4,English,1003793,,0,0,,1,0,,3,394,(GMT 3:00) Eastern African Time (Africa/Addis_Ababa),True
3111,@EG@5c749aab8bad4b2e700ac2dea9884dc8,,Oyirwoth lnnocent,1221,Uganda,1003791,,UGX,154,Ugandan Shilling,UGX,,dd/MM/yyyy,2,,,2025-12-12 05:00:00,# ###.##,DD/MM/YYYY,2025-12-12 06:51:29,2025-12-12 06:51:29,102282,1,,0,,4,English,1003791,,0,0,,1,0,,3,394,(GMT 3:00) Eastern African Time (Africa/Addis_Ababa),True
3110,@EG@1ff808a663606181665a1702264eb885,,Edengate consultants,1112,Kenya,1003790,,KES,77,Kenyan Shilling,KES,,dd/MM/yyyy,2,,,2025-12-12 05:00:00,"#,###.##",DD/MM/YYYY,2025-12-12 05:11:41,2025-12-12 05:11:41,102281,34,,0,,4,English,1003790,,0,0,,1,0,,3,394,(GMT 3:00) Eastern African Time (Africa/Addis_Ababa),True
3109,@EG@fb6361b9dffba10a803de8511ad3509f,,excellent airt,1112,Kenya,1003789,,KES,77,Kenyan Shilling,KES,,dd/MM/yyyy,2,,,2025-12-12 05:00:00,"#,###.##",DD/MM/YYYY,2025-12-12 03:44:09,2025-12-12 03:44:09,102280,21,,0,,4,English,1003789,,0,0,,1,0,,3,394,(GMT 3:00) Eastern African Time (Africa/Addis_Ababa),True
3108,@EG@42f87b31cb7b205425a061888f6abf26,,NARETOI NOONDEPEN VILLAGE GROUP,1112,Kenya,1003788,,KES,77,Kenyan Shilling,KES,,dd/MM/yyyy,2,,,2025-12-12 05:00:00,"#,###.##",DD/MM/YYYY,2025-12-12 03:07:44,2025-12-12 03:07:44,102279,34,,0,,4,English,1003788,,0,0,,1,0,,3,394,(GMT 3:00) Eastern African Time (Africa/Addis_Ababa),True
3107,@EG@abc64686e4e480a627113ff6b8b368f8,,THEPO ENTERPRISE,1112,Kenya,1003787,,KES,77,Kenyan Shilling,KES,,dd/MM/yyyy,2,,,2025-12-12 05:00:00,"#,###.##",DD/MM/YYYY,2025-12-12 01:59:09,2025-12-12 01:59:09,102278,14,,0,,4,English,1003787,,0,0,,1,0,,3,394,(GMT 3:00) Eastern African Time (Africa/Addis_Ababa),True
3106,@EG@329d6a8e0aadd84aa14c6fe8e7702bc9,,MASISI GENERAL TRADING,1210,Tanzania,1003786,,TZS,152,Tanzanian Shilling,TZS,,dd/MM/yyyy,2,,,2025-12-12 05:00:00,"# ###,##",DD/MM/YYYY,2025-12-12 01:28:46,2025-12-12 01:28:46,102277,34,,0,,4,English,1003786,,0,0,,1,0,,3,394,(GMT 3:00) Eastern African Time (Africa/Addis_Ababa),True
3104,@EG@b839bd27251a2e567ebd89f93eda70d2,,Denvers group,1112,Kenya,1003784,,KES,77,Kenyan Shilling,KES,,dd/MM/yyyy,2,,,2025-12-11 05:00:00,"#,###.##",DD/MM/YYYY,2025-12-11 19:03:37,2025-12-11 19:03:37,102276,1,,0,,4,English,1003784,,0,0,,1,0,,3,394,(GMT 3:00) Eastern African Time (Africa/Addis_Ababa),True
3100,@EG@c3c99922686243da278fc4f7f1e03f9d,,Zablon Lugano,1112,Kenya,1003780,,KES,77,Kenyan Shilling,KES,,dd/MM/yyyy,2,,,2025-12-11 05:00:00,"#,###.##",DD/MM/YYYY,2025-12-11 16:57:02,2025-12-11 16:57:02,102275,15,,0,,4,English,1003780,,0,0,,1,0,,3,394,(GMT 3:00) Eastern African Time (Africa/Addis_Ababa),True
3099,@EG@6610298fbc0d54f6318224f1ec6b915c,,LOMU GROUP OF BUSINESS ,1221,Uganda,1003779,,UGX,154,Ugandan Shilling,UGX,,dd/MM/yyyy,2,,,2025-12-11 05:00:00,# ###.##,DD/MM/YYYY,2025-12-11 16:00:06,2025-12-11 16:00:06,102274,14,,0,,4,English,1003779,,0,0,,1,0,,3,394,(GMT 3:00) Eastern African Time (Africa/Addis_Ababa),True
3097,@EG@03eb36333cd392810ec3299f6a9b44b1,,University of Kabianga Welfare Group,1112,Kenya,1003777,,KES,77,Kenyan Shilling,KES,,dd/MM/yyyy,2,,,2025-12-11 05:00:00,"#,###.##",DD/MM/YYYY,2025-12-11 15:25:23,2025-12-11 15:25:23,102273,6,,0,,4,English,1003777,,0,0,,1,0,,3,394,(GMT 3:00) Eastern African Time (Africa/Addis_Ababa),True
3095,@EG@7b831442d1b6d5bd29f9f8b1bbeb06d0,,LOMU AGENTS,1221,Uganda,1003774,,UGX,154,Ugandan Shilling,UGX,,dd/MM/yyyy,2,,,2025-12-11 05:00:00,# ###.##,DD/MM/YYYY,2025-12-11 13:27:11,2025-12-11 13:27:11,102272,14,,0,,4,English,1003774,,0,0,,1,0,,3,394,(GMT 3:00) Eastern African Time (Africa/Addis_Ababa),True
3094,@EG@da1d56c08c22a8679d6d22279a91c000,,GATS ENTERPRISES,1112,Kenya,1003773,,KES,77,Kenyan Shilling,KES,,dd/MM/yyyy,2,,,2025-12-11 05:00:00,"#,###.##",DD/MM/YYYY,2025-12-11 12:52:29,2025-12-11 12:52:29,102271,2,,0,,4,English,1003773,,0,0,,1,0,,3,394,(GMT 3:00) Eastern African Time (Africa/Addis_Ababa),True
3093,@EG@36076899bddcd783814942c9a2750181,,Tevin Enterprise LTD,1112,Kenya,1003772,,KES,77,Kenyan Shilling,KES,,dd/MM/yyyy,2,,,2025-12-11 05:00:00,"#,###.##",DD/MM/YYYY,2025-12-11 12:24:46,2025-12-11 12:24:46,102270,1,,0,,4,English,1003772,,0,0,,1,0,,3,394,(GMT 3:00) Eastern African Time (Africa/Addis_Ababa),True
3091,@EG@982952605073906c91c59abe41d09d80,,jakir,1019,Bangladesh,1003770,,BDT,13,Bangladeshi Taka,BDT,,dd/MM/yyyy,2,,,2025-12-10 02:00:00,"#,###.##",DD/MM/YYYY,2025-12-10 22:10:37,2025-12-10 22:10:37,102269,21,,0,,4,English,1003770,,0,0,,1,0,,6,460,(GMT 6:00) Bangladesh Time (Asia/Dacca),True
3090,@EG@cc88746bbaed7d7c68bd10d070232fa6,,victor kithenya,1112,Kenya,1003767,,KES,77,Kenyan Shilling,KES,,dd/MM/yyyy,2,,,2025-12-10 05:00:00,"#,###.##",DD/MM/YYYY,2025-12-10 20:52:45,2025-12-10 20:52:45,102268,1,,0,,4,English,1003767,,0,0,,1,0,,3,394,(GMT 3:00) Eastern African Time (Africa/Addis_Ababa),True
3089,@EG@a2e0c49fcc12a4d40a75972b0660a727,https://static.kilimax.com/enterprise_3089/company_102267/logo/Logo.jpg,WAKA AFRICA,1112,Kenya,1003766,,KES,77,Kenyan Shilling,KES,,dd/MM/yyyy,2,,,2025-12-01 05:00:00,"#,###.##",DD/MM/YYYY,2025-12-10 20:48:55,2025-12-10 20:48:55,102267,35,,0,,4,English,1003766,,0,0,,1,0,,3,394,(GMT 3:00) Eastern African Time (Africa/Addis_Ababa),True
3087,@EG@05eb3d2708fc32d10d1e1137faf11c8e,,Nexgen,1112,Kenya,1003763,,KES,77,Kenyan Shilling,KES,,dd/MM/yyyy,2,,,2025-12-10 05:00:00,"#,###.##",DD/MM/YYYY,2025-12-10 20:29:36,2025-12-10 20:29:36,102266,1,,0,,4,English,1003763,,0,0,,1,0,,3,394,(GMT 3:00) Eastern African Time (Africa/Addis_Ababa),True
3086,@EG@27ecd27f5efda9a413f6a9723773cf8d,,Blessed mark,1112,Kenya,1003762,,KES,77,Kenyan Shilling,KES,,dd/MM/yyyy,2,,,2025-12-10 05:00:00,"#,###.##",DD/MM/YYYY,2025-12-10 20:19:48,2025-12-10 20:19:48,102265,10,,0,,4,English,1003762,,0,0,,1,0,,3,394,(GMT 3:00) Eastern African Time (Africa/Addis_Ababa),True
3085,@EG@6dbf560fe2d40284c35674018f7cbe95,,Dino transports,1112,Kenya,1003760,,KES,77,Kenyan Shilling,KES,,dd/MM/yyyy,2,,,2025-12-10 05:00:00,"#,###.##",DD/MM/YYYY,2025-12-10 17:52:27,2025-12-10 17:52:27,102264,18,,0,,4,English,1003760,,0,0,,1,0,,3,394,(GMT 3:00) Eastern African Time (Africa/Addis_Ababa),True
3084,@EG@8cbb82d3060cb792a75bfe0e92fc172d,,Winpoint phone accessories and repair,1112,Kenya,1003759,,KES,77,Kenyan Shilling,KES,,dd/MM/yyyy,2,,,2025-12-10 05:00:00,"#,###.##",DD/MM/YYYY,2025-12-10 17:35:23,2025-12-10 17:35:23,102263,22,,0,,4,English,1003759,,0,0,,1,0,,3,394,(GMT 3:00) Eastern African Time (Africa/Addis_Ababa),True
3083,@EG@7655ad637f171963ef287de6a743fc54,,Eman,1068,Ethiopia,1003758,,ETB,48,Ethiopian Birr,ETB,,dd/MM/yyyy,2,,,2025-12-10 05:00:00,"#.###,##",DD/MM/YYYY,2025-12-10 17:27:39,2025-12-10 17:27:39,102262,4,,0,,4,English,1003758,,0,0,,1,0,,3,410,(GMT 3:00) GMT+03:00 (Etc/GMT-3),True
3082,@EG@ff860187ce7f392898f85263435c9a39,,Holy Ghost Fathers VTC,1210,Tanzania,1003756,,TZS,152,Tanzanian Shilling,TZS,,dd/MM/yyyy,2,,,2025-12-10 05:00:00,"# ###,##",DD/MM/YYYY,2025-12-10 15:45:12,2025-12-10 15:45:12,102261,4,,0,,4,English,1003756,,0,0,,1,0,,3,394,(GMT 3:00) Eastern African Time (Africa/Addis_Ababa),True
3081,@EG@a377e8f13122a2b4c16ff2ad4331752e,,OASIS SUPERMAKET,1112,Kenya,1003755,,KES,77,Kenyan Shilling,KES,,dd/MM/yyyy,2,,,2025-12-10 05:00:00,"#,###.##",DD/MM/YYYY,2025-12-10 15:30:00,2025-12-10 15:30:00,102260,39,,0,,4,English,1003755,,0,0,,1,0,,3,394,(GMT 3:00) Eastern African Time (Africa/Addis_Ababa),True
3080,@EG@5054cc4ee8f4580eab419888ec546d7c,https://static.kilimax.com/enterprise_3080/company_102259/logo/WhatsApp Image 2025-12-17 at 11.27.38 AM.jpeg,Allan Aquariums,1112,Kenya,1003754,,KES,77,Kenyan Shilling,KES,,dd/MM/yyyy,2,,,2025-12-01 05:00:00,"#,###.##",DD/MM/YYYY,2025-12-10 15:23:42,2025-12-10 15:23:42,102259,34,,0,,4,English,1003754,,0,0,,1,0,,3,394,(GMT 3:00) Eastern African Time (Africa/Addis_Ababa),True
3078,@EG@21e342a47ad414dc991aaf024079fc6e,,pnk motobike stores,1112,Kenya,1003752,,KES,77,Kenyan Shilling,KES,,dd/MM/yyyy,2,,,2025-12-10 05:00:00,"#,###.##",DD/MM/YYYY,2025-12-10 14:40:05,2025-12-10 14:40:05,102258,2,,0,,4,English,1003752,,0,0,,1,0,,3,394,(GMT 3:00) Eastern African Time (Africa/Addis_Ababa),True
3077,@EG@a302d6a8902fdf6da479babdf910fc6a,,beba beba ltd,1112,Kenya,1003751,,KES,77,Kenyan Shilling,KES,,dd/MM/yyyy,2,,,2025-12-10 05:00:00,"#,###.##",DD/MM/YYYY,2025-12-10 14:28:44,2025-12-10 14:28:44,102257,18,,0,,4,English,1003751,,0,0,,1,0,,3,394,(GMT 3:00) Eastern African Time (Africa/Addis_Ababa),True
3074,@EG@aa51dff516a8ef63dad5b6b55a7c2603,,Mohammed Bekele,1068,Ethiopia,1003747,,ETB,48,Ethiopian Birr,ETB,,dd/MM/yyyy,2,,,2025-12-09 05:00:00,"#.###,##",DD/MM/YYYY,2025-12-09 21:54:24,2025-12-09 21:54:24,102256,16,,0,,4,English,1003747,,0,0,,1,0,,3,410,(GMT 3:00) GMT+03:00 (Etc/GMT-3),True
3073,@EG@7ea7e633246734238d8369383dc9d2de,https://static.kilimax.com/enterprise_3073/company_102255/logo/WhatsApp Image 2025-12-09 at 3.50.48 PM.jpeg,Ravora Systems Limited,1112,Kenya,1003746,,KES,77,Kenyan Shilling,KES,,dd/MM/yyyy,2,,,2025-12-01 05:00:00,"#,###.##",DD/MM/YYYY,2025-12-09 21:12:37,2025-12-09 21:12:37,102255,16,,0,,4,English,1003746,,0,0,,1,0,,3,394,(GMT 3:00) Eastern African Time (Africa/Addis_Ababa),True
3072,@EG@f2879e09c9c9ebfeabc30bf052c56fa6,,WRC,1256,South Sudan,1003745,,SSP,137,South Sudanese Pound,SSP,,dd/MM/yyyy,2,,,2025-12-09 05:00:00,"#,###.##",DD/MM/YYYY,2025-12-09 20:09:20,2025-12-09 20:09:20,102254,30,,0,,4,English,1003745,,0,0,,1,0,,3,394,(GMT 3:00) Eastern African Time (Africa/Addis_Ababa),True
3071,@EG@7c883821996ebeff283ab6636cba8526,,S Softwares,1112,Kenya,1003740,,KES,77,Kenyan Shilling,KES,,dd/MM/yyyy,2,,,2025-12-09 05:00:00,"#,###.##",DD/MM/YYYY,2025-12-09 18:25:15,2025-12-09 18:25:15,102253,39,,0,,4,English,1003740,,0,0,,1,0,,3,394,(GMT 3:00) Eastern African Time (Africa/Addis_Ababa),True
3070,@EG@b13583322e9365dc890eb8eb41b4d29b,,Allan Oloo,1112,Kenya,1003739,,KES,77,Kenyan Shilling,KES,,dd/MM/yyyy,2,,,2025-12-09 05:00:00,"#,###.##",DD/MM/YYYY,2025-12-09 18:11:27,2025-12-09 18:11:27,102252,1,,0,,4,English,1003739,,0,0,,1,0,,3,394,(GMT 3:00) Eastern African Time (Africa/Addis_Ababa),True
3069,@EG@c3ce5e6edbf196d6e6147b1c9f22270e,,DAKIM MICROSYSTEMS,1112,Kenya,1003738,,KES,77,Kenyan Shilling,KES,,dd/MM/yyyy,2,,,2025-12-09 05:00:00,"#,###.##",DD/MM/YYYY,2025-12-09 17:36:58,2025-12-09 17:36:58,102251,15,,0,,4,English,1003738,,0,0,,1,0,,3,394,(GMT 3:00) Eastern African Time (Africa/Addis_Ababa),True
3068,@EG@4719def27999288918539b16b55489a9,,Bespoke Aesthetics Suppliers,1112,Kenya,1003737,,KES,77,Kenyan Shilling,KES,,dd/MM/yyyy,2,,,2025-12-09 05:00:00,"#,###.##",DD/MM/YYYY,2025-12-09 16:59:47,2025-12-09 16:59:47,102250,14,,0,,4,English,1003737,,0,0,,1,0,,3,394,(GMT 3:00) Eastern African Time (Africa/Addis_Ababa),True
3067,@EG@fa6fd485f8b26f2e20705e013c9851c8,,Demokay Integrated Services Ltd,1157,Nigeria,1003732,,NGN,109,Nigerian Naira,NGN,,dd/MM/yyyy,2,,,2025-12-09 07:00:00,# ###.##,DD/MM/YYYY,2025-12-09 15:39:49,2025-12-09 15:39:49,102249,15,,0,,4,English,1003732,,0,0,,1,0,,1,314,(GMT 1:00) GMT+01:00 (Etc/GMT-1),True
3066,@EG@e6fcec5c4bd95837b471f95742daa33c,,WORLD SONG LYRICS,1112,Kenya,1003731,,KES,77,Kenyan Shilling,KES,,dd/MM/yyyy,2,,,2025-12-09 05:00:00,"#,###.##",DD/MM/YYYY,2025-12-09 07:38:28,2025-12-09 07:38:28,102248,34,,0,,4,English,1003731,,0,0,,1,0,,3,394,(GMT 3:00) Eastern African Time (Africa/Addis_Ababa),True
3062,@EG@0471fc62c260c2f25575397cec0297c4,,Emmanuel Mutugi,1112,Kenya,1003727,,KES,77,Kenyan Shilling,KES,,dd/MM/yyyy,2,,,2025-12-09 05:00:00,"#,###.##",DD/MM/YYYY,2025-12-09 00:17:08,2025-12-09 00:17:08,102247,5,,0,,4,English,1003727,,0,0,,1,0,,3,394,(GMT 3:00) Eastern African Time (Africa/Addis_Ababa),True
3061,@EG@a2dfef7d53245e587c64deeb39636721,,blvckouteuphoria,1112,Kenya,1003726,,KES,77,Kenyan Shilling,KES,,dd/MM/yyyy,2,,,2025-12-08 05:00:00,"#,###.##",DD/MM/YYYY,2025-12-08 21:49:17,2025-12-08 21:49:17,102245,21,,0,,4,English,1003726,,0,0,,1,0,,3,394,(GMT 3:00) Eastern African Time (Africa/Addis_Ababa),True
3060,@EG@58c167b715d0eea44a2747a29d8dba78,,kimstech Microsystems,1112,Kenya,1003725,,KES,77,Kenyan Shilling,KES,,dd/MM/yyyy,2,,,2025-12-08 05:00:00,"#,###.##",DD/MM/YYYY,2025-12-08 21:41:05,2025-12-08 21:41:05,102244,16,,0,,4,English,1003725,,0,0,,1,0,,3,394,(GMT 3:00) Eastern African Time (Africa/Addis_Ababa),True
3059,@EG@1e2449a07ca80f3ef1ca5cc2bc5e67e9,,FREDRICK LIVESTOCK,1112,Kenya,1003720,,KES,77,Kenyan Shilling,KES,,dd/MM/yyyy,2,,,2025-12-08 05:00:00,"#,###.##",DD/MM/YYYY,2025-12-08 20:24:26,2025-12-08 20:24:26,102243,30,,0,,4,English,1003720,,0,0,,1,0,,3,394,(GMT 3:00) Eastern African Time (Africa/Addis_Ababa),True
3057,@EG@6a06628c28a425f8e3edeb462de2838b,,Spectrum ikotun,1157,Nigeria,1003716,,NGN,109,Nigerian Naira,NGN,,dd/MM/yyyy,2,,,2025-12-08 07:00:00,# ###.##,DD/MM/YYYY,2025-12-08 18:18:14,2025-12-08 18:18:14,102241,34,,0,,4,English,1003716,,0,0,,1,0,,1,314,(GMT 1:00) GMT+01:00 (Etc/GMT-1),True
3056,@EG@fd9f45d409237e0f4bdd8a1be61e9790,,higheratamyuz,1122,Libya,1003714,,LYD,91,Libyan Dinar,LYD,,dd/MM/yyyy,3,,,2025-12-08 06:00:00,"# ###,##",DD/MM/YYYY,2025-12-08 18:01:49,2025-12-08 18:01:49,102240,15,,0,,4,English,1003714,,0,0,,1,0,,2,360,(GMT 2:00) Eastern European Time (Africa/Tripoli),True
3055,@EG@a94b8da04704ce2f6a9a90f56d2ada18,,Unify Technology,1068,Ethiopia,1003712,,ETB,48,Ethiopian Birr,ETB,,dd/MM/yyyy,2,,,2025-12-08 05:00:00,"#.###,##",DD/MM/YYYY,2025-12-08 16:40:48,2025-12-08 16:40:48,102239,16,,0,,4,English,1003712,,0,0,,1,0,,3,410,(GMT 3:00) GMT+03:00 (Etc/GMT-3),True
3054,@EG@9b0dbe2408d6be6ebc4d3a9d813a3599,,Tebu Global,1112,Kenya,1003710,,KES,77,Kenyan Shilling,KES,,dd/MM/yyyy,2,,,2025-12-08 05:00:00,"#,###.##",DD/MM/YYYY,2025-12-08 16:10:58,2025-12-08 16:10:58,102238,3,,0,,4,English,1003710,,0,0,,1,0,,3,394,(GMT 3:00) Eastern African Time (Africa/Addis_Ababa),True
3052,@EG@c800e6aa1919ff71722bcf7c425b65d6,,Manufaa Retail,1112,Kenya,1003708,,KES,77,Kenyan Shilling,KES,,dd/MM/yyyy,2,,,2025-12-08 05:00:00,"#,###.##",DD/MM/YYYY,2025-12-08 15:45:57,2025-12-08 15:45:57,102237,39,,0,,4,English,1003708,,0,0,,1,0,,3,394,(GMT 3:00) Eastern African Time (Africa/Addis_Ababa),True
3051,@EG@3c36a9fc1490d5409a33fb9a2418d45b,,GAGA,1157,Nigeria,1003707,,NGN,109,Nigerian Naira,NGN,,dd/MM/yyyy,2,,,2025-12-01 07:00:00,# ###.##,DD/MM/YYYY,2025-12-08 15:44:41,2025-12-08 15:44:41,102236,1,,0,,4,English,1003707,,0,0,,1,0,,1,314,(GMT 1:00) GMT+01:00 (Etc/GMT-1),True
3050,@EG@ab543988ad176074a9beebad9ca35024,,Joseph peanut butter suppliers,1112,Kenya,1003706,,KES,77,Kenyan Shilling,KES,,dd/MM/yyyy,2,,,2025-12-08 05:00:00,"#,###.##",DD/MM/YYYY,2025-12-08 15:29:38,2025-12-08 15:29:38,102235,30,,0,,4,English,1003706,,0,0,,1,0,,3,394,(GMT 3:00) Eastern African Time (Africa/Addis_Ababa),True
3049,@EG@29a2ed637694488b2d830ae6af46ba4c,,Kelvin Orori,1112,Kenya,1003705,,KES,77,Kenyan Shilling,KES,,dd/MM/yyyy,2,,,2025-12-08 05:00:00,"#,###.##",DD/MM/YYYY,2025-12-08 14:39:18,2025-12-08 14:39:18,102234,21,,0,,4,English,1003705,,0,0,,1,0,,3,394,(GMT 3:00) Eastern African Time (Africa/Addis_Ababa),True
3048,@EG@80db0f2d310eb7ce4fc764fa29de68a5,https://static.kilimax.com/enterprise_3048/company_102233/logo/Screenshot 2025-11-13 181026.png,Beda Musindalo,1112,Kenya,1003704,,KES,77,Kenyan Shilling,KES,,dd/MM/yyyy,2,,,2025-12-01 05:00:00,"#,###.##",DD/MM/YYYY,2025-12-08 14:35:20,2025-12-08 14:35:20,102233,1,,0,,4,English,1003704,,1,0,,1,0,,3,394,(GMT 3:00) Eastern African Time (Africa/Addis_Ababa),True
3047,@EG@282cc5e26492715c11abd15ec5deacff,,Kulthum Limited company,1112,Kenya,1003702,,KES,77,Kenyan Shilling,KES,,dd/MM/yyyy,2,,,2025-12-08 05:00:00,"#,###.##",DD/MM/YYYY,2025-12-08 13:11:08,2025-12-08 13:11:08,102232,34,,0,,4,English,1003702,,0,0,,1,0,,3,394,(GMT 3:00) Eastern African Time (Africa/Addis_Ababa),True
3046,@EG@ebd0845e328795c044323e823437e6d8,,Sarah motors,1112,Kenya,1003701,,KES,77,Kenyan Shilling,KES,,dd/MM/yyyy,2,,,2025-12-08 05:00:00,"#,###.##",DD/MM/YYYY,2025-12-08 04:10:24,2025-12-08 04:10:24,102231,34,,0,,4,English,1003701,,0,0,,1,0,,3,394,(GMT 3:00) Eastern African Time (Africa/Addis_Ababa),True
3044,@EG@538d4cbfb9124983af957ee38788cb9b,,Kevin Wanjohi,1112,Kenya,1003699,,KES,77,Kenyan Shilling,KES,,dd/MM/yyyy,2,,,2025-12-08 05:00:00,"#,###.##",DD/MM/YYYY,2025-12-08 02:38:09,2025-12-08 02:38:09,102230,18,,0,,4,English,1003699,,0,0,,1,0,,3,394,(GMT 3:00) Eastern African Time (Africa/Addis_Ababa),True
3043,@EG@b97eb677b47bbf4d9035a5edaa684619,,Rao jowi,1112,Kenya,1003698,,KES,77,Kenyan Shilling,KES,,dd/MM/yyyy,2,,,2025-12-08 05:00:00,"#,###.##",DD/MM/YYYY,2025-12-08 02:34:10,2025-12-08 02:34:10,102229,16,,0,,4,English,1003698,,0,0,,1,0,,3,394,(GMT 3:00) Eastern African Time (Africa/Addis_Ababa),True
3042,@EG@c7a8a0ff57267b5fa69e166e61f15553,,Jeba Construction PLC,1068,Ethiopia,1003697,,ETB,48,Ethiopian Birr,ETB,,dd/MM/yyyy,2,,,2025-12-08 05:00:00,"#.###,##",DD/MM/YYYY,2025-12-08 02:04:54,2025-12-08 02:04:54,102228,27,,0,,4,English,1003697,,0,0,,1,0,,3,410,(GMT 3:00) GMT+03:00 (Etc/GMT-3),True
3040,@EG@2d4d61abb5e470e4a1bbb3dafc835532,,Newtech Now,1112,Kenya,1003695,,KES,77,Kenyan Shilling,KES,,dd/MM/yyyy,2,,,2025-12-08 05:00:00,"#,###.##",DD/MM/YYYY,2025-12-08 01:05:33,2025-12-08 01:05:33,102227,3,,0,,4,English,1003695,,0,0,,1,0,,3,394,(GMT 3:00) Eastern African Time (Africa/Addis_Ababa),True
3039,@EG@7061298bf47ccc2a0d59a89c844d3335,,STARBLAZE INFORTECH SERVICES,1112,Kenya,1003694,,KES,77,Kenyan Shilling,KES,,dd/MM/yyyy,2,,,2025-12-07 05:00:00,"#,###.##",DD/MM/YYYY,2025-12-07 23:04:50,2025-12-07 23:04:50,102225,15,,0,,4,English,1003694,,0,0,,1,0,,3,394,(GMT 3:00) Eastern African Time (Africa/Addis_Ababa),True
3038,@EG@2f7026e7fa577ab7d76db89092f5cafe,,FRIENEMIES TEC,1221,Uganda,1003693,,UGX,154,Ugandan Shilling,UGX,,dd/MM/yyyy,2,,,2025-12-07 05:00:00,# ###.##,DD/MM/YYYY,2025-12-07 23:05:18,2025-12-07 23:05:18,102226,22,,0,,4,English,1003693,,0,0,,1,0,,3,394,(GMT 3:00) Eastern African Time (Africa/Addis_Ababa),True
3037,@EG@209aa05f5d37f2f6bcfd7f7b05f031ae,,EPSS NBB,1068,Ethiopia,1003692,,ETB,48,Ethiopian Birr,ETB,,dd/MM/yyyy,2,,,2025-12-07 05:00:00,"#.###,##",DD/MM/YYYY,2025-12-07 21:41:28,2025-12-07 21:41:28,102224,6,,0,,4,English,1003692,,0,0,,1,0,,3,410,(GMT 3:00) GMT+03:00 (Etc/GMT-3),True
3036,@EG@ff38c116bccd5b5f264ce736610efc2a,,ZEGA INVESTMENT,1112,Kenya,1003691,,KES,77,Kenyan Shilling,KES,,dd/MM/yyyy,2,,,2025-12-07 05:00:00,"#,###.##",DD/MM/YYYY,2025-12-07 20:47:44,2025-12-07 20:47:44,102223,14,,0,,4,English,1003691,,0,0,,1,0,,3,394,(GMT 3:00) Eastern African Time (Africa/Addis_Ababa),True
3035,@EG@e46cad11f9859e5b56fb912a775a7304,,DISMUS mwirigi,1112,Kenya,1003690,,KES,77,Kenyan Shilling,KES,,dd/MM/yyyy,2,,,2025-12-07 05:00:00,"#,###.##",DD/MM/YYYY,2025-12-07 19:53:48,2025-12-07 19:53:48,102222,16,,0,,4,English,1003690,,0,0,,1,0,,3,394,(GMT 3:00) Eastern African Time (Africa/Addis_Ababa),True
3034,@EG@8d549e176340e45e3308f228cf38dd15,,Lendplus,1112,Kenya,1003689,,KES,77,Kenyan Shilling,KES,,dd/MM/yyyy,2,,,2025-12-07 05:00:00,"#,###.##",DD/MM/YYYY,2025-12-07 19:52:55,2025-12-07 19:52:55,102221,34,,0,,4,English,1003689,,0,0,,1,0,,3,394,(GMT 3:00) Eastern African Time (Africa/Addis_Ababa),True
3033,@EG@aa9edb372c53adc0e7e051b6ff207eae,,Bernard Maina,1112,Kenya,1003688,,KES,77,Kenyan Shilling,KES,,dd/MM/yyyy,2,,,2025-12-07 05:00:00,"#,###.##",DD/MM/YYYY,2025-12-07 18:16:07,2025-12-07 18:16:07,102220,18,,0,,4,English,1003688,,0,0,,1,0,,3,394,(GMT 3:00) Eastern African Time (Africa/Addis_Ababa),True
3032,@EG@eaaf7e82e87ef6d0fd20feb28c940868,,Ocean Muse Glow,1112,Kenya,1003687,,KES,77,Kenyan Shilling,KES,,dd/MM/yyyy,2,,,2025-12-07 05:00:00,"#,###.##",DD/MM/YYYY,2025-12-07 17:23:21,2025-12-07 17:23:21,102219,34,,0,,4,English,1003687,,0,0,,1,0,,3,394,(GMT 3:00) Eastern African Time (Africa/Addis_Ababa),True
3031,@EG@283d2318a3352f50348895c55570764e,,SPARKLER SPICES,1112,Kenya,1003686,,KES,77,Kenyan Shilling,KES,,dd/MM/yyyy,2,,,2025-12-07 05:00:00,"#,###.##",DD/MM/YYYY,2025-12-07 15:15:59,2025-12-07 15:15:59,102218,7,,0,,4,English,1003686,,0,0,,1,0,,3,394,(GMT 3:00) Eastern African Time (Africa/Addis_Ababa),True
3030,@EG@07fb1d3b2c09794e1b239a5dc000a1a0,,salpan softwares,1112,Kenya,1003685,,KES,77,Kenyan Shilling,KES,,dd/MM/yyyy,2,,,2025-12-07 05:00:00,"#,###.##",DD/MM/YYYY,2025-12-07 11:18:55,2025-12-07 11:18:55,102217,16,,0,,4,English,1003685,,0,0,,1,0,,3,394,(GMT 3:00) Eastern African Time (Africa/Addis_Ababa),True
3027,@EG@d9c6a2a5e6fe13f70d8edb84e3d4d6b6,,Skystar,1112,Kenya,1003682,,KES,77,Kenyan Shilling,KES,,dd/MM/yyyy,2,,,2025-12-07 05:00:00,"#,###.##",DD/MM/YYYY,2025-12-07 03:21:44,2025-12-07 03:21:44,102216,21,,0,,4,English,1003682,,0,0,,1,0,,3,394,(GMT 3:00) Eastern African Time (Africa/Addis_Ababa),True
3026,@EG@c6c9a576a8143af1396a35fff200edef,,NYABETA CROCHETS,1112,Kenya,1003681,,KES,77,Kenyan Shilling,KES,,dd/MM/yyyy,2,,,2025-12-07 05:00:00,"#,###.##",DD/MM/YYYY,2025-12-07 01:24:48,2025-12-07 01:24:48,102215,21,,0,,4,English,1003681,,0,0,,1,0,,3,394,(GMT 3:00) Eastern African Time (Africa/Addis_Ababa),True
3025,@EG@e7c96b3172831b68619d1b23fb9a1cf9,,Sheraton villa,1112,Kenya,1003680,,KES,77,Kenyan Shilling,KES,,dd/MM/yyyy,2,,,2025-12-07 05:00:00,"#,###.##",DD/MM/YYYY,2025-12-07 01:01:22,2025-12-07 01:01:22,102214,7,,0,,4,English,1003680,,0,0,,1,0,,3,394,(GMT 3:00) Eastern African Time (Africa/Addis_Ababa),True
3023,@EG@c94039fa4213d8011052252f207d051a,,West valley sugar company,1112,Kenya,1003677,,KES,77,Kenyan Shilling,KES,,dd/MM/yyyy,2,,,2025-12-06 05:00:00,"#,###.##",DD/MM/YYYY,2025-12-06 22:43:03,2025-12-06 22:43:03,102213,7,,0,,4,English,1003677,,0,0,,1,0,,3,394,(GMT 3:00) Eastern African Time (Africa/Addis_Ababa),True
3021,@EG@d9a9bbb8974a29f1f6de168f1fd67096,,Powerfix installer,1112,Kenya,1003673,,KES,77,Kenyan Shilling,KES,,dd/MM/yyyy,2,,,2025-12-06 05:00:00,"#,###.##",DD/MM/YYYY,2025-12-06 18:43:03,2025-12-06 18:43:03,102212,27,,0,,4,English,1003673,,0,0,,1,0,,3,394,(GMT 3:00) Eastern African Time (Africa/Addis_Ababa),True
3020,@EG@9b091583a2bf82cc64a9f995cf85088e,,Jamii chemist bokole,1112,Kenya,1003671,,KES,77,Kenyan Shilling,KES,,dd/MM/yyyy,2,,,2025-12-06 05:00:00,"#,###.##",DD/MM/YYYY,2025-12-06 17:27:55,2025-12-06 17:27:55,102211,10,,0,,4,English,1003671,,0,0,,1,0,,3,394,(GMT 3:00) Eastern African Time (Africa/Addis_Ababa),True
3019,@EG@dafc97d9c407e53dc1637f9fe064fd7d,,Joan's business,1112,Kenya,1003670,,KES,77,Kenyan Shilling,KES,,dd/MM/yyyy,2,,,2025-12-06 05:00:00,"#,###.##",DD/MM/YYYY,2025-12-06 17:03:57,2025-12-06 17:03:57,102210,34,,0,,4,English,1003670,,0,0,,1,0,,3,394,(GMT 3:00) Eastern African Time (Africa/Addis_Ababa),True
3018,@EG@71fee86adb548ffc744e933950b69166,,shavi,1112,Kenya,1003669,,KES,77,Kenyan Shilling,KES,,dd/MM/yyyy,2,,,2025-12-06 05:00:00,"#,###.##",DD/MM/YYYY,2025-12-06 02:38:30,2025-12-06 02:38:30,102209,21,,0,,4,English,1003669,,0,0,,1,0,,3,394,(GMT 3:00) Eastern African Time (Africa/Addis_Ababa),True
3017,@EG@5a7a30042074c8a4e26551554b28f1b4,,Yelsea Anganga,1112,Kenya,1003668,,KES,77,Kenyan Shilling,KES,,dd/MM/yyyy,2,,,2025-12-06 05:00:00,"#,###.##",DD/MM/YYYY,2025-12-06 01:55:42,2025-12-06 01:55:42,102208,34,,0,,4,English,1003668,,0,0,,1,0,,3,394,(GMT 3:00) Eastern African Time (Africa/Addis_Ababa),True
3016,@EG@748fe3fa8bfea8474228f448e06ce224,,Megamall,1112,Kenya,1003667,,KES,77,Kenyan Shilling,KES,,dd/MM/yyyy,2,,,2025-12-06 05:00:00,"#,###.##",DD/MM/YYYY,2025-12-06 01:51:04,2025-12-06 01:51:04,102207,1,,0,,4,English,1003667,,0,0,,1,0,,3,394,(GMT 3:00) Eastern African Time (Africa/Addis_Ababa),True
3015,@EG@36afeb3e7f87151d0a24a536e68b6c85,,harry mbugua,1112,Kenya,1003666,,KES,77,Kenyan Shilling,KES,,dd/MM/yyyy,2,,,2025-12-06 05:00:00,"#,###.##",DD/MM/YYYY,2025-12-06 01:28:19,2025-12-06 01:28:19,102206,2,,0,,4,English,1003666,,0,0,,1,0,,3,394,(GMT 3:00) Eastern African Time (Africa/Addis_Ababa),True
3014,@EG@a2c41e32cec85531f686929e2920255b,,Polsue supplies,1112,Kenya,1003663,,KES,77,Kenyan Shilling,KES,,dd/MM/yyyy,2,,,2025-12-05 05:00:00,"#,###.##",DD/MM/YYYY,2025-12-05 22:33:26,2025-12-05 22:33:26,102205,14,,0,,4,English,1003663,,0,0,,1,0,,3,394,(GMT 3:00) Eastern African Time (Africa/Addis_Ababa),True
3012,@EG@e0abb5d09897f39843f5d6125914b7f9,,Bizlink solution,1112,Kenya,1003660,,KES,77,Kenyan Shilling,KES,,dd/MM/yyyy,2,,,2025-12-05 05:00:00,"#,###.##",DD/MM/YYYY,2025-12-05 19:26:50,2025-12-05 19:26:50,102204,7,,0,,4,English,1003660,,0,0,,1,0,,3,394,(GMT 3:00) Eastern African Time (Africa/Addis_Ababa),True
3010,@EG@276b94b1850588b089351df744cd1892,,Jagritechnologies Ltd,1157,Nigeria,1003658,,NGN,109,Nigerian Naira,NGN,,dd/MM/yyyy,2,,,2025-12-05 07:00:00,# ###.##,DD/MM/YYYY,2025-12-05 18:30:27,2025-12-05 18:30:27,102203,30,,0,,4,English,1003658,,0,0,,1,0,,1,314,(GMT 1:00) GMT+01:00 (Etc/GMT-1),True
3008,@EG@e4779169553761046d36739aa59ca003,,Mkopa,1112,Kenya,1003654,,KES,77,Kenyan Shilling,KES,,dd/MM/yyyy,2,,,2025-12-05 05:00:00,"#,###.##",DD/MM/YYYY,2025-12-05 18:20:26,2025-12-05 18:20:26,102202,1,,0,,4,English,1003654,,0,0,,1,0,,3,394,(GMT 3:00) Eastern African Time (Africa/Addis_Ababa),True
3006,@EG@a95155e300ec3af14ec507a011b092b8,,Spectrum innovation,1157,Nigeria,1003652,,NGN,109,Nigerian Naira,NGN,,dd/MM/yyyy,2,,,2025-12-05 07:00:00,# ###.##,DD/MM/YYYY,2025-12-05 17:52:51,2025-12-05 17:52:51,102201,39,,0,,4,English,1003652,,0,0,,1,0,,1,314,(GMT 1:00) GMT+01:00 (Etc/GMT-1),True
3005,@EG@f9473ea30696f2cf0e0dac728e251d7b,,spectrum innovation technologies limited,1157,Nigeria,1003651,,NGN,109,Nigerian Naira,NGN,,dd/MM/yyyy,2,,,2025-12-05 07:00:00,# ###.##,DD/MM/YYYY,2025-12-05 17:50:19,2025-12-05 17:50:19,102200,16,,0,,4,English,1003651,,0,0,,1,0,,1,314,(GMT 1:00) GMT+01:00 (Etc/GMT-1),True
3003,@EG@1d4834ebe544da825215c6d9449255b3,,Cyberto 254,1112,Kenya,1003649,,KES,77,Kenyan Shilling,KES,,dd/MM/yyyy,2,,,2025-12-05 05:00:00,"#,###.##",DD/MM/YYYY,2025-12-05 17:24:02,2025-12-05 17:24:02,102199,2,,0,,4,English,1003649,,0,0,,1,0,,3,394,(GMT 3:00) Eastern African Time (Africa/Addis_Ababa),True
3002,@EG@0b624241180275674cea156d27f5103d,,Technology Quest,1112,Kenya,1003648,,KES,77,Kenyan Shilling,KES,,dd/MM/yyyy,2,,,2025-12-05 05:00:00,"#,###.##",DD/MM/YYYY,2025-12-05 16:44:15,2025-12-05 16:44:15,102198,16,,0,,4,English,1003648,,0,0,,1,0,,3,394,(GMT 3:00) Eastern African Time (Africa/Addis_Ababa),True
3001,@EG@b775491c52ba5f0f9c6cf892ad89c051,,DJ-Test,1096,Hong Kong,1003647,,HKD,61,Hong Kong Dollar,HK$,,dd/MM/yyyy,2,,,2025-12-01 00:00:00,"#.###,##",DD/MM/YYYY,2025-12-05 16:24:53,2025-12-05 16:24:53,102197,30,,0,,4,English,1003647,,0,0,,1,0,,8,488,(GMT 8:00) Hong Kong Time (Asia/Hong_Kong),True
3000,@EG@4f69beead34ec2e6611b93c7909aaa25,,K-mart supermarket,1112,Kenya,1003646,,KES,77,Kenyan Shilling,KES,,dd/MM/yyyy,2,,,2025-12-05 05:00:00,"#,###.##",DD/MM/YYYY,2025-12-05 16:08:51,2025-12-05 16:08:51,102196,6,,0,,4,English,1003646,,0,0,,1,0,,3,394,(GMT 3:00) Eastern African Time (Africa/Addis_Ababa),True
2999,@EG@575054ff6238e2a7f861bb82ac2b31a4,,Radelle beauty shop,1112,Kenya,1003644,,KES,77,Kenyan Shilling,KES,,dd/MM/yyyy,2,,,2025-12-05 05:00:00,"#,###.##",DD/MM/YYYY,2025-12-05 14:54:57,2025-12-05 14:54:57,102195,35,,0,,4,English,1003644,,0,0,,1,0,,3,394,(GMT 3:00) Eastern African Time (Africa/Addis_Ababa),True
2998,@EG@4276fc1774b516336c3f6a7569964d6e,,Splendent Writer,1112,Kenya,1003643,,KES,77,Kenyan Shilling,KES,,dd/MM/yyyy,2,,,2025-12-05 05:00:00,"#,###.##",DD/MM/YYYY,2025-12-05 01:01:59,2025-12-05 01:01:59,102194,2,,0,,4,English,1003643,,0,0,,1,0,,3,394,(GMT 3:00) Eastern African Time (Africa/Addis_Ababa),True
2997,@EG@d412a95b6bb86782996addcc202d21ff,,KWABOI,1112,Kenya,1003642,,KES,77,Kenyan Shilling,KES,,dd/MM/yyyy,2,,,2025-12-04 05:00:00,"#,###.##",DD/MM/YYYY,2025-12-04 22:44:11,2025-12-04 22:44:11,102193,39,,0,,4,English,1003642,,0,0,,1,0,,3,394,(GMT 3:00) Eastern African Time (Africa/Addis_Ababa),True
2996,@EG@348bb82cf35be040fe542c5e7f7127d6,,Test 123,1112,Kenya,1003641,,KES,77,Kenyan Shilling,KES,,dd/MM/yyyy,2,,,2025-12-04 05:00:00,"#,###.##",DD/MM/YYYY,2025-12-04 19:49:33,2025-12-04 19:49:33,102192,3,,0,,4,English,1003641,,0,0,,1,0,,3,394,(GMT 3:00) Eastern African Time (Africa/Addis_Ababa),True
2994,@EG@6ed8d5ddf6d6e323b90ca527bd64a0e5,,Pemwa enterprise toys,1112,Kenya,1003639,,KES,77,Kenyan Shilling,KES,,dd/MM/yyyy,2,,,2025-12-04 05:00:00,"#,###.##",DD/MM/YYYY,2025-12-04 17:08:06,2025-12-04 17:08:06,102191,39,,0,,4,English,1003639,,0,0,,1,0,,3,394,(GMT 3:00) Eastern African Time (Africa/Addis_Ababa),True
2993,@EG@6d40edc243c95f76a1fd8977d8d65f32,,K shop,1112,Kenya,1003638,,KES,77,Kenyan Shilling,KES,,dd/MM/yyyy,2,,,2025-12-04 05:00:00,"#,###.##",DD/MM/YYYY,2025-12-04 17:00:03,2025-12-04 17:00:03,102190,14,,0,,4,English,1003638,,0,0,,1,0,,3,394,(GMT 3:00) Eastern African Time (Africa/Addis_Ababa),True
2992,@EG@651ba8e93261a3943ab5d8c152c1c696,,tembotankltd tembotankltd,1112,Kenya,1003636,,KES,77,Kenyan Shilling,KES,,dd/MM/yyyy,2,,,2025-12-04 05:00:00,"#,###.##",DD/MM/YYYY,2025-12-04 16:18:16,2025-12-04 16:18:16,102189,32,,0,,4,English,1003636,,0,0,,1,0,,3,394,(GMT 3:00) Eastern African Time (Africa/Addis_Ababa),True
2991,@EG@f37c91eb78fb44c08af52819d663add5,,CYLACON,1179,Rwanda,1003634,,RWF,126,Rwandan Franc,RWF,,dd/MM/yyyy,2,,,2025-12-04 06:00:00,"#,###.##",DD/MM/YYYY,2025-12-04 15:40:04,2025-12-04 15:40:04,102188,16,,0,,4,English,1003634,,0,0,,1,0,,2,372,(GMT 2:00) GMT+02:00 (Etc/GMT-2),True
2990,@EG@fdb661abf7ae5ac739be71af891adc8d,,Celebration,1112,Kenya,1003633,,KES,77,Kenyan Shilling,KES,,dd/MM/yyyy,2,,,2025-12-04 05:00:00,"#,###.##",DD/MM/YYYY,2025-12-04 15:30:38,2025-12-04 15:30:38,102187,7,,0,,4,English,1003633,,0,0,,1,0,,3,394,(GMT 3:00) Eastern African Time (Africa/Addis_Ababa),True
2989,@EG@66e4564f104676dbae50405e017f7d43,,adaptconsult,1112,Kenya,1003632,,KES,77,Kenyan Shilling,KES,,dd/MM/yyyy,2,,,2025-12-04 05:00:00,"#,###.##",DD/MM/YYYY,2025-12-04 14:59:27,2025-12-04 14:59:27,102186,3,,0,,4,English,1003632,,0,0,,1,0,,3,394,(GMT 3:00) Eastern African Time (Africa/Addis_Ababa),True
2988,@EG@de966409a42bd378bcd41aa348878453,,Lemma09,1073,France,1003631,,EUR,49,Euro,€,,dd/MM/yyyy,2,,,2025-12-04 07:00:00,# ###.##,DD/MM/YYYY,2025-12-04 13:42:19,2025-12-04 13:42:19,102185,4,,0,,4,English,1003631,,0,0,,1,0,,1,295,(GMT 1:00) Central European Time (Africa/Algiers),True
2987,@EG@d8e6919aa36a559a86094926d8ae8da8,,Kanty_.k3sh,1112,Kenya,1003630,,KES,77,Kenyan Shilling,KES,,dd/MM/yyyy,2,,,2025-12-04 05:00:00,"#,###.##",DD/MM/YYYY,2025-12-04 12:57:57,2025-12-04 12:57:57,102184,35,,0,,4,English,1003630,,0,0,,1,0,,3,394,(GMT 3:00) Eastern African Time (Africa/Addis_Ababa),True
2986,@EG@37dabb8f6347ab9ba4c1c2c1305dc02c,,Olivoria organics,1112,Kenya,1003629,,KES,77,Kenyan Shilling,KES,,dd/MM/yyyy,2,,,2025-12-04 05:00:00,"#,###.##",DD/MM/YYYY,2025-12-04 12:25:51,2025-12-04 12:25:51,102183,14,,0,,4,English,1003629,,0,0,,1,0,,3,394,(GMT 3:00) Eastern African Time (Africa/Addis_Ababa),True
2985,@EG@971878098242126ef7bbf97a3395995d,,Shoes company,1112,Kenya,1003628,,KES,77,Kenyan Shilling,KES,,dd/MM/yyyy,2,,,2025-12-04 05:00:00,"#,###.##",DD/MM/YYYY,2025-12-04 10:03:11,2025-12-04 10:03:11,102182,1,,0,,4,English,1003628,,0,0,,1,0,,3,394,(GMT 3:00) Eastern African Time (Africa/Addis_Ababa),True
2984,@EG@39f69422e7521383e57f2482152b0a7b,,Reina,1112,Kenya,1003627,,KES,77,Kenyan Shilling,KES,,dd/MM/yyyy,2,,,2025-12-04 05:00:00,"#,###.##",DD/MM/YYYY,2025-12-04 06:50:39,2025-12-04 06:50:39,102181,1,,0,,4,English,1003627,,0,0,,1,0,,3,394,(GMT 3:00) Eastern African Time (Africa/Addis_Ababa),True
2983,@EG@341e19029f2c4fe2f9353732aa355c7e,,Infinine,1112,Kenya,1003626,,KES,77,Kenyan Shilling,KES,,dd/MM/yyyy,2,,,2025-12-04 05:00:00,"#,###.##",DD/MM/YYYY,2025-12-04 06:40:32,2025-12-04 06:40:32,102180,16,,0,,4,English,1003626,,0,0,,1,0,,3,394,(GMT 3:00) Eastern African Time (Africa/Addis_Ababa),True
2982,@EG@ba6c1c41782b1fd4a484ecd1a8f7128f,,eden softwares Tech,1112,Kenya,1003625,,KES,77,Kenyan Shilling,KES,,dd/MM/yyyy,2,,,2025-12-04 05:00:00,"#,###.##",DD/MM/YYYY,2025-12-04 02:54:23,2025-12-04 02:54:23,102179,34,,0,,4,English,1003625,,0,0,,1,0,,3,394,(GMT 3:00) Eastern African Time (Africa/Addis_Ababa),True
2981,@EG@063cdbbc486e646a68641fed251aea87,,@mashahclassichaven,1112,Kenya,1003624,,KES,77,Kenyan Shilling,KES,,dd/MM/yyyy,2,,,2025-12-04 05:00:00,"#,###.##",DD/MM/YYYY,2025-12-04 01:56:41,2025-12-04 01:56:41,102178,35,,0,,4,English,1003624,,0,0,,1,0,,3,394,(GMT 3:00) Eastern African Time (Africa/Addis_Ababa),True
2980,@EG@0c1e9b12611d60e4104cfe328be51264,,Chris Ochen,1221,Uganda,1003623,,UGX,154,Ugandan Shilling,UGX,,dd/MM/yyyy,2,,,2025-12-04 05:00:00,# ###.##,DD/MM/YYYY,2025-12-04 00:50:18,2025-12-04 00:50:18,102177,18,,0,,4,English,1003623,,0,0,,1,0,,3,394,(GMT 3:00) Eastern African Time (Africa/Addis_Ababa),True
2979,@EG@f9bac62ab4d969164e86171514bcc033,,Favourcomp Enterprise,1112,Kenya,1003622,,KES,77,Kenyan Shilling,KES,,dd/MM/yyyy,2,,,2025-12-04 05:00:00,"#,###.##",DD/MM/YYYY,2025-12-04 00:35:55,2025-12-04 00:35:55,102176,22,,0,,4,English,1003622,,0,0,,1,0,,3,394,(GMT 3:00) Eastern African Time (Africa/Addis_Ababa),True
2978,@EG@57264155ff82dfcbb6e6c300b26a4ce7,,Aspax House Plans,1112,Kenya,1003621,,KES,77,Kenyan Shilling,KES,,dd/MM/yyyy,2,,,2025-12-03 05:00:00,"#,###.##",DD/MM/YYYY,2025-12-03 22:39:44,2025-12-03 22:39:44,102175,34,,0,,4,English,1003621,,0,0,,1,0,,3,394,(GMT 3:00) Eastern African Time (Africa/Addis_Ababa),True
2977,@EG@2667c7df2702c1031a0254c5c9ac7d78,,Hazel,1221,Uganda,1003620,,UGX,154,Ugandan Shilling,UGX,,dd/MM/yyyy,2,,,2025-12-03 05:00:00,# ###.##,DD/MM/YYYY,2025-12-03 21:29:32,2025-12-03 21:29:32,102174,14,,0,,4,English,1003620,,0,0,,1,0,,3,394,(GMT 3:00) Eastern African Time (Africa/Addis_Ababa),True
2976,@EG@0cb5d16c1007e5fbccb63e40e26efd3e,,Zubery Tragez,1210,Tanzania,1003618,,TZS,152,Tanzanian Shilling,TZS,,dd/MM/yyyy,2,,,2025-12-03 05:00:00,"# ###,##",DD/MM/YYYY,2025-12-03 20:02:32,2025-12-03 20:02:32,102173,2,,0,,4,English,1003618,,0,0,,1,0,,3,394,(GMT 3:00) Eastern African Time (Africa/Addis_Ababa),True
2975,@EG@66a8df13f5a8151dd7517ba2b680ddfe,,auricare merchants,1221,Uganda,1003616,,UGX,154,Ugandan Shilling,UGX,,dd/MM/yyyy,2,,,2025-12-03 05:00:00,# ###.##,DD/MM/YYYY,2025-12-03 19:00:08,2025-12-03 19:00:08,102172,30,,0,,4,English,1003616,,0,0,,1,0,,3,394,(GMT 3:00) Eastern African Time (Africa/Addis_Ababa),True
2973,@EG@cc45aa35b8003a96233671680c6b0b8e,,WEP  GLOW BEAUTY PALOUR,1112,Kenya,1003610,,KES,77,Kenyan Shilling,KES,,dd/MM/yyyy,2,,,2025-12-03 05:00:00,"#,###.##",DD/MM/YYYY,2025-12-03 16:03:29,2025-12-03 16:03:29,102171,35,,0,,4,English,1003610,,0,0,,1,0,,3,394,(GMT 3:00) Eastern African Time (Africa/Addis_Ababa),True
2971,@EG@aed89c893f29aa42d5ac90cebbf5d8b8,,SOMTEL,1195,Somalia,1003603,,SOS,135,Somali Shilling,S,,dd/MM/yyyy,2,,,2025-12-03 05:00:00,"#,###.##",DD/MM/YYYY,2025-12-03 09:08:47,2025-12-03 09:08:47,102170,34,,0,,4,English,1003603,,0,0,,1,0,,3,410,(GMT 3:00) GMT+03:00 (Etc/GMT-3),True
2970,@EG@ded29b8d056d356c0e2f16fae731ba29,,Michael Mutinda,1112,Kenya,1003602,,KES,77,Kenyan Shilling,KES,,dd/MM/yyyy,2,,,2025-12-03 05:00:00,"#,###.##",DD/MM/YYYY,2025-12-03 05:28:00,2025-12-03 05:28:00,102169,33,,0,,4,English,1003602,,0,0,,1,0,,3,394,(GMT 3:00) Eastern African Time (Africa/Addis_Ababa),True
2969,@EG@2cd0968bd177d9182077da38a6396a59,,Stephens healthcare point,1221,Uganda,1003601,,UGX,154,Ugandan Shilling,UGX,,dd/MM/yyyy,2,,,2025-12-02 05:00:00,# ###.##,DD/MM/YYYY,2025-12-02 22:40:37,2025-12-02 22:40:37,102168,10,,0,,4,English,1003601,,0,0,,1,0,,3,394,(GMT 3:00) Eastern African Time (Africa/Addis_Ababa),True
2968,@EG@ade8c4c32de9863da2750929676ee563,,Benjamin Etoju,1223,United Kingdom,1003600,,GBP,52,Pound Sterling,£,,dd/MM/yyyy,2,,,2025-12-02 08:00:00,"#,###.##",DD/MM/YYYY,2025-12-02 22:13:17,2025-12-02 22:13:17,102167,22,,0,,4,English,1003600,,0,0,,1,0,,0,244,(GMT 0:00) Greenwich Mean Time (Africa/Abidjan),True
2967,@EG@e3c23c960dd605db8a032a44a2f2af0e,,victor enterprice,1112,Kenya,1003599,,KES,77,Kenyan Shilling,KES,,dd/MM/yyyy,2,,,2025-12-02 05:00:00,"#,###.##",DD/MM/YYYY,2025-12-02 21:45:13,2025-12-02 21:45:13,102166,37,,0,,4,English,1003599,,0,0,,1,0,,3,394,(GMT 3:00) Eastern African Time (Africa/Addis_Ababa),True
2966,@EG@fa6a908f4178a03b5e1a961d16dc509e,,Simo brand and mtumba shoes,1112,Kenya,1003598,,KES,77,Kenyan Shilling,KES,,dd/MM/yyyy,2,,,2025-12-02 05:00:00,"#,###.##",DD/MM/YYYY,2025-12-02 20:39:07,2025-12-02 20:39:07,102165,1,,0,,4,English,1003598,,0,0,,1,0,,3,394,(GMT 3:00) Eastern African Time (Africa/Addis_Ababa),True
2965,@EG@91eef9e3303e8c37f7e8951418ecae92,,Pette M.,1112,Kenya,1003597,,KES,77,Kenyan Shilling,KES,,dd/MM/yyyy,2,,,2025-12-02 05:00:00,"#,###.##",DD/MM/YYYY,2025-12-02 18:40:12,2025-12-02 18:40:12,102164,1,,0,,4,English,1003597,,0,0,,1,0,,3,394,(GMT 3:00) Eastern African Time (Africa/Addis_Ababa),True
2963,@EG@f909c552f73e7ed771c69d14db072198,,huiting du,1096,Hong Kong,1003595,,HKD,61,Hong Kong Dollar,HK$,,dd/MM/yyyy,2,,,2025-12-02 00:00:00,"#.###,##",DD/MM/YYYY,2025-12-02 10:27:05,2025-12-02 10:27:05,102161,35,,0,,4,English,1003595,,0,0,,1,0,,8,488,(GMT 8:00) Hong Kong Time (Asia/Hong_Kong),True
2962,@EG@4e70a811b0c1a67c7a0a9c4397dd50cb,,Village Masters,1112,Kenya,1003588,,KES,77,Kenyan Shilling,KES,,dd/MM/yyyy,2,,,2025-12-01 05:00:00,"#,###.##",DD/MM/YYYY,2025-12-01 19:51:58,2025-12-01 19:51:58,102159,39,,0,,4,English,1003588,,0,0,,1,0,,3,394,(GMT 3:00) Eastern African Time (Africa/Addis_Ababa),True
2961,@EG@d73db3a07c92258b4a99a946be6a560f,https://static.kilimax.com/enterprise_2961/company_102158/logo/logo (1).png,Aster Limited,1112,Kenya,1003583,,KES,77,Kenyan Shilling,KES,,dd/MM/yyyy,2,,,2025-12-01 05:00:00,"#,###.##",DD/MM/YYYY,2025-12-01 17:28:44,2025-12-01 17:28:44,102158,15,,0,,4,English,1003583,,0,0,,1,0,,3,394,(GMT 3:00) Eastern African Time (Africa/Addis_Ababa),True
2960,@EG@aef88a638acdc76a44fd294c7c9e1612,,Scapetech Solutions,1112,Kenya,1003582,,KES,77,Kenyan Shilling,KES,,dd/MM/yyyy,2,,,2025-12-01 05:00:00,"#,###.##",DD/MM/YYYY,2025-12-01 02:38:48,2025-12-01 02:38:48,102157,34,,0,,4,English,1003582,,0,0,,1,0,,3,394,(GMT 3:00) Eastern African Time (Africa/Addis_Ababa),True
2959,@EG@913e7b9862ae00c9a518be1fc3fe587b,,Kenmath,1112,Kenya,1003581,,KES,77,Kenyan Shilling,KES,,dd/MM/yyyy,2,,,2025-11-30 05:00:00,"#,###.##",DD/MM/YYYY,2025-11-30 23:58:17,2025-11-30 23:58:17,102156,1,,0,,4,English,1003581,,0,0,,1,0,,3,394,(GMT 3:00) Eastern African Time (Africa/Addis_Ababa),True
2958,@EG@40740b06932a33ef32441f4586622b1f,,SOFTCOMKENYA LTD,1112,Kenya,1003580,,KES,77,Kenyan Shilling,KES,,dd/MM/yyyy,2,,,2025-11-30 05:00:00,"#,###.##",DD/MM/YYYY,2025-11-30 23:32:25,2025-11-30 23:32:25,102155,34,,0,,4,English,1003580,,0,0,,1,0,,3,394,(GMT 3:00) Eastern African Time (Africa/Addis_Ababa),True
2957,@EG@e022658f0e23962cd5e1dfb364375a8e,,lucychero,1112,Kenya,1003579,,KES,77,Kenyan Shilling,KES,,dd/MM/yyyy,2,,,2025-11-30 05:00:00,"#,###.##",DD/MM/YYYY,2025-11-30 22:48:23,2025-11-30 22:48:23,102154,1,,0,,4,English,1003579,,0,0,,1,0,,3,394,(GMT 3:00) Eastern African Time (Africa/Addis_Ababa),True
2956,@EG@87fb28948cb8df322576cf4896c78071,,Jash general store,1112,Kenya,1003578,,KES,77,Kenyan Shilling,KES,,dd/MM/yyyy,2,,,2025-11-30 05:00:00,"#,###.##",DD/MM/YYYY,2025-11-30 22:23:16,2025-11-30 22:23:16,102153,7,,0,,4,English,1003578,,0,0,,1,0,,3,394,(GMT 3:00) Eastern African Time (Africa/Addis_Ababa),True
2955,@EG@d1abfdc6c899e0a9265639540773c93f,,AREN TECHNOLOGIES,1112,Kenya,1003577,,KES,77,Kenyan Shilling,KES,,dd/MM/yyyy,2,,,2025-11-30 05:00:00,"#,###.##",DD/MM/YYYY,2025-11-30 21:52:19,2025-11-30 21:52:19,102152,32,,0,,4,English,1003577,,0,0,,1,0,,3,394,(GMT 3:00) Eastern African Time (Africa/Addis_Ababa),True
2954,@EG@f8a53e14d50102d8e4813a29bbe4c0cb,,CHALKO AGROVET,1112,Kenya,1003576,,KES,77,Kenyan Shilling,KES,,dd/MM/yyyy,2,,,2025-11-30 05:00:00,"#,###.##",DD/MM/YYYY,2025-11-30 19:55:00,2025-11-30 19:55:00,102151,30,,0,,4,English,1003576,,0,0,,1,0,,3,394,(GMT 3:00) Eastern African Time (Africa/Addis_Ababa),True
2953,@EG@4d516f084b72b51bca306961fd19e1a2,,SMARTLINK CYBER,1112,Kenya,1003575,,KES,77,Kenyan Shilling,KES,,dd/MM/yyyy,2,,,2025-11-30 05:00:00,"#,###.##",DD/MM/YYYY,2025-11-30 17:58:36,2025-11-30 17:58:36,102150,16,,0,,4,English,1003575,,0,0,,1,0,,3,394,(GMT 3:00) Eastern African Time (Africa/Addis_Ababa),True
2951,@EG@f0e2372ac167af58b72c64f78c86086b,,kip kip,1112,Kenya,1003573,,KES,77,Kenyan Shilling,KES,,dd/MM/yyyy,2,,,2025-11-30 05:00:00,"#,###.##",DD/MM/YYYY,2025-11-30 17:01:33,2025-11-30 17:01:33,102149,21,,0,,4,English,1003573,,0,0,,1,0,,3,394,(GMT 3:00) Eastern African Time (Africa/Addis_Ababa),True
2950,@EG@57ada2cfc03bcf7d1f43953f39958d5b,,Keen Optics Ltd,1112,Kenya,1003572,,KES,77,Kenyan Shilling,KES,,dd/MM/yyyy,2,,,2025-11-30 05:00:00,"#,###.##",DD/MM/YYYY,2025-11-30 16:24:38,2025-11-30 16:24:38,102148,10,,0,,4,English,1003572,,0,0,,1,0,,3,394,(GMT 3:00) Eastern African Time (Africa/Addis_Ababa),True
2949,@EG@84817f914f5cb9ae13408cb3f1653e74,,Panthera  Enterprise,1112,Kenya,1003571,,KES,77,Kenyan Shilling,KES,,dd/MM/yyyy,2,,,2025-11-30 05:00:00,"#,###.##",DD/MM/YYYY,2025-11-30 16:07:28,2025-11-30 16:07:28,102147,6,,0,,4,English,1003571,,0,0,,1,0,,3,394,(GMT 3:00) Eastern African Time (Africa/Addis_Ababa),True
2948,@EG@135e1245dad6942e17be6030c96bbc8c,,EGANGATH SELF HELP GROUP,1112,Kenya,1003570,,KES,77,Kenyan Shilling,KES,,dd/MM/yyyy,2,,,2025-11-30 05:00:00,"#,###.##",DD/MM/YYYY,2025-11-30 07:47:18,2025-11-30 07:47:18,102145,7,,0,,4,English,1003570,,0,0,,1,0,,3,394,(GMT 3:00) Eastern African Time (Africa/Addis_Ababa),True
2947,@EG@01cd9f5a1b932d72b40cc6321e2de36e,,Erick Rotich,1112,Kenya,1003569,,KES,77,Kenyan Shilling,KES,,dd/MM/yyyy,2,,,2025-11-30 05:00:00,"#,###.##",DD/MM/YYYY,2025-11-30 07:24:41,2025-11-30 07:24:41,102144,3,,0,,4,English,1003569,,0,0,,1,0,,3,394,(GMT 3:00) Eastern African Time (Africa/Addis_Ababa),True
2946,@EG@0d9a67cc1d3d6cc67ef0c9509d0c384d,,shaahid hotel,1068,Ethiopia,1003568,,ETB,48,Ethiopian Birr,ETB,,dd/MM/yyyy,2,,,2025-11-30 05:00:00,"#.###,##",DD/MM/YYYY,2025-11-30 03:34:01,2025-11-30 03:34:01,102143,1,,0,,4,English,1003568,,0,0,,1,0,,3,410,(GMT 3:00) GMT+03:00 (Etc/GMT-3),True
2945,@EG@add5301f4fa67f3ec50fff98658b3de3,,empire tech,1112,Kenya,1003567,,KES,77,Kenyan Shilling,KES,,dd/MM/yyyy,2,,,2025-11-30 05:00:00,"#,###.##",DD/MM/YYYY,2025-11-30 01:07:44,2025-11-30 01:07:44,102142,1,,0,,4,English,1003567,,0,0,,1,0,,3,394,(GMT 3:00) Eastern African Time (Africa/Addis_Ababa),True
2944,@EG@6967641de964c69b67c09d7910dbb8a3,,Beauty shop,1112,Kenya,1003566,,KES,77,Kenyan Shilling,KES,,dd/MM/yyyy,2,,,2025-11-30 05:00:00,"#,###.##",DD/MM/YYYY,2025-11-30 00:36:44,2025-11-30 00:36:44,102141,14,,0,,4,English,1003566,,0,0,,1,0,,3,394,(GMT 3:00) Eastern African Time (Africa/Addis_Ababa),True
2941,@EG@cc4237a24765461ddb48deb8f87cca0d,,EBBSA LTD,1112,Kenya,1003563,,KES,77,Kenyan Shilling,KES,,dd/MM/yyyy,2,,,2025-11-29 05:00:00,"#,###.##",DD/MM/YYYY,2025-11-29 21:23:19,2025-11-29 21:23:19,102140,15,,0,,4,English,1003563,,0,0,,1,0,,3,394,(GMT 3:00) Eastern African Time (Africa/Addis_Ababa),True
2939,@EG@f8fd4e0c20c83af858e0ac93579dc5eb,,Jid's beauty and cosmetics,1112,Kenya,1003561,,KES,77,Kenyan Shilling,KES,,dd/MM/yyyy,2,,,2025-11-29 05:00:00,"#,###.##",DD/MM/YYYY,2025-11-29 20:46:07,2025-11-29 20:46:07,102139,35,,0,,4,English,1003561,,0,0,,1,0,,3,394,(GMT 3:00) Eastern African Time (Africa/Addis_Ababa),True
2937,@EG@c8b5c11d4c91719043e1ffae932eeaad,,Sherif,1112,Kenya,1003559,,KES,77,Kenyan Shilling,KES,,dd/MM/yyyy,2,,,2025-11-29 05:00:00,"#,###.##",DD/MM/YYYY,2025-11-29 16:58:41,2025-11-29 16:58:41,102138,30,,0,,4,English,1003559,,0,0,,1,0,,3,394,(GMT 3:00) Eastern African Time (Africa/Addis_Ababa),True
2935,@EG@481858b757b2a6d9e91aff2199635ef8,,n/l,1112,Kenya,1003557,,KES,77,Kenyan Shilling,KES,,dd/MM/yyyy,2,,,2025-11-29 05:00:00,"#,###.##",DD/MM/YYYY,2025-11-29 15:55:35,2025-11-29 15:55:35,102137,22,,0,,4,English,1003557,,0,0,,1,0,,3,394,(GMT 3:00) Eastern African Time (Africa/Addis_Ababa),True
2934,@EG@c7df1f1c8f123d3ec9e7d8f9152b8e54,,GEOSTAR ACCOUNTING&KRA ASSOCIATION PLC,1112,Kenya,1003556,,KES,77,Kenyan Shilling,KES,,dd/MM/yyyy,2,,,2025-11-29 05:00:00,"#,###.##",DD/MM/YYYY,2025-11-29 15:06:10,2025-11-29 15:06:10,102136,15,,0,,4,English,1003556,,0,0,,1,0,,3,394,(GMT 3:00) Eastern African Time (Africa/Addis_Ababa),True
2932,@EG@69f1a8b3d093d3e9ab57d3e22805f577,,TEZ SCHOOL,1112,Kenya,1003554,,KES,77,Kenyan Shilling,KES,,dd/MM/yyyy,2,,,2025-11-29 05:00:00,"#,###.##",DD/MM/YYYY,2025-11-29 00:52:20,2025-11-29 00:52:20,102135,4,,0,,4,English,1003554,,0,0,,1,0,,3,394,(GMT 3:00) Eastern African Time (Africa/Addis_Ababa),True
2931,@EG@b0ba6e854ebaeaeaa636c39b0534419d,,Crystal Delites,1112,Kenya,1003553,,KES,77,Kenyan Shilling,KES,,dd/MM/yyyy,2,,,2025-11-29 05:00:00,"#,###.##",DD/MM/YYYY,2025-11-29 00:41:21,2025-11-29 00:41:21,102134,7,,0,,4,English,1003553,,0,0,,1,0,,3,394,(GMT 3:00) Eastern African Time (Africa/Addis_Ababa),True
2930,@EG@3f8420ecc9a6e4e59e3aa264b5bbd6ee,,Kagara Ndungu,1112,Kenya,1003552,,KES,77,Kenyan Shilling,KES,,dd/MM/yyyy,2,,,2025-11-29 05:00:00,"#,###.##",DD/MM/YYYY,2025-11-29 00:29:40,2025-11-29 00:29:40,102133,35,,0,,4,English,1003552,,0,0,,1,0,,3,394,(GMT 3:00) Eastern African Time (Africa/Addis_Ababa),True
2928,@EG@c27688da854acb515e03bd67b6116d70,,skybird services ltd,1112,Kenya,1003550,,KES,77,Kenyan Shilling,KES,,dd/MM/yyyy,2,,,2025-11-28 05:00:00,"#,###.##",DD/MM/YYYY,2025-11-28 20:57:19,2025-11-28 20:57:19,102131,39,,0,,4,English,1003550,,0,0,,1,0,,3,394,(GMT 3:00) Eastern African Time (Africa/Addis_Ababa),True
2927,@EG@a886e2a973f2682c11d642d5cf1d9f56,,TABASAMU PRINTING SERVICES,1112,Kenya,1003549,,KES,77,Kenyan Shilling,KES,,dd/MM/yyyy,2,,,2025-11-28 05:00:00,"#,###.##",DD/MM/YYYY,2025-11-28 19:07:55,2025-11-28 19:07:55,102130,16,,0,,4,English,1003549,,0,0,,1,0,,3,394,(GMT 3:00) Eastern African Time (Africa/Addis_Ababa),True
2925,@EG@b850563cbf0baf3490c2be6f17d328e2,,mungai hospital enterprice,1112,Kenya,1003547,,KES,77,Kenyan Shilling,KES,,dd/MM/yyyy,2,,,2025-11-28 05:00:00,"#,###.##",DD/MM/YYYY,2025-11-28 17:14:33,2025-11-28 17:14:33,102120,10,,0,,4,English,1003547,,0,0,,1,0,,3,394,(GMT 3:00) Eastern African Time (Africa/Addis_Ababa),True
2922,@EG@689235af3db513aec4f476cfd4c3749d,,JoashBarber,1112,Kenya,1003543,,KES,77,Kenyan Shilling,KES,,dd/MM/yyyy,2,,,2025-11-28 05:00:00,"#,###.##",DD/MM/YYYY,2025-11-28 15:14:30,2025-11-28 15:14:30,102111,3,,0,,4,English,1003543,,0,0,,1,0,,3,394,(GMT 3:00) Eastern African Time (Africa/Addis_Ababa),True
2921,@EG@8c0e7f2b398dcd78f70f6a4a402573f9,,LELAN HOTEL,1112,Kenya,1003542,,KES,77,Kenyan Shilling,KES,,dd/MM/yyyy,2,,,2025-11-28 05:00:00,"#,###.##",DD/MM/YYYY,2025-11-28 13:39:35,2025-11-28 13:39:35,102110,18,,0,,4,English,1003542,,0,0,,1,0,,3,394,(GMT 3:00) Eastern African Time (Africa/Addis_Ababa),True
2920,@EG@56a891e2504f1d3df6d54890730e5430,,Ellydias interior enterprise,1112,Kenya,1003541,,KES,77,Kenyan Shilling,KES,,dd/MM/yyyy,2,,,2025-11-28 05:00:00,"#,###.##",DD/MM/YYYY,2025-11-28 13:01:19,2025-11-28 13:01:19,102109,34,,0,,4,English,1003541,,0,0,,1,0,,3,394,(GMT 3:00) Eastern African Time (Africa/Addis_Ababa),True
2919,@EG@0eefb79d689df00f0a02cd7bce3cd02a,,BLESHIORS TECH SOLUTIONS,1112,Kenya,1003540,,KES,77,Kenyan Shilling,KES,,dd/MM/yyyy,2,,,2025-11-28 05:00:00,"#,###.##",DD/MM/YYYY,2025-11-28 03:10:39,2025-11-28 03:10:39,102108,39,,0,,4,English,1003540,,0,0,,1,0,,3,394,(GMT 3:00) Eastern African Time (Africa/Addis_Ababa),True
2918,@EG@5c03baaea06a453274883369610c6e23,,loyo,1196,South Africa,1003539,,ZAR,171,South African Rand,R,,yyyy-MM-dd,2,,,2025-11-28 06:00:00,"#.###,##",YYYY-MM-DD,2025-11-28 01:16:46,2025-11-28 01:16:46,102107,3,,0,,4,English,1003539,,0,0,,1,0,,2,353,(GMT 2:00) South Africa Standard Time (Africa/Johannesburg),True
2916,@EG@9845697a0bc124a462edc8cfe3fd6721,,Walmart Enterprises,1112,Kenya,1003535,,KES,77,Kenyan Shilling,KES,,dd-MM-yyyy,2,,,2025-01-01 05:00:00,"#,###.##",DD-MM-YYYY,2025-11-30 15:27:59,2025-11-30 15:27:59,102146,37,,0,,4,English,1003535,,0,0,,1,0,,3,401,(GMT 3:00) Eastern African Time (Africa/Nairobi),True
2916,@EG@06575b1c75b89faac2eb783f23cda2ec,,Candidate,1112,Kenya,1003535,,KES,77,Kenyan Shilling,KES,,dd/MM/yyyy,2,,,2025-11-27 05:00:00,"#,###.##",DD/MM/YYYY,2025-11-27 22:18:37,2025-11-27 22:18:37,102106,39,,0,,4,English,1003535,,0,0,,1,0,,3,394,(GMT 3:00) Eastern African Time (Africa/Addis_Ababa),True
2914,@EG@d50a1084509137f30721b3bef4635ab9,,Kwenzi,1112,Kenya,1003533,,KES,77,Kenyan Shilling,KES,,dd/MM/yyyy,2,,,2025-11-27 05:00:00,"#,###.##",DD/MM/YYYY,2025-11-27 20:54:42,2025-11-27 20:54:42,102105,1,,0,,4,English,1003533,,0,0,,1,0,,3,394,(GMT 3:00) Eastern African Time (Africa/Addis_Ababa),True
2913,@EG@2ed613b64ce2905b79ae7ca4dd586104,,Quinton Mumo,1112,Kenya,1003532,,KES,77,Kenyan Shilling,KES,,dd/MM/yyyy,2,,,2025-11-27 05:00:00,"#,###.##",DD/MM/YYYY,2025-11-27 20:06:14,2025-11-27 20:06:14,102104,21,,0,,4,English,1003532,,0,0,,1,0,,3,394,(GMT 3:00) Eastern African Time (Africa/Addis_Ababa),True
2912,@EG@d6426f52268fd3c6782a0691d7abed6d,,Andrew Nyaware,1112,Kenya,1003531,,KES,77,Kenyan Shilling,KES,,dd/MM/yyyy,2,,,2025-11-27 05:00:00,"#,###.##",DD/MM/YYYY,2025-11-27 18:57:53,2025-11-27 18:57:53,102103,14,,0,,4,English,1003531,,0,0,,1,0,,3,394,(GMT 3:00) Eastern African Time (Africa/Addis_Ababa),True
2911,@EG@002f3cdb2458a60977ea18a10021fd13,,Joambo electricals,1112,Kenya,1003529,,KES,77,Kenyan Shilling,KES,,dd/MM/yyyy,2,,,2025-11-27 05:00:00,"#,###.##",DD/MM/YYYY,2025-11-27 18:20:24,2025-11-27 18:20:24,102102,22,,0,,4,English,1003529,,0,0,,1,0,,3,394,(GMT 3:00) Eastern African Time (Africa/Addis_Ababa),True
2909,@EG@190fb8408f280adcc7445284073030bb,,Banadir,1112,Kenya,1003525,,KES,77,Kenyan Shilling,KES,,dd/MM/yyyy,2,,,2025-11-27 05:00:00,"#,###.##",DD/MM/YYYY,2025-11-27 16:55:33,2025-11-27 16:55:33,102100,3,,0,,4,English,1003525,,0,0,,1,0,,3,394,(GMT 3:00) Eastern African Time (Africa/Addis_Ababa),True
2908,@EG@87f3ad84b4c421e897c6c4c6967f37c0,https://static.kilimax.com/enterprise_2908/company_102099/logo/WhatsApp Image 2025-11-28 at 17.37.36.jpeg,LANKARA WINES & SPIRITS,1112,Kenya,1003524,,KES,77,Kenyan Shilling,KES,,dd/MM/yyyy,2,,,2025-11-01 05:00:00,"#,###.##",DD/MM/YYYY,2025-11-27 16:46:49,2025-11-27 16:46:49,102099,34,,0,,4,English,1003524,,0,0,,1,0,,3,394,(GMT 3:00) Eastern African Time (Africa/Addis_Ababa),True
2907,@EG@8a1b686089f08cdbdc30ea16f8cde79d,,Ian Mabruk,1112,Kenya,1003523,,KES,77,Kenyan Shilling,KES,,dd/MM/yyyy,2,,,2025-11-27 05:00:00,"#,###.##",DD/MM/YYYY,2025-11-27 16:31:26,2025-11-27 16:31:26,102098,1,,0,,4,English,1003523,,0,0,,1,0,,3,394,(GMT 3:00) Eastern African Time (Africa/Addis_Ababa),True
2906,@EG@1316d4190eac69e3fb5888a5c9449c38,,Pemo dairies ltd,1112,Kenya,1003522,,KES,77,Kenyan Shilling,KES,,dd/MM/yyyy,2,,,2025-11-27 05:00:00,"#,###.##",DD/MM/YYYY,2025-11-27 15:57:55,2025-11-27 15:57:55,102097,39,,0,,4,English,1003522,,0,0,,1,0,,3,394,(GMT 3:00) Eastern African Time (Africa/Addis_Ababa),True
2905,@EG@178fa2a611d4cab8c3d5fb6acb8aa9e1,,Rudra Mobile Gallery,1112,Kenya,1003521,,KES,77,Kenyan Shilling,KES,,dd/MM/yyyy,2,,,2025-11-27 05:00:00,"#,###.##",DD/MM/YYYY,2025-11-27 17:27:36,2025-11-27 17:27:36,102101,16,,0,,4,English,1003521,,0,0,,1,0,,3,394,(GMT 3:00) Eastern African Time (Africa/Addis_Ababa),True
2902,@EG@69fa30190f65e21478a21123145a7756,,Victor Owino,1112,Kenya,1003518,,KES,77,Kenyan Shilling,KES,,dd/MM/yyyy,2,,,2025-11-27 05:00:00,"#,###.##",DD/MM/YYYY,2025-11-27 12:52:43,2025-11-27 12:52:43,102095,39,,0,,4,English,1003518,,0,0,,1,0,,3,394,(GMT 3:00) Eastern African Time (Africa/Addis_Ababa),True
2901,@EG@04fda31dd55a241bb0189f14bc4dece2,,Kalyet enterprise,1112,Kenya,1003517,,KES,77,Kenyan Shilling,KES,,dd/MM/yyyy,2,,,2025-11-27 05:00:00,"#,###.##",DD/MM/YYYY,2025-11-27 12:52:51,2025-11-27 12:52:51,102096,14,,0,,4,English,1003517,,0,0,,1,0,,3,394,(GMT 3:00) Eastern African Time (Africa/Addis_Ababa),True
2900,@EG@48219aa5cfce59fcfc0ea647d4cacc19,,QALIBRATED SYSTEMS,1112,Kenya,1003516,,KES,77,Kenyan Shilling,KES,,dd/MM/yyyy,2,,,2025-11-27 05:00:00,"#,###.##",DD/MM/YYYY,2025-11-27 12:39:54,2025-11-27 12:39:54,102094,27,,0,,4,English,1003516,,0,0,,1,0,,3,394,(GMT 3:00) Eastern African Time (Africa/Addis_Ababa),True
2898,@EG@82901b62283a3a0c184c98958bcc573b,,Hardrock Electronics,1112,Kenya,1003514,,KES,77,Kenyan Shilling,KES,,dd/MM/yyyy,2,,,2025-11-27 05:00:00,"#,###.##",DD/MM/YYYY,2025-11-27 02:48:03,2025-11-27 02:48:03,102093,37,,0,,4,English,1003514,,0,0,,1,0,,3,394,(GMT 3:00) Eastern African Time (Africa/Addis_Ababa),True
2896,@EG@14110b14d43e9cb5919efc66e8015801,,martinez,1112,Kenya,1003512,,KES,77,Kenyan Shilling,KES,,dd/MM/yyyy,2,,,2025-11-26 05:00:00,"#,###.##",DD/MM/YYYY,2025-11-26 22:17:32,2025-11-26 22:17:32,102092,2,,0,,4,English,1003512,,0,0,,1,0,,3,394,(GMT 3:00) Eastern African Time (Africa/Addis_Ababa),True
2895,@EG@4c1d9ae1416994105132af089ed786bd,,mutai,1112,Kenya,1003511,,KES,77,Kenyan Shilling,KES,,dd/MM/yyyy,2,,,2025-11-26 05:00:00,"#,###.##",DD/MM/YYYY,2025-11-26 21:32:50,2025-11-26 21:32:50,102090,30,,0,,4,English,1003511,,0,0,,1,0,,3,394,(GMT 3:00) Eastern African Time (Africa/Addis_Ababa),True
2894,@EG@bc712165f46fcb22eb7975c369cad1c3,,Masinde muliro,1112,Kenya,1003510,,KES,77,Kenyan Shilling,KES,,dd/MM/yyyy,2,,,2025-11-26 05:00:00,"#,###.##",DD/MM/YYYY,2025-11-26 20:36:43,2025-11-26 20:36:43,102089,4,,0,,4,English,1003510,,0,0,,1,0,,3,394,(GMT 3:00) Eastern African Time (Africa/Addis_Ababa),True
2893,@EG@252218124c173407df26636a21b73914,,Ray Pharmacy Ltd,1112,Kenya,1003509,,KES,77,Kenyan Shilling,KES,,dd/MM/yyyy,2,,,2025-11-26 05:00:00,"#,###.##",DD/MM/YYYY,2025-11-26 18:55:31,2025-11-26 18:55:31,102088,10,,0,,4,English,1003509,,0,0,,1,0,,3,394,(GMT 3:00) Eastern African Time (Africa/Addis_Ababa),True
2890,@EG@4a2eb16e426a6bd3b9c972aa7af14689,,AKSHAR INDUSTRY LIMITED,1112,Kenya,1003503,,KES,77,Kenyan Shilling,KES,,dd/MM/yyyy,2,,,2025-11-26 05:00:00,"#,###.##",DD/MM/YYYY,2025-11-26 16:11:55,2025-11-26 16:11:55,102086,27,,0,,4,English,1003503,,0,0,,1,0,,3,394,(GMT 3:00) Eastern African Time (Africa/Addis_Ababa),True
2889,@EG@6d23b0d02c2cff3c7bfc7978e1bc64bc,,Vineyard Hotel Iten,1112,Kenya,1003501,,KES,77,Kenyan Shilling,KES,,dd/MM/yyyy,2,,,2025-11-26 05:00:00,"#,###.##",DD/MM/YYYY,2025-11-26 15:50:47,2025-11-26 15:50:47,102085,7,,0,,4,English,1003501,,0,0,,1,0,,3,394,(GMT 3:00) Eastern African Time (Africa/Addis_Ababa),True
2883,@EG@1fc2ace901d4db9c9e74d7f1656fda13,https://static.kilimax.com/enterprise_2883/company_102084/logo/Screenshot 2025-11-25 171235.png,BMS Cybersecurity,1112,Kenya,1003495,,KES,77,Kenyan Shilling,KES,,dd/MM/yyyy,2,,,2025-11-01 05:00:00,"#,###.##",DD/MM/YYYY,2025-11-25 22:11:44,2025-11-25 22:11:44,102084,1,,0,,4,English,1003495,,0,0,,1,0,,3,394,(GMT 3:00) Eastern African Time (Africa/Addis_Ababa),True
2882,@EG@f3f71262a3cdd924e90a25fdbec000c6,,Isaacs TechWorld,1112,Kenya,1003494,,KES,77,Kenyan Shilling,KES,,dd/MM/yyyy,2,,,2025-11-25 05:00:00,"#,###.##",DD/MM/YYYY,2025-11-25 22:05:10,2025-11-25 22:05:10,102083,2,,0,,4,English,1003494,,0,0,,1,0,,3,394,(GMT 3:00) Eastern African Time (Africa/Addis_Ababa),True
2881,@EG@785688eac50e1138a09d05b1b97c094b,,John Mut Pham Yar,1256,South Sudan,1003493,,SSP,137,South Sudanese Pound,SSP,,dd/MM/yyyy,2,,,2025-11-25 05:00:00,"#,###.##",DD/MM/YYYY,2025-11-25 21:32:40,2025-11-25 21:32:40,102082,15,,0,,4,English,1003493,,0,0,,1,0,,3,394,(GMT 3:00) Eastern African Time (Africa/Addis_Ababa),True
2880,@EG@ca0badbf4c6ccb89b5812316bd7b4831,,Jimmy Owino,1112,Kenya,1003492,,KES,77,Kenyan Shilling,KES,,dd/MM/yyyy,2,,,2025-11-25 05:00:00,"#,###.##",DD/MM/YYYY,2025-11-25 20:17:11,2025-11-25 20:17:11,102081,39,,0,,4,English,1003492,,0,0,,1,0,,3,394,(GMT 3:00) Eastern African Time (Africa/Addis_Ababa),True
2879,@EG@72c9d29e451f4a09137da149c0e65024,,Edtech networks,1112,Kenya,1003491,,KES,77,Kenyan Shilling,KES,,dd/MM/yyyy,2,,,2025-11-25 05:00:00,"#,###.##",DD/MM/YYYY,2025-11-25 19:10:46,2025-11-25 19:10:46,102080,16,,0,,4,English,1003491,,0,0,,1,0,,3,394,(GMT 3:00) Eastern African Time (Africa/Addis_Ababa),True
2878,@EG@7ec6e975e57890b4a23de8b17e30de4f,,FARM INPUTS MERU,1112,Kenya,1003489,,KES,77,Kenyan Shilling,KES,,dd/MM/yyyy,2,,,2025-11-25 05:00:00,"#,###.##",DD/MM/YYYY,2025-11-25 17:19:28,2025-11-25 17:19:28,102079,30,,0,,4,English,1003489,,0,0,,1,0,,3,394,(GMT 3:00) Eastern African Time (Africa/Addis_Ababa),True
2877,@EG@1b76e450f6cc2d4be69e63b665114224,,Seth Olango,1112,Kenya,1003488,,KES,77,Kenyan Shilling,KES,,dd/MM/yyyy,2,,,2025-11-25 05:00:00,"#,###.##",DD/MM/YYYY,2025-11-25 17:18:00,2025-11-25 17:18:00,102078,34,,0,,4,English,1003488,,0,0,,1,0,,3,394,(GMT 3:00) Eastern African Time (Africa/Addis_Ababa),True
2874,@EG@dd6550f4f5f7c244896a2fdfa13e25e5,,JMTECH,1112,Kenya,1003477,,KES,77,Kenyan Shilling,KES,,dd/MM/yyyy,2,,,2025-11-25 05:00:00,"#,###.##",DD/MM/YYYY,2025-11-25 16:40:51,2025-11-25 16:40:51,102077,16,,0,,4,English,1003477,,0,0,,1,0,,3,394,(GMT 3:00) Eastern African Time (Africa/Addis_Ababa),True
2872,@EG@cebe5717f9852c1507e738ec662dede0,,carorashbotique,1112,Kenya,1003474,,KES,77,Kenyan Shilling,KES,,dd/MM/yyyy,2,,,2025-11-25 05:00:00,"#,###.##",DD/MM/YYYY,2025-11-25 14:46:39,2025-11-25 14:46:39,102076,35,,0,,4,English,1003474,,0,0,,1,0,,3,394,(GMT 3:00) Eastern African Time (Africa/Addis_Ababa),True
2871,@EG@f9b4a1590f4f74dcaf6d770205a83f38,,I-TEQ Solutions LTD,1112,Kenya,1003473,,KES,77,Kenyan Shilling,KES,,dd/MM/yyyy,2,,,2025-11-25 05:00:00,"#,###.##",DD/MM/YYYY,2025-11-25 14:18:13,2025-11-25 14:18:13,102075,39,,0,,4,English,1003473,,0,0,,1,0,,3,394,(GMT 3:00) Eastern African Time (Africa/Addis_Ababa),True
2870,@EG@3b01dfe0ca160b68bd3f7325221d3039,,Febebs,1112,Kenya,1003472,,KES,77,Kenyan Shilling,KES,,dd/MM/yyyy,2,,,2025-11-25 05:00:00,"#,###.##",DD/MM/YYYY,2025-11-25 11:15:52,2025-11-25 11:15:52,102074,4,,0,,4,English,1003472,,0,0,,1,0,,3,394,(GMT 3:00) Eastern African Time (Africa/Addis_Ababa),True
2868,@EG@02ede2cab470b63ddc61bfd597b6c44a,,Ray pharmacy,1112,Kenya,1003470,,KES,77,Kenyan Shilling,KES,,dd/MM/yyyy,2,,,2025-11-25 05:00:00,"#,###.##",DD/MM/YYYY,2025-11-25 05:14:41,2025-11-25 05:14:41,102073,10,,0,,4,English,1003470,,0,0,,1,0,,3,394,(GMT 3:00) Eastern African Time (Africa/Addis_Ababa),True
2867,@EG@cdce0d0383712a30d6b33c7c20183c2b,,EstisHR Group,1112,Kenya,1003469,,KES,77,Kenyan Shilling,KES,,dd/MM/yyyy,2,,,2025-11-24 05:00:00,"#,###.##",DD/MM/YYYY,2025-11-24 22:17:16,2025-11-24 22:17:16,102072,1,,0,,4,English,1003469,,0,0,,1,0,,3,394,(GMT 3:00) Eastern African Time (Africa/Addis_Ababa),True
2866,@EG@6e6033143180afd7f3467f7195fc7693,,felix mbithi,1112,Kenya,1003468,,KES,77,Kenyan Shilling,KES,,dd/MM/yyyy,2,,,2025-11-24 05:00:00,"#,###.##",DD/MM/YYYY,2025-11-24 19:21:53,2025-11-24 19:21:53,102071,34,,0,,4,English,1003468,,0,0,,1,0,,3,394,(GMT 3:00) Eastern African Time (Africa/Addis_Ababa),True
2863,@EG@f715bbd1aec0e02426dd8ba5596fc01b,,Kenalia Style Haven ,1112,Kenya,1003464,,KES,77,Kenyan Shilling,KES,,dd/MM/yyyy,2,,,2025-11-24 05:00:00,"#,###.##",DD/MM/YYYY,2025-11-24 17:07:16,2025-11-24 17:07:16,102069,35,,0,,4,English,1003464,,0,0,,1,0,,3,394,(GMT 3:00) Eastern African Time (Africa/Addis_Ababa),True
2862,@EG@d3e7529fcfe8454d6f55961df19fd83f,,Blueflame lpg solutions,1112,Kenya,1003463,,KES,77,Kenyan Shilling,KES,,dd/MM/yyyy,2,,,2025-11-24 05:00:00,"#,###.##",DD/MM/YYYY,2025-11-24 16:14:23,2025-11-24 16:14:23,102068,14,,0,,4,English,1003463,,0,0,,1,0,,3,394,(GMT 3:00) Eastern African Time (Africa/Addis_Ababa),True
2861,@EG@2882625125f48f73994e014e3521b85e,,Industry,1196,South Africa,1003462,,ZAR,171,South African Rand,R,,yyyy-MM-dd,2,,,2025-11-24 06:00:00,"#.###,##",YYYY-MM-DD,2025-11-24 15:28:09,2025-11-24 15:28:09,102067,1,,0,,4,English,1003462,,0,0,,1,0,,2,353,(GMT 2:00) South Africa Standard Time (Africa/Johannesburg),True
2860,@EG@27367a9dc98b25800501239b868cf5d7,,Calfix,1112,Kenya,1003461,,KES,77,Kenyan Shilling,KES,,dd/MM/yyyy,2,,,2025-11-24 05:00:00,"#,###.##",DD/MM/YYYY,2025-11-24 15:11:54,2025-11-24 15:11:54,102066,34,,0,,4,English,1003461,,0,0,,1,0,,3,394,(GMT 3:00) Eastern African Time (Africa/Addis_Ababa),True
2859,@EG@541f32f7a15938f2ba0c63575a0ce9ee,,Preferhos laundry and drycleaning services ltd,1112,Kenya,1003456,,KES,77,Kenyan Shilling,KES,,dd/MM/yyyy,2,,,2025-11-24 05:00:00,"#,###.##",DD/MM/YYYY,2025-11-24 07:00:58,2025-11-24 07:00:58,102065,15,,0,,4,English,1003456,,0,0,,1,0,,3,394,(GMT 3:00) Eastern African Time (Africa/Addis_Ababa),True
2858,@EG@7af373e25297939c370e1281921f1082,,ECATECH CONSULTANTS & TECHNOLINKS,1112,Kenya,1003455,,KES,77,Kenyan Shilling,KES,,dd/MM/yyyy,2,,,2025-11-23 05:00:00,"#,###.##",DD/MM/YYYY,2025-11-23 23:34:00,2025-11-23 23:34:00,102064,34,,0,,4,English,1003455,,0,0,,1,0,,3,394,(GMT 3:00) Eastern African Time (Africa/Addis_Ababa),True
2855,@EG@eadea10122d8a609b27e32583f0d3f46,,Akerianut financial services Ltd,1221,Uganda,1003452,,UGX,154,Ugandan Shilling,UGX,,dd/MM/yyyy,2,,,2025-11-23 05:00:00,# ###.##,DD/MM/YYYY,2025-11-23 21:10:09,2025-11-23 21:10:09,102063,7,,0,,4,English,1003452,,0,0,,1,0,,3,394,(GMT 3:00) Eastern African Time (Africa/Addis_Ababa),True
2854,@EG@501a30164446d9eaddbe8dd9c74d66b5,,Jeremiah Asanya,1112,Kenya,1003451,,KES,77,Kenyan Shilling,KES,,dd/MM/yyyy,2,,,2025-11-23 05:00:00,"#,###.##",DD/MM/YYYY,2025-11-23 20:39:53,2025-11-23 20:39:53,102062,15,,0,,4,English,1003451,,0,0,,1,0,,3,394,(GMT 3:00) Eastern African Time (Africa/Addis_Ababa),True
2852,@EG@ea2a98f9f386e028b30667d6322a6795,,BAMBURI TILAPIA,1112,Kenya,1003449,,KES,77,Kenyan Shilling,KES,,dd/MM/yyyy,2,,,2025-11-23 05:00:00,"#,###.##",DD/MM/YYYY,2025-11-23 17:50:03,2025-11-23 17:50:03,102061,14,,0,,4,English,1003449,,0,0,,1,0,,3,394,(GMT 3:00) Eastern African Time (Africa/Addis_Ababa),True
2849,@EG@fbd6dfa0677a91a17f7d4f0454de5ee1,,Masase company limited,1112,Kenya,1003446,,KES,77,Kenyan Shilling,KES,,dd/MM/yyyy,2,,,2025-11-23 05:00:00,"#,###.##",DD/MM/YYYY,2025-11-23 13:48:42,2025-11-23 13:48:42,102060,39,,0,,4,English,1003446,,0,0,,1,0,,3,394,(GMT 3:00) Eastern African Time (Africa/Addis_Ababa),True
2848,@EG@6c24b4b41c23a869598e1e3aa852b3d2,,Rafiki company limited,1112,Kenya,1003445,,KES,77,Kenyan Shilling,KES,,dd/MM/yyyy,2,,,2025-11-23 05:00:00,"#,###.##",DD/MM/YYYY,2025-11-23 12:30:54,2025-11-23 12:30:54,102059,21,,0,,4,English,1003445,,0,0,,1,0,,3,394,(GMT 3:00) Eastern African Time (Africa/Addis_Ababa),True
2847,@EG@5e7ba7dabe833491d5525abe44aa8b10,,Voicenote videos,1112,Kenya,1003444,,KES,77,Kenyan Shilling,KES,,dd/MM/yyyy,2,,,2025-11-23 05:00:00,"#,###.##",DD/MM/YYYY,2025-11-23 11:44:21,2025-11-23 11:44:21,102058,2,,0,,4,English,1003444,,0,0,,1,0,,3,394,(GMT 3:00) Eastern African Time (Africa/Addis_Ababa),True
2846,@EG@4e732f30dc2e55a34dc0a38e8535fd3c,,Northland Paints & Interior Ltd,1112,Kenya,1003443,,KES,77,Kenyan Shilling,KES,,dd/MM/yyyy,2,,,2025-11-23 05:00:00,"#,###.##",DD/MM/YYYY,2025-11-23 10:40:15,2025-11-23 10:40:15,102057,27,,0,,4,English,1003443,,0,0,,1,0,,3,394,(GMT 3:00) Eastern African Time (Africa/Addis_Ababa),True
2845,@EG@e02e59fcecceb6b6a9784f351d06bde7,,ajayi remilekun,1157,Nigeria,1003442,,NGN,109,Nigerian Naira,NGN,,dd/MM/yyyy,2,,,2025-11-23 07:00:00,# ###.##,DD/MM/YYYY,2025-11-23 02:05:28,2025-11-23 02:05:28,102056,16,,0,,4,English,1003442,,0,0,,1,0,,1,314,(GMT 1:00) GMT+01:00 (Etc/GMT-1),True
2844,@EG@6fbdb811238e4a440f3a0db1a9d47eaf,,Paul's enterprise's,1112,Kenya,1003441,,KES,77,Kenyan Shilling,KES,,dd/MM/yyyy,2,,,2025-11-22 05:00:00,"#,###.##",DD/MM/YYYY,2025-11-22 20:37:04,2025-11-22 20:37:04,102055,2,,0,,4,English,1003441,,0,0,,1,0,,3,394,(GMT 3:00) Eastern African Time (Africa/Addis_Ababa),True
2843,@EG@2e97b11f2c15dae5bde40319a1f3d321,,Hicks and Associates,1112,Kenya,1003440,,KES,77,Kenyan Shilling,KES,,dd/MM/yyyy,2,,,2025-11-22 05:00:00,"#,###.##",DD/MM/YYYY,2025-11-22 19:48:16,2025-11-22 19:48:16,102054,1,,0,,4,English,1003440,,0,0,,1,0,,3,394,(GMT 3:00) Eastern African Time (Africa/Addis_Ababa),True
2841,@EG@f9136106044bcd8990434fa7f97f25b7,,JB HOTEL AND ACCOMODATION,1112,Kenya,1003438,,KES,77,Kenyan Shilling,KES,,dd/MM/yyyy,2,,,2025-11-22 05:00:00,"#,###.##",DD/MM/YYYY,2025-11-22 16:35:30,2025-11-22 16:35:30,102053,7,,0,,4,English,1003438,,0,0,,1,0,,3,394,(GMT 3:00) Eastern African Time (Africa/Addis_Ababa),True
2840,@EG@4488029953614cc0643171ed12d260b8,,"Al-bahal Architectural Designs, Construction & General Supply Limited",1112,Kenya,1003437,,KES,77,Kenyan Shilling,KES,,dd/MM/yyyy,2,,,2025-11-22 05:00:00,"#,###.##",DD/MM/YYYY,2025-11-22 15:31:09,2025-11-22 15:31:09,102051,14,,0,,4,English,1003437,,0,0,,1,0,,3,394,(GMT 3:00) Eastern African Time (Africa/Addis_Ababa),True
2839,@EG@63787da27540f2a7ba097480c4c29ca7,,Shafiq Niazai,1112,Kenya,1003436,,KES,77,Kenyan Shilling,KES,,dd/MM/yyyy,2,,,2025-11-22 05:00:00,"#,###.##",DD/MM/YYYY,2025-11-22 15:40:50,2025-11-22 15:40:50,102052,2,,0,,4,English,1003436,,0,0,,1,0,,3,394,(GMT 3:00) Eastern African Time (Africa/Addis_Ababa),True
2838,@EG@c9e1be1222efc9801bbf708b09ce860c,,PALOG,1112,Kenya,1003435,,KES,77,Kenyan Shilling,KES,,dd/MM/yyyy,2,,,2025-11-22 05:00:00,"#,###.##",DD/MM/YYYY,2025-11-22 14:57:47,2025-11-22 14:57:47,102050,34,,0,,4,English,1003435,,0,0,,1,0,,3,394,(GMT 3:00) Eastern African Time (Africa/Addis_Ababa),True
2836,@EG@86d5d7e56f2884eeafc2438dd7f454c6,https://static.kilimax.com/enterprise_2836/company_102048/logo/LOGO.jpg,ZIYAD UMER GENERAL CONTRACTOR,1068,Ethiopia,1003433,,ETB,48,Ethiopian Birr,ETB,,dd-MM-yyyy,2,,,2012-09-01 05:00:00,"#,###.##",DD-MM-YYYY,2025-11-22 07:36:30,2025-11-22 07:36:30,102049,22,,0,,4,English,1003433,,0,0,,1,0,,3,394,(GMT 3:00) Eastern African Time (Africa/Addis_Ababa),True
2836,@EG@3dbbca01cac4e600210a6c47d6eb6368,,Lum Zameh,1068,Ethiopia,1003433,,ETB,48,Ethiopian Birr,ETB,,dd/MM/yyyy,2,,,2025-11-22 05:00:00,"#.###,##",DD/MM/YYYY,2025-11-22 07:23:05,2025-11-22 07:23:05,102048,34,,0,,4,English,1003433,,0,0,,1,0,,3,410,(GMT 3:00) GMT+03:00 (Etc/GMT-3),True
2835,@EG@090ae42dbf20fd5ec7987efa9e4396a5,,Chemaluk Dairy Farm,1112,Kenya,1003432,,KES,77,Kenyan Shilling,KES,,dd/MM/yyyy,2,,,2025-11-22 05:00:00,"#,###.##",DD/MM/YYYY,2025-11-22 05:22:19,2025-11-22 05:22:19,102047,32,,0,,4,English,1003432,,0,0,,1,0,,3,394,(GMT 3:00) Eastern African Time (Africa/Addis_Ababa),True
2834,@EG@7153545140a1fc5843f2a6a4c575a778,,Smartfix repairs,1112,Kenya,1003431,,KES,77,Kenyan Shilling,KES,,dd/MM/yyyy,2,,,2025-11-21 05:00:00,"#,###.##",DD/MM/YYYY,2025-11-21 20:00:00,2025-11-21 20:00:00,102045,34,,0,,4,English,1003431,,0,0,,1,0,,3,394,(GMT 3:00) Eastern African Time (Africa/Addis_Ababa),True
2833,@EG@3a8fe34a425ecbca8bd651b93d7590e7,,Jackline Mwai (mum Ryan),1112,Kenya,1003430,,KES,77,Kenyan Shilling,KES,,dd/MM/yyyy,2,,,2025-11-21 05:00:00,"#,###.##",DD/MM/YYYY,2025-11-21 19:17:38,2025-11-21 19:17:38,102044,34,,0,,4,English,1003430,,0,0,,1,0,,3,394,(GMT 3:00) Eastern African Time (Africa/Addis_Ababa),True
2830,@EG@9ec2b08d82c2efc04ed7451aecb7253b,,Abdalle Ali,1112,Kenya,1003293,,KES,77,Kenyan Shilling,KES,,dd/MM/yyyy,2,,,2025-11-21 05:00:00,"#,###.##",DD/MM/YYYY,2025-11-21 17:06:40,2025-11-21 17:06:40,102041,35,,0,,4,English,1003293,,0,0,,1,0,,3,394,(GMT 3:00) Eastern African Time (Africa/Addis_Ababa),True
2829,@EG@bd67e2166fc307361a64efdcd3594aa4,,Noveyo Technologies,1112,Kenya,1003168,,KES,77,Kenyan Shilling,KES,,dd/MM/yyyy,2,,,2025-11-21 05:00:00,"#,###.##",DD/MM/YYYY,2025-11-21 16:49:30,2025-11-21 16:49:30,102040,16,,0,,4,English,1003168,,0,0,,1,0,,3,394,(GMT 3:00) Eastern African Time (Africa/Addis_Ababa),True
2828,@EG@bd1097d51ce0c13767c27f0e5dfa8170,,Ochieng Oreyo,1112,Kenya,1003138,,KES,77,Kenyan Shilling,KES,,dd/MM/yyyy,2,,,2025-11-21 05:00:00,"#,###.##",DD/MM/YYYY,2025-11-21 16:09:25,2025-11-21 16:09:25,102039,30,,0,,4,English,1003138,,0,0,,1,0,,3,394,(GMT 3:00) Eastern African Time (Africa/Addis_Ababa),True
2827,@EG@b1f9de94ad27841516887cc824d11503,,Viole vin's,1112,Kenya,1003137,,KES,77,Kenyan Shilling,KES,,dd/MM/yyyy,2,,,2025-11-21 05:00:00,"#,###.##",DD/MM/YYYY,2025-11-21 15:46:40,2025-11-21 15:46:40,102038,1,,0,,4,English,1003137,,0,0,,1,0,,3,394,(GMT 3:00) Eastern African Time (Africa/Addis_Ababa),True
2825,@EG@ec5e13a1e045822ef8c34f257e1d2300,,emirates shop,1112,Kenya,1003112,,KES,77,Kenyan Shilling,KES,,dd/MM/yyyy,2,,,2025-11-21 05:00:00,"#,###.##",DD/MM/YYYY,2025-11-21 07:40:25,2025-11-21 07:40:25,102036,3,,0,,4,English,1003112,,0,0,,1,0,,3,394,(GMT 3:00) Eastern African Time (Africa/Addis_Ababa),True
2824,@EG@9dd39e9ef3131d32bfc51be0f086399c,,Iwaydii shop,1112,Kenya,1003111,,KES,77,Kenyan Shilling,KES,,dd/MM/yyyy,2,,,2025-11-20 05:00:00,"#,###.##",DD/MM/YYYY,2025-11-20 23:23:08,2025-11-20 23:23:08,102035,34,,0,,4,English,1003111,,0,0,,1,0,,3,394,(GMT 3:00) Eastern African Time (Africa/Addis_Ababa),True
2822,@EG@bede5e5dc8f5324a8d14be0f3b9d377d,,Cereal,1112,Kenya,1003109,,KES,77,Kenyan Shilling,KES,,dd/MM/yyyy,2,,,2025-11-20 05:00:00,"#,###.##",DD/MM/YYYY,2025-11-20 22:00:45,2025-11-20 22:00:45,102034,30,,0,,4,English,1003109,,0,0,,1,0,,3,394,(GMT 3:00) Eastern African Time (Africa/Addis_Ababa),True
2821,@EG@9b37edccedbab2e1062d817aa0dd6e32,,Copious Traders Limited,1112,Kenya,1003108,,KES,77,Kenyan Shilling,KES,,dd/MM/yyyy,2,,,2025-11-20 05:00:00,"#,###.##",DD/MM/YYYY,2025-11-20 21:35:41,2025-11-20 21:35:41,102033,27,,0,,4,English,1003108,,0,0,,1,0,,3,394,(GMT 3:00) Eastern African Time (Africa/Addis_Ababa),True
2819,@EG@0cbf183745bf97191df8b4458504996d,,test-douhaichao11,1112,Kenya,1003104,,KES,77,Kenyan Shilling,KES,,dd/MM/yyyy,2,,,2025-11-20 05:00:00,"#,###.##",DD/MM/YYYY,2025-11-20 20:49:31,2025-11-20 20:49:31,102032,1,,0,,4,English,1003104,,0,0,,1,0,,3,394,(GMT 3:00) Eastern African Time (Africa/Addis_Ababa),True
2818,@EG@181aacfc17b2b120b8bfad54a5e5b0da,,test-douhaichao,1096,Hong Kong,1003103,,HKD,61,Hong Kong Dollar,HK$,,dd/MM/yyyy,2,,,2025-11-20 00:00:00,"#.###,##",DD/MM/YYYY,2025-11-20 20:47:57,2025-11-20 20:47:57,102031,1,,0,,4,English,1003103,,0,0,,1,0,,8,488,(GMT 8:00) Hong Kong Time (Asia/Hong_Kong),True
2817,@EG@7ee76fa4738a15673858aa6482c41724,,肯尼亚公司,1112,Kenya,1003102,,KES,77,Kenyan Shilling,KES,,dd-MM-yyyy,2,,,2025-11-01 05:00:00,"#,###.##",DD-MM-YYYY,2025-11-24 17:51:10,2025-11-24 17:51:10,102070,,,0,,4,English,1003102,,0,0,,1,0,,3,409,(GMT 3:00) Eastern African Time (EAT),True
2817,@EG@167df9db1a5f7c9223eb77ceea4a5459,,kenya-tes,1112,Kenya,1003102,,KES,77,Kenyan Shilling,KES,,dd/MM/yyyy,2,,,2025-11-01 05:00:00,"#,###.##",DD/MM/YYYY,2025-11-20 20:20:04,2025-11-20 20:20:04,102028,1,,0,,4,English,1003102,,0,0,,1,0,,3,394,(GMT 3:00) Eastern African Time (Africa/Addis_Ababa),True
2816,@EG@601cbb9962e2415792963eadd310c6bf,,Tolera Dinku,1068,Ethiopia,1003101,,ETB,48,Ethiopian Birr,ETB,,dd/MM/yyyy,2,,,2025-11-20 05:00:00,"#.###,##",DD/MM/YYYY,2025-11-20 20:19:28,2025-11-20 20:19:28,102027,7,,0,,4,English,1003101,,0,0,,1,0,,3,410,(GMT 3:00) GMT+03:00 (Etc/GMT-3),True
2815,@EG@05ca6ee01398723b183ef1878b8b2c85,,Construction company,1112,Kenya,1003100,,KES,77,Kenyan Shilling,KES,,dd/MM/yyyy,2,,,2025-11-20 05:00:00,"#,###.##",DD/MM/YYYY,2025-11-20 20:09:21,2025-11-20 20:09:21,102025,21,,0,,4,English,1003100,,0,0,,1,0,,3,394,(GMT 3:00) Eastern African Time (Africa/Addis_Ababa),True
2814,@EG@559e608cec16c6958827746743aadd9b,,JM GLOBAL SERVICES,1210,Tanzania,1003099,,TZS,152,Tanzanian Shilling,TZS,,dd/MM/yyyy,2,,,2025-11-20 05:00:00,"# ###,##",DD/MM/YYYY,2025-11-20 20:24:52,2025-11-20 20:24:52,102029,34,,0,,4,English,1003099,,0,0,,1,0,,3,394,(GMT 3:00) Eastern African Time (Africa/Addis_Ababa),True
2813,@EG@fe44e51f16c75f3d0b677bd145941aa8,,test_03,1004,Algeria,1003098,,AFN,2,Afghan Afghani,AFN,,dd-MM-yyyy,2,,,2025-11-01 08:00:00,"#,###.##",DD-MM-YYYY,2025-11-21 18:33:04,2025-11-21 18:33:04,102043,,,0,,25,Hausa,1003098,,0,0,,1,0,,0,244,(GMT 0:00) Greenwich Mean Time (Africa/Abidjan),True
2813,@EG@8de01eb52a4643516a45a9204f625cac,,test_02,1004,Algeria,1003098,,ALL,3,Albanian Lek,Lek,,dd-MM-yyyy,2,,,2025-11-01 05:00:00,"#,###.##",DD-MM-YYYY,2025-11-21 18:05:35,2025-11-21 18:05:35,102042,,,0,,4,English,1003098,,0,0,,1,0,,3,394,(GMT 3:00) Eastern African Time (Africa/Addis_Ababa),True
2813,@EG@9f3ea77970eced2c5fa44ffc8d49e65f,,test_01,1096,Hong Kong,1003098,,HKD,61,Hong Kong Dollar,HK$,,dd/MM/yyyy,2,,,2025-11-01 00:00:00,"#.###,##",DD/MM/YYYY,2025-11-20 19:42:58,2025-11-20 19:42:58,102023,35,,0,,4,English,1003098,,0,0,,1,0,,8,488,(GMT 8:00) Hong Kong Time (Asia/Hong_Kong),True
2812,@EG@c6d14ef5d0986835d244881e68fb2766,,ForTest,1112,Kenya,1003097,,KES,77,Kenyan Shilling,KES,,dd/MM/yyyy,2,,,2025-11-01 05:00:00,"#,###.##",DD/MM/YYYY,2025-11-20 19:14:00,2025-11-20 19:14:00,102021,7,,0,,4,English,1003097,,0,0,,1,0,,3,394,(GMT 3:00) Eastern African Time (Africa/Addis_Ababa),True
2811,@EG@cc6cfed79fa33f8a8c86534dbf7449c7,,abc,1096,Hong Kong,1003095,,HKD,61,Hong Kong Dollar,HK$,,dd/MM/yyyy,2,,,2025-11-20 00:00:00,"#.###,##",DD/MM/YYYY,2025-11-20 18:40:50,2025-11-20 18:40:50,102019,21,,0,,4,English,1003095,,0,0,,1,0,,8,488,(GMT 8:00) Hong Kong Time (Asia/Hong_Kong),True
2809,@EG@f309d08145a01a4f1892f1a837cd3e3b,,INKWAYS LIMITED,1112,Kenya,1003092,,KES,77,Kenyan Shilling,KES,,dd-MM-yyyy,2,,,2025-12-01 05:00:00,"#,###.##",DD-MM-YYYY,2025-12-02 17:18:50,2025-12-02 17:18:50,102162,,,0,,4,English,1003092,,0,0,,1,0,,3,401,(GMT 3:00) Eastern African Time (Africa/Nairobi),True
2809,@EG@02113cf55d9b16a48171a50a8edfa11b,,uu,1112,Kenya,1003096,,KES,77,Kenyan Shilling,KES,,dd-MM-yyyy,1,,,2025-11-01 05:00:00,"#,###.##",DD-MM-YYYY,2025-11-28 18:55:21,2025-11-28 18:55:21,102129,,,0,,4,English,1003096,,0,0,,2,0,,3,401,(GMT 3:00) Eastern African Time (Africa/Nairobi),False
2809,@EG@620b3d161cf0aa35d0881863bf03149f,,uu,1112,Kenya,1003096,,KES,77,Kenyan Shilling,KES,,dd-MM-yyyy,1,,,2025-11-01 05:00:00,"#,###.##",DD-MM-YYYY,2025-11-28 18:55:21,2025-11-28 18:55:21,102128,,,0,,4,English,1003096,,0,0,,2,0,,3,401,(GMT 3:00) Eastern African Time (Africa/Nairobi),False
2809,@EG@577fd607424199dfab1a786e1a38916b,,uu,1112,Kenya,1003096,,KES,77,Kenyan Shilling,KES,,dd-MM-yyyy,1,,,2025-11-01 05:00:00,"#,###.##",DD-MM-YYYY,2025-11-28 18:55:21,2025-11-28 18:55:21,102127,,,0,,4,English,1003096,,0,0,,2,0,,3,401,(GMT 3:00) Eastern African Time (Africa/Nairobi),False
2809,@EG@b7e42592e3d44706f2db4267ecd438fe,,uu,1112,Kenya,1003096,,KES,77,Kenyan Shilling,KES,,dd-MM-yyyy,1,,,2025-11-01 05:00:00,"#,###.##",DD-MM-YYYY,2025-11-28 18:55:21,2025-11-28 18:55:21,102126,,,0,,4,English,1003096,,0,0,,2,0,,3,401,(GMT 3:00) Eastern African Time (Africa/Nairobi),False
2809,@EG@f53e31cd5ac4e66624f840ad19ed017b,,uu,1112,Kenya,1003096,,KES,77,Kenyan Shilling,KES,,dd-MM-yyyy,1,,,2025-11-01 05:00:00,"#,###.##",DD-MM-YYYY,2025-11-28 18:55:21,2025-11-28 18:55:21,102125,,,0,,4,English,1003096,,0,0,,2,0,,3,401,(GMT 3:00) Eastern African Time (Africa/Nairobi),False
2809,@EG@fa0f6f346ea2baa0671b5065dd2f3eac,,uu,1112,Kenya,1003096,,KES,77,Kenyan Shilling,KES,,dd-MM-yyyy,1,,,2025-11-01 05:00:00,"#,###.##",DD-MM-YYYY,2025-11-28 18:55:21,2025-11-28 18:55:21,102124,,,0,,4,English,1003096,,0,0,,2,0,,3,401,(GMT 3:00) Eastern African Time (Africa/Nairobi),False
2809,@EG@080739fd4254d53f5c3673831ddf5ffd,,uu,1112,Kenya,1003096,,KES,77,Kenyan Shilling,KES,,dd-MM-yyyy,1,,,2025-11-01 05:00:00,"#,###.##",DD-MM-YYYY,2025-11-28 18:55:21,2025-11-28 18:55:21,102123,,,0,,4,English,1003096,,0,0,,2,0,,3,401,(GMT 3:00) Eastern African Time (Africa/Nairobi),False
2809,@EG@349257a2a9d81557ac57485ed664f305,,uu,1112,Kenya,1003096,,KES,77,Kenyan Shilling,KES,,dd-MM-yyyy,1,,,2025-11-01 05:00:00,"#,###.##",DD-MM-YYYY,2025-11-28 18:55:21,2025-11-28 18:55:21,102122,,,0,,4,English,1003096,,0,0,,2,0,,3,401,(GMT 3:00) Eastern African Time (Africa/Nairobi),False
2809,@EG@af03259f6e4c01786361c728e8994c01,,TOKO COMPANY,1112,Kenya,1003096,,KES,77,Kenyan Shilling,KES,,dd-MM-yyyy,0,,,2025-11-01 05:00:00,"#,###.##",DD-MM-YYYY,2025-11-28 17:23:16,2025-11-28 17:23:16,102121,,,0,,4,English,1003096,,0,0,,2,0,,3,401,(GMT 3:00) Eastern African Time (Africa/Nairobi),False
2808,@EG@d9ad101cd2d5a2676e304e685095634e,,Buddy store,1112,Kenya,1003090,,KES,77,Kenyan Shilling,KES,,dd/MM/yyyy,2,,,2025-11-20 05:00:00,"#,###.##",DD/MM/YYYY,2025-11-20 16:00:12,2025-11-20 16:00:12,102014,1,,0,,4,English,1003090,,0,0,,1,0,,3,394,(GMT 3:00) Eastern African Time (Africa/Addis_Ababa),True
2807,@EG@3b7f75c914d2ad53560786892be69e3b,,WITAMI ENTERPRISES,1112,Kenya,1003088,,KES,77,Kenyan Shilling,KES,,dd/MM/yyyy,2,,,2025-11-20 05:00:00,"#,###.##",DD/MM/YYYY,2025-11-20 15:16:52,2025-11-20 15:16:52,102013,6,,0,,4,English,1003088,,0,0,,1,0,,3,394,(GMT 3:00) Eastern African Time (Africa/Addis_Ababa),True
2806,@EG@0c77386cddfc737105a7ec66a09d6afc,,Grace of Christ training college,1112,Kenya,1003087,,KES,77,Kenyan Shilling,KES,,dd/MM/yyyy,2,,,2025-11-20 05:00:00,"#,###.##",DD/MM/YYYY,2025-11-20 14:38:07,2025-11-20 14:38:07,102012,4,,0,,4,English,1003087,,0,0,,1,0,,3,394,(GMT 3:00) Eastern African Time (Africa/Addis_Ababa),True
2805,@EG@fdadf598a5222cbc33260a26918bea8a,,test04,1005,American Samoa,1003086,,DZD,45,Algerian Dinar,DZD,,dd-MM-yyyy,2,,,2025-11-01 08:00:00,"#,###.##",DD-MM-YYYY,2025-11-20 19:36:24,2025-11-20 19:36:24,102022,,,0,,4,English,1003086,,0,0,,1,0,,0,245,(GMT 0:00) Greenwich Mean Time (Africa/Accra),True
2805,@EG@74883cfecb0ce9af63bf516949f751a6,,test03,1004,Algeria,1003086,,ALL,3,Albanian Lek,Lek,,dd-MM-yyyy,2,,,2025-10-31 22:00:00,"#,###.##",DD-MM-YYYY,2025-11-20 18:50:37,2025-11-20 18:50:37,102020,,,0,,4,English,1003086,,0,0,,1,0,,10,528,(GMT 10:00) Eastern Standard Time (New South Wales)(AET),True
2805,@EG@28964a44e4b62c7d063f2286921868d6,,test02,1001,Afghanistan,1003086,,DZD,45,Algerian Dinar,DZD,,dd-MM-yyyy,1,,,2025-11-01 05:00:00,"#,###.##",DD-MM-YYYY,2025-11-20 17:58:05,2025-11-20 17:58:05,102017,,,0,,4,English,1003086,,0,0,,1,0,,3,394,(GMT 3:00) Eastern African Time (Africa/Addis_Ababa),True
2805,@EG@e05306eb2b3bb2dcc875fb01dde6afc2,,test_01,1096,Hong Kong,1003086,,HKD,61,Hong Kong Dollar,HK$,,dd/MM/yyyy,2,,,2025-11-20 00:00:00,"#.###,##",DD/MM/YYYY,2025-11-20 13:54:30,2025-11-20 13:54:30,102011,1,,0,,4,English,1003086,,0,0,,1,0,,8,488,(GMT 8:00) Hong Kong Time (Asia/Hong_Kong),True
2804,@EG@049907e98bbca0cec0eaeda6434fb8d0,,Dieudonne Didos,1112,Kenya,1003085,,KES,77,Kenyan Shilling,KES,,dd/MM/yyyy,2,,,2025-11-20 05:00:00,"#,###.##",DD/MM/YYYY,2025-11-20 08:04:17,2025-11-20 08:04:17,102010,30,,0,,4,English,1003085,,0,0,,1,0,,3,394,(GMT 3:00) Eastern African Time (Africa/Addis_Ababa),True
2803,@EG@3c321eace37b2542c6db67a7311aa391,,Migori HQ,1112,Kenya,1003084,,KES,77,Kenyan Shilling,KES,,dd-MM-yyyy,1,,,2025-11-01 05:00:00,"#,###.##",DD-MM-YYYY,2025-11-28 16:01:26,2025-11-28 16:01:26,102116,37,,0,,4,English,1003084,,0,0,,1,0,,3,394,(GMT 3:00) Eastern African Time (Africa/Addis_Ababa),True
2803,@EG@0aae9b514ea6b9c541c101c33c80af3b,,SORI SHOP,1112,Kenya,1003084,,KES,77,Kenyan Shilling,KES,,dd-MM-yyyy,1,,,2025-11-01 05:00:00,"#,###.##",DD-MM-YYYY,2025-11-28 16:00:26,2025-11-28 16:00:26,102115,37,,0,,4,English,1003084,,0,0,,1,0,,3,394,(GMT 3:00) Eastern African Time (Africa/Addis_Ababa),True
2803,@EG@830a4fe26f06636003a77c41a86c1ba7,,GIFT-TECH PHONE,1112,Kenya,1003084,,KES,77,Kenyan Shilling,KES,,dd/MM/yyyy,2,,,2025-11-01 05:00:00,"#,###.##",DD/MM/YYYY,2025-11-20 00:07:17,2025-11-20 00:07:17,102009,39,,0,,4,English,1003084,,0,0,,1,0,,3,394,(GMT 3:00) Eastern African Time (Africa/Addis_Ababa),True
2802,@EG@21fcb6db657c187d4b91afd8a6f5b637,,PINNACLE STYLE,1112,Kenya,1003083,,KES,77,Kenyan Shilling,KES,,dd/MM/yyyy,2,,,2025-11-19 05:00:00,"#,###.##",DD/MM/YYYY,2025-11-19 23:02:53,2025-11-19 23:02:53,102008,34,,0,,4,English,1003083,,0,0,,1,0,,3,394,(GMT 3:00) Eastern African Time (Africa/Addis_Ababa),True
2801,@EG@bd97352c27829ce5e56547f6e1c6184c,,Denisee,1112,Kenya,1003082,,KES,77,Kenyan Shilling,KES,,dd/MM/yyyy,2,,,2025-11-19 05:00:00,"#,###.##",DD/MM/YYYY,2025-11-19 22:06:27,2025-11-19 22:06:27,102007,2,,0,,4,English,1003082,,0,0,,1,0,,3,394,(GMT 3:00) Eastern African Time (Africa/Addis_Ababa),True
2800,@EG@cd884bd7ef718e5c46fc21678fef7da7,,BONDANTRIX SUPPLIERS,1112,Kenya,1003081,,KES,77,Kenyan Shilling,KES,,dd/MM/yyyy,2,,,2025-11-19 05:00:00,"#,###.##",DD/MM/YYYY,2025-11-19 21:44:24,2025-11-19 21:44:24,102006,39,,0,,4,English,1003081,,0,0,,1,0,,3,394,(GMT 3:00) Eastern African Time (Africa/Addis_Ababa),True
2799,@EG@62365fd81f724321a3798492281161ef,,Ziada africa,1112,Kenya,1003079,,KES,77,Kenyan Shilling,KES,,dd/MM/yyyy,2,,,2025-11-19 05:00:00,"#,###.##",DD/MM/YYYY,2025-11-19 20:30:08,2025-11-19 20:30:08,102005,35,,0,,4,English,1003079,,0,0,,1,0,,3,394,(GMT 3:00) Eastern African Time (Africa/Addis_Ababa),True
2798,@EG@09e95a70183edda3bf9d6cc5e949fc18,,Newton technology,1112,Kenya,1003075,,KES,77,Kenyan Shilling,KES,,dd/MM/yyyy,2,,,2025-11-19 05:00:00,"#,###.##",DD/MM/YYYY,2025-11-19 19:15:18,2025-11-19 19:15:18,102002,34,,0,,4,English,1003075,,0,0,,1,0,,3,394,(GMT 3:00) Eastern African Time (Africa/Addis_Ababa),True
2797,@EG@9f8f0bfbaf954127a42e709588a40d29,,JoshEnt. ,1112,Kenya,1003074,,KES,77,Kenyan Shilling,KES,,dd/MM/yyyy,2,,,2025-11-19 05:00:00,"#,###.##",DD/MM/YYYY,2025-11-19 17:52:37,2025-11-19 17:52:37,102001,15,,0,,4,English,1003074,,0,0,,1,0,,3,394,(GMT 3:00) Eastern African Time (Africa/Addis_Ababa),True
2796,@EG@e4dd6019494e666eda5a20ecd9440bc1,,Sweet world Kenya,1112,Kenya,1003073,,KES,77,Kenyan Shilling,KES,,dd/MM/yyyy,2,,,2025-11-19 05:00:00,"#,###.##",DD/MM/YYYY,2025-11-19 17:45:36,2025-11-19 17:45:36,102000,34,,0,,4,English,1003073,,0,0,,1,0,,3,394,(GMT 3:00) Eastern African Time (Africa/Addis_Ababa),True
2795,@EG@345fe61e7d2f8eb920c80eb22c13a9e3,,Irene company,1112,Kenya,1003072,,KES,77,Kenyan Shilling,KES,,dd/MM/yyyy,2,,,2025-11-19 05:00:00,"#,###.##",DD/MM/YYYY,2025-11-19 17:17:13,2025-11-19 17:17:13,101999,6,,0,,4,English,1003072,,0,0,,1,0,,3,394,(GMT 3:00) Eastern African Time (Africa/Addis_Ababa),True
2794,@EG@069e00eb7e01cb127a16f173cd02b85f,,Zeitun Orchards,1112,Kenya,1003071,,KES,77,Kenyan Shilling,KES,,dd/MM/yyyy,2,,,2025-11-19 05:00:00,"#,###.##",DD/MM/YYYY,2025-11-19 16:45:56,2025-11-19 16:45:56,101998,14,,0,,4,English,1003071,,0,0,,1,0,,3,394,(GMT 3:00) Eastern African Time (Africa/Addis_Ababa),True
2793,@EG@460a7303f6bce0d00414fb8495395a30,,Royal Crest Vet Clinic,1112,Kenya,1003070,,KES,77,Kenyan Shilling,KES,,dd/MM/yyyy,2,,,2025-11-19 05:00:00,"#,###.##",DD/MM/YYYY,2025-11-19 16:04:53,2025-11-19 16:04:53,101997,30,,0,,4,English,1003070,,0,0,,1,0,,3,394,(GMT 3:00) Eastern African Time (Africa/Addis_Ababa),True
2792,@EG@783f30f292dbcfbf18e66da944bccf82,,Beds Delivery,1112,Kenya,1003069,,KES,77,Kenyan Shilling,KES,,dd/MM/yyyy,2,,,2025-11-19 05:00:00,"#,###.##",DD/MM/YYYY,2025-11-19 16:02:59,2025-11-19 16:02:59,101996,14,,0,,4,English,1003069,,0,0,,1,0,,3,394,(GMT 3:00) Eastern African Time (Africa/Addis_Ababa),True
2791,@EG@9bc0e8de0cbbc87d8acfa6b59ff19c1c,,smalltest,1112,Kenya,1003068,,KES,77,Kenyan Shilling,KES,,dd/MM/yyyy,2,,,2025-11-19 05:00:00,"#,###.##",DD/MM/YYYY,2025-11-19 15:39:13,2025-11-19 15:39:13,101995,2,,0,,4,English,1003068,,0,0,,1,0,,3,394,(GMT 3:00) Eastern African Time (Africa/Addis_Ababa),True
2790,@EG@f5ffec1ba8e44beb381659d36582f7b1,,esige,1112,Kenya,1003067,,KES,77,Kenyan Shilling,KES,,dd/MM/yyyy,2,,,2025-11-19 05:00:00,"#,###.##",DD/MM/YYYY,2025-11-19 14:22:33,2025-11-19 14:22:33,101994,1,,0,,4,English,1003067,,0,0,,1,0,,3,394,(GMT 3:00) Eastern African Time (Africa/Addis_Ababa),True
2789,@EG@829efe5facf2ab1c5f1834d56c3b9410,,测试--订阅,1096,Hong Kong,1003065,,HKD,61,Hong Kong Dollar,HK$,,dd/MM/yyyy,2,,,2025-11-19 00:00:00,"#.###,##",DD/MM/YYYY,2025-11-19 11:22:31,2025-11-19 11:22:31,101993,1,,0,,4,English,1003065,,0,0,,1,0,,8,488,(GMT 8:00) Hong Kong Time (Asia/Hong_Kong),True
2788,@EG@8b7e1596981a72141cbd511c8ef1a049,,test22,1096,Hong Kong,1003064,,HKD,61,Hong Kong Dollar,HK$,,dd/MM/yyyy,2,,,2025-11-19 00:00:00,"#.###,##",DD/MM/YYYY,2025-11-19 10:57:11,2025-11-19 10:57:11,101992,30,,0,,4,English,1003064,,0,0,,1,0,,8,488,(GMT 8:00) Hong Kong Time (Asia/Hong_Kong),True
2786,@EG@f3641ec7d0f58c0cb7107b689c897840,,Charles Apuko,1112,Kenya,1003061,,KES,77,Kenyan Shilling,KES,,dd/MM/yyyy,2,,,2025-11-19 05:00:00,"#,###.##",DD/MM/YYYY,2025-11-19 09:16:37,2025-11-19 09:16:37,101991,27,,0,,4,English,1003061,,0,0,,1,0,,3,394,(GMT 3:00) Eastern African Time (Africa/Addis_Ababa),True
2785,@EG@737c1d04727960a75bc3939509aaed8c,,CR7 Pro Spares,1112,Kenya,1003060,,KES,77,Kenyan Shilling,KES,,dd/MM/yyyy,2,,,2025-11-19 05:00:00,"#,###.##",DD/MM/YYYY,2025-11-19 00:49:45,2025-11-19 00:49:45,101990,2,,0,,4,English,1003060,,0,0,,1,0,,3,394,(GMT 3:00) Eastern African Time (Africa/Addis_Ababa),True
2784,@EG@bd0bbc63b230b6768c1dd7efa5ccdd58,,Eaglewebcommerce.com,1112,Kenya,1003059,,KES,77,Kenyan Shilling,KES,,dd/MM/yyyy,2,,,2025-11-18 05:00:00,"#,###.##",DD/MM/YYYY,2025-11-18 22:24:39,2025-11-18 22:24:39,101989,34,,0,,4,English,1003059,,0,0,,1,0,,3,394,(GMT 3:00) Eastern African Time (Africa/Addis_Ababa),True
2782,@EG@7473254947244641b3fbaf7ba80ddb42,,Rizaaqa collection,1112,Kenya,1003056,,KES,77,Kenyan Shilling,KES,,dd/MM/yyyy,2,,,2025-11-18 05:00:00,"#,###.##",DD/MM/YYYY,2025-11-18 21:54:35,2025-11-18 21:54:35,101988,34,,0,,4,English,1003056,,0,0,,1,0,,3,394,(GMT 3:00) Eastern African Time (Africa/Addis_Ababa),True
2781,@EG@4c3b393c28d603fd9b846984690e6189,,Makaveli enterprise,1112,Kenya,1003055,,KES,77,Kenyan Shilling,KES,,dd/MM/yyyy,2,,,2025-11-18 05:00:00,"#,###.##",DD/MM/YYYY,2025-11-18 21:50:49,2025-11-18 21:50:49,101987,39,,0,,4,English,1003055,,0,0,,1,0,,3,394,(GMT 3:00) Eastern African Time (Africa/Addis_Ababa),True
2780,@EG@fd1a023ccf2f941ca15a726e77dadff1,,maureen Stella,1112,Kenya,1003054,,KES,77,Kenyan Shilling,KES,,dd/MM/yyyy,2,,,2025-11-18 05:00:00,"#,###.##",DD/MM/YYYY,2025-11-18 21:29:01,2025-11-18 21:29:01,101986,7,,0,,4,English,1003054,,0,0,,1,0,,3,394,(GMT 3:00) Eastern African Time (Africa/Addis_Ababa),True
2779,@EG@57d89747e6b8f1af3030f802921aef60,,BINEYAME GIRMA,1068,Ethiopia,1003053,,ETB,48,Ethiopian Birr,ETB,,dd/MM/yyyy,2,,,2025-11-18 05:00:00,"#.###,##",DD/MM/YYYY,2025-11-18 21:14:38,2025-11-18 21:14:38,101985,32,,0,,4,English,1003053,,0,0,,1,0,,3,410,(GMT 3:00) GMT+03:00 (Etc/GMT-3),True
2778,@EG@e000895a7320ea404dd54dae454a2d75,,marion ndiritu,1112,Kenya,1003052,,KES,77,Kenyan Shilling,KES,,dd/MM/yyyy,2,,,2025-11-18 05:00:00,"#,###.##",DD/MM/YYYY,2025-11-18 20:52:55,2025-11-18 20:52:55,101984,14,,0,,4,English,1003052,,0,0,,1,0,,3,394,(GMT 3:00) Eastern African Time (Africa/Addis_Ababa),True
2777,@EG@ee1dc6a6586214827844ae7ce86b43a6,,Josmark enterprise,1112,Kenya,1003049,,KES,77,Kenyan Shilling,KES,,dd/MM/yyyy,2,,,2025-11-18 05:00:00,"#,###.##",DD/MM/YYYY,2025-11-18 20:20:35,2025-11-18 20:20:35,101983,7,,0,,4,English,1003049,,0,0,,1,0,,3,394,(GMT 3:00) Eastern African Time (Africa/Addis_Ababa),True
2776,@EG@0d7caac3d1925e835be7e6c2ee3bffe9,,Kulu prints,1221,Uganda,1003048,,UGX,154,Ugandan Shilling,UGX,,dd/MM/yyyy,2,,,2025-11-18 05:00:00,# ###.##,DD/MM/YYYY,2025-11-18 19:32:42,2025-11-18 19:32:42,101982,1,,0,,4,English,1003048,,0,0,,1,0,,3,394,(GMT 3:00) Eastern African Time (Africa/Addis_Ababa),True
2775,@EG@0f86fbbe375ab59829b5f69ca80b35aa,,imam ,1112,Kenya,1003047,,KES,77,Kenyan Shilling,KES,,dd/MM/yyyy,2,,,2025-11-18 05:00:00,"#,###.##",DD/MM/YYYY,2025-11-18 18:41:21,2025-11-18 18:41:21,101981,35,,0,,4,English,1003047,,0,0,,1,0,,3,394,(GMT 3:00) Eastern African Time (Africa/Addis_Ababa),True
2774,@EG@ea866d1bf4074b9e56c765b598f3c61d,,TOPREZ AGENCIES LTD,1112,Kenya,1003046,,KES,77,Kenyan Shilling,KES,,dd/MM/yyyy,2,,,2025-11-18 05:00:00,"#,###.##",DD/MM/YYYY,2025-11-18 18:41:20,2025-11-18 18:41:20,101980,3,,0,,4,English,1003046,,0,0,,1,0,,3,394,(GMT 3:00) Eastern African Time (Africa/Addis_Ababa),True
2773,@EG@57cbaa318547d5c88bca71c969572eb8,,Fuel Flow,1112,Kenya,1003045,,KES,77,Kenyan Shilling,KES,,dd/MM/yyyy,2,,,2025-11-18 05:00:00,"#,###.##",DD/MM/YYYY,2025-11-18 18:01:42,2025-11-18 18:01:42,101979,33,,0,,4,English,1003045,,0,0,,1,0,,3,394,(GMT 3:00) Eastern African Time (Africa/Addis_Ababa),True
2772,@EG@7bc563fcde2081be0d422f14842d0a9e,,Binameir Stationary and Money transaction,1210,Tanzania,1003044,,TZS,152,Tanzanian Shilling,TZS,,dd/MM/yyyy,2,,,2025-11-18 05:00:00,"# ###,##",DD/MM/YYYY,2025-11-18 16:28:30,2025-11-18 16:28:30,101978,6,,0,,4,English,1003044,,0,0,,1,0,,3,394,(GMT 3:00) Eastern African Time (Africa/Addis_Ababa),True
2771,@EG@9b374e2b822e20440002246f46d6ea4e,,Swift lend solutions,1112,Kenya,1003043,,KES,77,Kenyan Shilling,KES,,dd/MM/yyyy,2,,,2025-11-18 05:00:00,"#,###.##",DD/MM/YYYY,2025-11-18 13:43:17,2025-11-18 13:43:17,101977,6,,0,,4,English,1003043,,0,0,,1,0,,3,394,(GMT 3:00) Eastern African Time (Africa/Addis_Ababa),True
2770,@EG@35dbc95472d5006b683c2a9ec3970459,,NJELM STORES,1112,Kenya,1003042,,KES,77,Kenyan Shilling,KES,,dd/MM/yyyy,2,,,2025-11-18 05:00:00,"#,###.##",DD/MM/YYYY,2025-11-18 09:55:37,2025-11-18 09:55:37,101976,39,,0,,4,English,1003042,,0,0,,1,0,,3,394,(GMT 3:00) Eastern African Time (Africa/Addis_Ababa),True
2769,@EG@90914fa61413e1d094bc279a8bb95ce1,,sploldugasupermarket,1112,Kenya,1003041,,KES,77,Kenyan Shilling,KES,,dd/MM/yyyy,2,,,2025-11-18 05:00:00,"#,###.##",DD/MM/YYYY,2025-11-18 04:47:49,2025-11-18 04:47:49,101975,14,,0,,4,English,1003041,,0,0,,1,0,,3,394,(GMT 3:00) Eastern African Time (Africa/Addis_Ababa),True
2767,@EG@64b7e2b429b2ead407f591ea8643107b,,Belmont Hotel,1112,Kenya,1003039,,KES,77,Kenyan Shilling,KES,,dd/MM/yyyy,2,,,2025-11-17 05:00:00,"#,###.##",DD/MM/YYYY,2025-11-17 22:17:26,2025-11-17 22:17:26,101972,18,,0,,4,English,1003039,,0,0,,1,0,,3,394,(GMT 3:00) Eastern African Time (Africa/Addis_Ababa),True
2765,@EG@4c874f53652d767d3167459560f7e11a,,RCK,1112,Kenya,1003037,,KES,77,Kenyan Shilling,KES,,dd/MM/yyyy,2,,,2025-11-17 05:00:00,"#,###.##",DD/MM/YYYY,2025-11-17 19:59:27,2025-11-17 19:59:27,101971,34,,0,,4,English,1003037,,0,0,,1,0,,3,394,(GMT 3:00) Eastern African Time (Africa/Addis_Ababa),True
2764,@EG@723ffc15fadd260ff637008ca7ef9088,,Astu7,1068,Ethiopia,1003036,,ETB,48,Ethiopian Birr,ETB,,dd/MM/yyyy,2,,,2025-11-17 05:00:00,"#.###,##",DD/MM/YYYY,2025-11-17 18:48:31,2025-11-17 18:48:31,101970,10,,0,,4,English,1003036,,0,0,,1,0,,3,410,(GMT 3:00) GMT+03:00 (Etc/GMT-3),True
2763,@EG@5dffff38d46fdb852dd1325573738c7c,,Strategy for Realization of Humanity,1256,South Sudan,1003035,,SSP,137,South Sudanese Pound,SSP,,dd/MM/yyyy,2,,,2025-11-17 05:00:00,"#,###.##",DD/MM/YYYY,2025-11-17 18:38:26,2025-11-17 18:38:26,101969,34,,0,,4,English,1003035,,0,0,,1,0,,3,394,(GMT 3:00) Eastern African Time (Africa/Addis_Ababa),True
2762,@EG@02e0936b9a92cdb8fbe1c3c97baa4307,,alelgn masresha,1068,Ethiopia,1003034,,ETB,48,Ethiopian Birr,ETB,,dd/MM/yyyy,2,,,2025-11-17 05:00:00,"#.###,##",DD/MM/YYYY,2025-11-17 18:31:24,2025-11-17 18:31:24,101968,27,,0,,4,English,1003034,,0,0,,1,0,,3,410,(GMT 3:00) GMT+03:00 (Etc/GMT-3),True
2761,@EG@66a4ee274e66a919bee28871f69817eb,,Astu3,1068,Ethiopia,1003033,,ETB,48,Ethiopian Birr,ETB,,dd/MM/yyyy,2,,,2025-11-17 05:00:00,"#.###,##",DD/MM/YYYY,2025-11-17 18:22:13,2025-11-17 18:22:13,101967,32,,0,,4,English,1003033,,0,0,,1,0,,3,410,(GMT 3:00) GMT+03:00 (Etc/GMT-3),True
2760,@EG@d55a7f46c365c91b79b0f787a33db4b2,,Astu,1068,Ethiopia,1003032,,ETB,48,Ethiopian Birr,ETB,,dd/MM/yyyy,2,,,2025-11-17 05:00:00,"#.###,##",DD/MM/YYYY,2025-11-17 18:13:07,2025-11-17 18:13:07,101966,32,,0,,4,English,1003032,,0,0,,1,0,,3,410,(GMT 3:00) GMT+03:00 (Etc/GMT-3),True
2759,@EG@68fd0539c26bd548bb5217aaf345dae2,,TOP JOY ENTERPRISES,1112,Kenya,1003031,,KES,77,Kenyan Shilling,KES,,dd/MM/yyyy,2,,,2025-11-17 05:00:00,"#,###.##",DD/MM/YYYY,2025-11-17 17:48:50,2025-11-17 17:48:50,101965,34,,0,,4,English,1003031,,0,0,,1,0,,3,394,(GMT 3:00) Eastern African Time (Africa/Addis_Ababa),True
2756,@EG@bf4410377285e77207a3941fe4f167cf,,AMOS CHOGE,1112,Kenya,1003025,,KES,77,Kenyan Shilling,KES,,dd/MM/yyyy,2,,,2025-11-17 05:00:00,"#,###.##",DD/MM/YYYY,2025-11-17 14:59:03,2025-11-17 14:59:03,101962,30,,0,,4,English,1003025,,0,0,,1,0,,3,394,(GMT 3:00) Eastern African Time (Africa/Addis_Ababa),True
2755,@EG@a12637160b00dcab15d0867c33676abf,,GLADSAM CARES,1112,Kenya,1003024,,KES,77,Kenyan Shilling,KES,,dd/MM/yyyy,2,,,2025-11-17 05:00:00,"#,###.##",DD/MM/YYYY,2025-11-17 14:47:34,2025-11-17 14:47:34,101961,7,,0,,4,English,1003024,,0,0,,1,0,,3,394,(GMT 3:00) Eastern African Time (Africa/Addis_Ababa),True
2754,@EG@98c08f403e3c74f3c0bfae0b8f1ac30e,,Erikana Soft Technologies,1221,Uganda,1003023,,UGX,154,Ugandan Shilling,UGX,,dd/MM/yyyy,2,,,2025-11-17 05:00:00,# ###.##,DD/MM/YYYY,2025-11-17 11:27:23,2025-11-17 11:27:23,101960,34,,0,,4,English,1003023,,0,0,,1,0,,3,394,(GMT 3:00) Eastern African Time (Africa/Addis_Ababa),True
2752,@EG@f1ec3a9bd0daebc147e6fe7fdb18ece8,,Kamaya Dishes ,1112,Kenya,1003021,,KES,77,Kenyan Shilling,KES,,dd/MM/yyyy,2,,,2025-11-17 05:00:00,"#,###.##",DD/MM/YYYY,2025-11-17 04:57:34,2025-11-17 04:57:34,101959,7,,0,,4,English,1003021,,0,0,,1,0,,3,394,(GMT 3:00) Eastern African Time (Africa/Addis_Ababa),True
2751,@EG@b712bc706e4dc9186a592a427c618d16,,Nickpro ltd,1112,Kenya,1003020,,KES,77,Kenyan Shilling,KES,,dd/MM/yyyy,2,,,2025-11-17 05:00:00,"#,###.##",DD/MM/YYYY,2025-11-17 04:06:16,2025-11-17 04:06:16,101958,1,,0,,4,English,1003020,,0,0,,1,0,,3,394,(GMT 3:00) Eastern African Time (Africa/Addis_Ababa),True
2749,@EG@79553089f39729384124589a89502d15,,Joseph Kabata,1039,Canada,1003018,,CAD,27,Canadian Dollar,$,,yyyy-MM-dd,2,,,2025-11-16 13:00:00,"#,###.##",YYYY-MM-DD,2025-11-16 21:47:33,2025-11-16 21:47:33,101957,1,,0,,4,English,1003018,,0,0,,1,0,,-5,110,(GMT -5:00) Eastern Standard Time (America/Atikokan),True
2748,@EG@c711585f3c811a92ba66919ead522077,,Khalid Abdul wahab,1164,Pakistan,1003017,,PKR,119,Pakistani Rupee,Rs,,dd/MM/yyyy,2,,,2025-11-16 03:00:00,"#.###,##",DD/MM/YYYY,2025-11-16 21:28:14,2025-11-16 21:28:14,101956,10,,0,,4,English,1003017,,0,0,,1,0,,5,447,(GMT 5:00) GMT+05:00 (Etc/GMT-5),True
2746,@EG@e3b3cee1e3eafbb7c35cc5a41497f11c,,travellers junction inn,1112,Kenya,1003015,,KES,77,Kenyan Shilling,KES,,dd/MM/yyyy,2,,,2025-11-16 05:00:00,"#,###.##",DD/MM/YYYY,2025-11-16 19:16:54,2025-11-16 19:16:54,101955,15,,0,,4,English,1003015,,0,0,,1,0,,3,394,(GMT 3:00) Eastern African Time (Africa/Addis_Ababa),True
2745,@EG@10258af69c83d19918b434e086465e8c,,Joshua Esamai,1112,Kenya,1003014,,KES,77,Kenyan Shilling,KES,,dd/MM/yyyy,2,,,2025-11-16 05:00:00,"#,###.##",DD/MM/YYYY,2025-11-16 17:33:22,2025-11-16 17:33:22,101954,1,,0,,4,English,1003014,,0,0,,1,0,,3,394,(GMT 3:00) Eastern African Time (Africa/Addis_Ababa),True
2744,@EG@5f2a489b8de6db7c31be552a8e22cea4,,Mankey computer Training center,1195,Somalia,1003013,,SOS,135,Somali Shilling,S,,dd/MM/yyyy,2,,,2025-11-16 05:00:00,"#,###.##",DD/MM/YYYY,2025-11-16 16:57:52,2025-11-16 16:57:52,101953,16,,0,,4,English,1003013,,0,0,,1,0,,3,410,(GMT 3:00) GMT+03:00 (Etc/GMT-3),True
2743,@EG@35948225ead1fb9d5f8185d23dc3e0cd,,Leris' Store,1112,Kenya,1003012,,KES,77,Kenyan Shilling,KES,,dd/MM/yyyy,2,,,2025-11-16 05:00:00,"#,###.##",DD/MM/YYYY,2025-11-16 16:37:50,2025-11-16 16:37:50,101952,35,,0,,4,English,1003012,,0,0,,1,0,,3,394,(GMT 3:00) Eastern African Time (Africa/Addis_Ababa),True
2742,@EG@fda079583c0379d649ef0cd708a7f143,,hakuna stuff,1112,Kenya,1003011,,KES,77,Kenyan Shilling,KES,,dd/MM/yyyy,2,,,2025-11-16 05:00:00,"#,###.##",DD/MM/YYYY,2025-11-16 16:22:42,2025-11-16 16:22:42,101951,30,,0,,4,English,1003011,,0,0,,1,0,,3,394,(GMT 3:00) Eastern African Time (Africa/Addis_Ababa),True
2741,@EG@5a289da57de89537a98f7e29cb9c886b,,Hisense Kenya,1112,Kenya,1003010,,KES,77,Kenyan Shilling,KES,,dd/MM/yyyy,2,,,2025-11-16 05:00:00,"#,###.##",DD/MM/YYYY,2025-11-16 16:21:11,2025-11-16 16:21:11,101950,37,,0,,4,English,1003010,,0,0,,1,0,,3,394,(GMT 3:00) Eastern African Time (Africa/Addis_Ababa),True
2740,@EG@cd0cb2bf08a906586335599f5fb45c11,,kanga,1112,Kenya,1003009,,KES,77,Kenyan Shilling,KES,,dd/MM/yyyy,2,,,2025-11-16 05:00:00,"#,###.##",DD/MM/YYYY,2025-11-16 16:08:41,2025-11-16 16:08:41,101949,7,,0,,4,English,1003009,,0,0,,1,0,,3,394,(GMT 3:00) Eastern African Time (Africa/Addis_Ababa),True
2739,@EG@e030e572341c3401175d65ad227270e8,,Pablotec,1112,Kenya,1003008,,KES,77,Kenyan Shilling,KES,,dd/MM/yyyy,2,,,2025-11-16 05:00:00,"#,###.##",DD/MM/YYYY,2025-11-16 15:12:10,2025-11-16 15:12:10,101948,21,,0,,4,English,1003008,,0,0,,1,0,,3,394,(GMT 3:00) Eastern African Time (Africa/Addis_Ababa),True
2736,@EG@380b7bd09e2265f86f3ce525e8842635,,Royal crest vet clinic,1112,Kenya,1003005,,KES,77,Kenyan Shilling,KES,,dd/MM/yyyy,2,,,2025-11-16 05:00:00,"#,###.##",DD/MM/YYYY,2025-11-16 04:16:32,2025-11-16 04:16:32,101947,15,,0,,4,English,1003005,,0,0,,1,0,,3,394,(GMT 3:00) Eastern African Time (Africa/Addis_Ababa),True
2734,@EG@ceae37b8ce561b1388894787fe7f9672,,ABDIQANI,1112,Kenya,1003003,,KES,77,Kenyan Shilling,KES,,dd/MM/yyyy,2,,,2025-11-16 05:00:00,"#,###.##",DD/MM/YYYY,2025-11-16 02:22:49,2025-11-16 02:22:49,101946,3,,0,,4,English,1003003,,0,0,,1,0,,3,394,(GMT 3:00) Eastern African Time (Africa/Addis_Ababa),True
2733,@EG@87f6bcf202dbd90ebb037ccc83516556,,REGAL PHARMACEUTICALS CRM,1112,Kenya,1003002,,KES,77,Kenyan Shilling,KES,,dd/MM/yyyy,2,,,2025-11-01 05:00:00,"#,###.##",DD/MM/YYYY,2025-11-16 00:58:33,2025-11-16 00:58:33,101945,1,,0,,4,English,1003002,,0,0,,1,0,,3,394,(GMT 3:00) Eastern African Time (Africa/Addis_Ababa),True
2732,@EG@6313b82965474aadeaeff1073a01774f,,Abdiqani company,1112,Kenya,1003001,,KES,77,Kenyan Shilling,KES,,dd/MM/yyyy,2,,,2025-11-16 05:00:00,"#,###.##",DD/MM/YYYY,2025-11-16 00:03:27,2025-11-16 00:03:27,101944,3,,0,,4,English,1003001,,0,0,,1,0,,3,394,(GMT 3:00) Eastern African Time (Africa/Addis_Ababa),True
2729,@EG@dbb35ecabdb8e715a19b6a3011ef87b1,,Bonbil ventures ltd,1112,Kenya,1002998,,KES,77,Kenyan Shilling,KES,,dd/MM/yyyy,2,,,2025-11-15 05:00:00,"#,###.##",DD/MM/YYYY,2025-11-15 17:50:51,2025-11-15 17:50:51,101943,39,,0,,4,English,1002998,,0,0,,1,0,,3,394,(GMT 3:00) Eastern African Time (Africa/Addis_Ababa),True
2728,@EG@c6a5f5e577a7ba68a316d074f94358cb,,Asiliglow cosmetics ,1112,Kenya,1002997,,KES,77,Kenyan Shilling,KES,,dd/MM/yyyy,2,,,2025-11-15 05:00:00,"#,###.##",DD/MM/YYYY,2025-11-15 12:53:32,2025-11-15 12:53:32,101942,35,,0,,4,English,1002997,,0,0,,1,0,,3,394,(GMT 3:00) Eastern African Time (Africa/Addis_Ababa),True
2727,@EG@a9761b37466f5f6937fe1fb02af0196e,,Zeitun Plums,1112,Kenya,1002996,,KES,77,Kenyan Shilling,KES,,dd/MM/yyyy,2,,,2025-11-15 05:00:00,"#,###.##",DD/MM/YYYY,2025-11-15 10:50:10,2025-11-15 10:50:10,101940,14,,0,,4,English,1002996,,0,0,,1,0,,3,394,(GMT 3:00) Eastern African Time (Africa/Addis_Ababa),True
2724,@EG@f6340a77608d16a4a60d47d62535c1b3,,Phillip Ndiwa,1112,Kenya,1002993,,KES,77,Kenyan Shilling,KES,,dd/MM/yyyy,2,,,2025-11-15 05:00:00,"#,###.##",DD/MM/YYYY,2025-11-15 00:30:06,2025-11-15 00:30:06,101939,14,,0,,4,English,1002993,,0,0,,1,0,,3,394,(GMT 3:00) Eastern African Time (Africa/Addis_Ababa),True
2723,@EG@bba67040f5499e63cb406ff047a5e594,,Emmily Mutuku,1112,Kenya,1002992,,KES,77,Kenyan Shilling,KES,,dd/MM/yyyy,2,,,2025-11-15 05:00:00,"#,###.##",DD/MM/YYYY,2025-11-15 00:22:33,2025-11-15 00:22:33,101938,10,,0,,4,English,1002992,,0,0,,1,0,,3,394,(GMT 3:00) Eastern African Time (Africa/Addis_Ababa),True
2722,@EG@e303f17236a668341da3832ae0b5ba24,,RLEXI,1157,Nigeria,1003080,,NGN,109,Nigerian Naira,NGN,,dd-MM-yyyy,2,,,2025-12-01 07:00:00,"#,###.##",DD-MM-YYYY,2025-12-08 22:49:34,2025-12-08 22:49:34,102246,,,0,,4,English,1003080,,0,0,,1,0,,1,299,(GMT 1:00) Western African Time (Africa/Douala),True
2722,@EG@5257c5e013f6bfced72d667aa8216df4,https://static.kilimax.com/enterprise_2722/company_102087/logo/WhatsApp Image 2025-12-05 at 16.47.21_3a18f47d 1.png,Rlexi Ltd OLD,1157,Nigeria,1003080,,NGN,109,Nigerian Naira,NGN,,dd-MM-yyyy,2,,,2025-01-01 07:00:00,"#,###.##",DD-MM-YYYY,2025-11-26 16:52:32,2025-11-26 16:52:32,102087,,,0,,4,English,1003080,,0,0,,1,0,,1,301,(GMT 1:00) Western African Time (Africa/Lagos),True
2722,@EG@b244a1bae90cffe78b6563291bc5f440,https://static.kilimax.com/enterprise_2722/company_101937/logo/screenshot-20250702-141315.png,Spectrum Innovation Technologies LTD,1157,Nigeria,1002991,,NGN,109,Nigerian Naira,NGN,,dd/MM/yyyy,2,,,2025-11-01 07:00:00,# ###.##,DD/MM/YYYY,2025-11-14 21:23:50,2025-11-14 21:23:50,101937,37,,0,,4,English,1002991,,1,0,,1,0,,1,314,(GMT 1:00) GMT+01:00 (Etc/GMT-1),True
2721,@EG@58069377b489a13a7415d13f0f7641b6,,Kakaire pads,1221,Uganda,1002990,,UGX,154,Ugandan Shilling,UGX,,dd/MM/yyyy,2,,,2025-11-14 05:00:00,# ###.##,DD/MM/YYYY,2025-11-14 20:05:26,2025-11-14 20:05:26,101936,10,,0,,4,English,1002990,,0,0,,1,0,,3,394,(GMT 3:00) Eastern African Time (Africa/Addis_Ababa),True
2720,@EG@63418eff5ec840918655af097d0ef695,,Rashid Wafula,1112,Kenya,1002989,,KES,77,Kenyan Shilling,KES,,dd/MM/yyyy,2,,,2025-11-14 05:00:00,"#,###.##",DD/MM/YYYY,2025-11-14 19:23:21,2025-11-14 19:23:21,101935,34,,0,,4,English,1002989,,0,0,,1,0,,3,394,(GMT 3:00) Eastern African Time (Africa/Addis_Ababa),True
2719,@EG@ef0502a17ad9f8fce0cd821a1781354d,https://static.kilimax.com/enterprise_2719/company_101934/logo/I Ken Computers Logo 2.jpg,iken computers limited,1112,Kenya,1002988,,KES,77,Kenyan Shilling,KES,,dd-MM-yyyy,0,,,2025-11-01 05:00:00,"#,###.##",DD-MM-YYYY,2025-11-20 20:06:52,2025-11-20 20:06:52,102024,16,,0,,4,English,1002988,,0,0,,1,0,,3,401,(GMT 3:00) Eastern African Time (Africa/Nairobi),True
2719,@EG@5f400593b15a91d34a9ceaee46a53f0d,https://static.kilimax.com/enterprise_2719/company_101934/logo/WhatsApp Image 2025-11-14 at 13.21.47_3fb94ada.jpg,[test] I ken computers limited,1112,Kenya,1002988,,KES,77,Kenyan Shilling,KES,,dd/MM/yyyy,0,,,2025-11-01 05:00:00,"#,###.##",DD/MM/YYYY,2025-11-14 18:26:50,2025-11-14 18:26:50,101934,27,,0,,4,English,1002988,,0,0,,2,0,,3,394,(GMT 3:00) Eastern African Time (Africa/Addis_Ababa),False
2718,@EG@c100c7d8805f3000b55d7e43b27d2062,,Mosaicbull enterprises,1112,Kenya,1002987,,KES,77,Kenyan Shilling,KES,,dd/MM/yyyy,2,,,2025-11-14 05:00:00,"#,###.##",DD/MM/YYYY,2025-11-14 18:17:56,2025-11-14 18:17:56,101933,30,,0,,4,English,1002987,,0,0,,1,0,,3,394,(GMT 3:00) Eastern African Time (Africa/Addis_Ababa),True
2717,@EG@4d0cbb9c623c4224503f4e7515e11b63,,Msumarini  shopping centre Malindi Lamu road,1112,Kenya,1002986,,KES,77,Kenyan Shilling,KES,,dd/MM/yyyy,2,,,2025-11-14 05:00:00,"#,###.##",DD/MM/YYYY,2025-11-14 17:57:59,2025-11-14 17:57:59,101932,7,,0,,4,English,1002986,,0,0,,1,0,,3,394,(GMT 3:00) Eastern African Time (Africa/Addis_Ababa),True
2715,@EG@d9af564266a78a7da0e969f0054de731,,Velto holdings,1112,Kenya,1002984,,KES,77,Kenyan Shilling,KES,,dd/MM/yyyy,2,,,2025-11-14 05:00:00,"#,###.##",DD/MM/YYYY,2025-11-14 15:45:27,2025-11-14 15:45:27,101931,32,,0,,4,English,1002984,,0,0,,1,0,,3,394,(GMT 3:00) Eastern African Time (Africa/Addis_Ababa),True
2714,@EG@6c369fb5932a3723879a847e41a66e5d,,Sasai fx,1112,Kenya,1002982,,KES,77,Kenyan Shilling,KES,,dd/MM/yyyy,2,,,2025-11-14 05:00:00,"#,###.##",DD/MM/YYYY,2025-11-14 13:34:20,2025-11-14 13:34:20,101929,16,,0,,4,English,1002982,,0,0,,1,0,,3,394,(GMT 3:00) Eastern African Time (Africa/Addis_Ababa),True
2713,@EG@fc2be56703c0dafbfad947e517440788,,Mc jb bundles,1112,Kenya,1002981,,KES,77,Kenyan Shilling,KES,,dd/MM/yyyy,2,,,2025-11-14 05:00:00,"#,###.##",DD/MM/YYYY,2025-11-14 13:07:08,2025-11-14 13:07:08,101928,12,,0,,4,English,1002981,,0,0,,1,0,,3,394,(GMT 3:00) Eastern African Time (Africa/Addis_Ababa),True
2712,@EG@cd65e0ae7789e1f187b7e8e872e4b819,,caffein & chaos,1112,Kenya,1002980,,KES,77,Kenyan Shilling,KES,,dd/MM/yyyy,2,,,2025-11-14 05:00:00,"#,###.##",DD/MM/YYYY,2025-11-14 06:37:35,2025-11-14 06:37:35,101927,15,,0,,4,English,1002980,,0,0,,1,0,,3,394,(GMT 3:00) Eastern African Time (Africa/Addis_Ababa),True
2711,@EG@1e98be7fcff5266e97c1a6f14197b038,,mishcollection+254,1112,Kenya,1002979,,KES,77,Kenyan Shilling,KES,,dd/MM/yyyy,2,,,2025-11-14 05:00:00,"#,###.##",DD/MM/YYYY,2025-11-14 00:07:49,2025-11-14 00:07:49,101926,35,,0,,4,English,1002979,,0,0,,1,0,,3,394,(GMT 3:00) Eastern African Time (Africa/Addis_Ababa),True
2710,@EG@b57ba82624ea350a410d7fdae73c950c,,Wykis,1112,Kenya,1002978,,KES,77,Kenyan Shilling,KES,,dd/MM/yyyy,2,,,2025-11-13 05:00:00,"#,###.##",DD/MM/YYYY,2025-11-13 23:22:09,2025-11-13 23:22:09,101925,7,,0,,4,English,1002978,,0,0,,1,0,,3,394,(GMT 3:00) Eastern African Time (Africa/Addis_Ababa),True
2707,@EG@3fae45fec3c6c367abb16c3ab6d2586e,,Griffine entertainment company LTD,1112,Kenya,1002975,,KES,77,Kenyan Shilling,KES,,dd/MM/yyyy,2,,,2025-11-13 05:00:00,"#,###.##",DD/MM/YYYY,2025-11-13 22:06:27,2025-11-13 22:06:27,101924,5,,0,,4,English,1002975,,0,0,,1,0,,3,394,(GMT 3:00) Eastern African Time (Africa/Addis_Ababa),True
2706,@EG@64c6f676a478027d4eaa58c23a66eed8,,QUICKMART,1112,Kenya,1002974,,KES,77,Kenyan Shilling,KES,,dd/MM/yyyy,2,,,2025-11-13 05:00:00,"#,###.##",DD/MM/YYYY,2025-11-13 21:46:15,2025-11-13 21:46:15,101923,34,,0,,4,English,1002974,,0,0,,1,0,,3,394,(GMT 3:00) Eastern African Time (Africa/Addis_Ababa),True
2705,@EG@6aca80ae0020d92be8e22961e70251d9,,sir lee,1112,Kenya,1002973,,KES,77,Kenyan Shilling,KES,,dd/MM/yyyy,2,,,2025-11-13 05:00:00,"#,###.##",DD/MM/YYYY,2025-11-13 19:47:44,2025-11-13 19:47:44,101922,6,,0,,4,English,1002973,,0,0,,1,0,,3,394,(GMT 3:00) Eastern African Time (Africa/Addis_Ababa),True
2704,@EG@6c32952050a1b4b5d42c97387cc860c0,,Saficado,1112,Kenya,1002972,,KES,77,Kenyan Shilling,KES,,dd/MM/yyyy,2,,,2025-11-13 05:00:00,"#,###.##",DD/MM/YYYY,2025-11-13 19:29:29,2025-11-13 19:29:29,101921,32,,0,,4,English,1002972,,0,0,,1,0,,3,394,(GMT 3:00) Eastern African Time (Africa/Addis_Ababa),True
2703,@EG@04eb3f68af7d7b316820ff098b765b11,,SERAB INVESTMENT LTD,1112,Kenya,1002971,,KES,77,Kenyan Shilling,KES,,dd/MM/yyyy,2,,,2025-11-13 05:00:00,"#,###.##",DD/MM/YYYY,2025-11-13 19:11:45,2025-11-13 19:11:45,101920,15,,0,,4,English,1002971,,0,0,,1,0,,3,394,(GMT 3:00) Eastern African Time (Africa/Addis_Ababa),True
2702,@EG@5419bc0fdd26a0e750a68c273762e2eb,,Stephene Magadi,1112,Kenya,1002970,,KES,77,Kenyan Shilling,KES,,dd/MM/yyyy,2,,,2025-11-13 05:00:00,"#,###.##",DD/MM/YYYY,2025-11-13 17:52:38,2025-11-13 17:52:38,101919,15,,0,,4,English,1002970,,0,0,,1,0,,3,394,(GMT 3:00) Eastern African Time (Africa/Addis_Ababa),True
2701,@EG@1de460c2c584f88c66e39fc1b4046f57,,philip kithinji,1112,Kenya,1002969,,KES,77,Kenyan Shilling,KES,,dd/MM/yyyy,2,,,2025-11-13 05:00:00,"#,###.##",DD/MM/YYYY,2025-11-13 15:48:21,2025-11-13 15:48:21,101918,34,,0,,4,English,1002969,,0,0,,1,0,,3,394,(GMT 3:00) Eastern African Time (Africa/Addis_Ababa),True
2699,@EG@64f5dd9245139ef58d62adf709e0c79e,,KURINGE REAL ESTATE,1210,Tanzania,1002967,,TZS,152,Tanzanian Shilling,TZS,,dd/MM/yyyy,2,,,2025-11-13 05:00:00,"# ###,##",DD/MM/YYYY,2025-11-13 14:28:51,2025-11-13 14:28:51,101917,7,,0,,4,English,1002967,,0,0,,1,0,,3,394,(GMT 3:00) Eastern African Time (Africa/Addis_Ababa),True
2697,@EG@fadf53f2bb81dc4e8b268154165343e3,,Buyera,1221,Uganda,1002965,,UGX,154,Ugandan Shilling,UGX,,dd/MM/yyyy,2,,,2025-11-13 05:00:00,# ###.##,DD/MM/YYYY,2025-11-13 14:06:09,2025-11-13 14:06:09,101916,15,,0,,4,English,1002965,,0,0,,1,0,,3,394,(GMT 3:00) Eastern African Time (Africa/Addis_Ababa),True
2696,@EG@6492905c567d6ccbc4dd9871cf67fb4c,,Nana,1210,Tanzania,1002964,,TZS,152,Tanzanian Shilling,TZS,,dd/MM/yyyy,2,,,2025-11-13 05:00:00,"# ###,##",DD/MM/YYYY,2025-11-13 11:56:37,2025-11-13 11:56:37,101915,35,,0,,4,English,1002964,,0,0,,1,0,,3,394,(GMT 3:00) Eastern African Time (Africa/Addis_Ababa),True
2693,@EG@7028352e6a1c33da9eb1da727da5a277,,A j,1112,Kenya,1002961,,KES,77,Kenyan Shilling,KES,,dd/MM/yyyy,2,,,2025-11-12 05:00:00,"#,###.##",DD/MM/YYYY,2025-11-12 21:13:09,2025-11-12 21:13:09,101914,1,,0,,4,English,1002961,,0,0,,1,0,,3,394,(GMT 3:00) Eastern African Time (Africa/Addis_Ababa),True
2692,@EG@ec46b31e3966dce78bfbcb14d2612fb7,,levis keya,1112,Kenya,1002960,,KES,77,Kenyan Shilling,KES,,dd/MM/yyyy,2,,,2025-11-12 05:00:00,"#,###.##",DD/MM/YYYY,2025-11-12 20:17:36,2025-11-12 20:17:36,101913,22,,0,,4,English,1002960,,0,0,,1,0,,3,394,(GMT 3:00) Eastern African Time (Africa/Addis_Ababa),True
2691,@EG@ce5e279041b4cef64812eb824c87a0a6,,Nairobi Gadget Store,1112,Kenya,1002959,,KES,77,Kenyan Shilling,KES,,dd/MM/yyyy,2,,,2025-11-12 05:00:00,"#,###.##",DD/MM/YYYY,2025-11-12 19:21:57,2025-11-12 19:21:57,101911,14,,0,,4,English,1002959,,0,0,,1,0,,3,394,(GMT 3:00) Eastern African Time (Africa/Addis_Ababa),True
2690,@EG@e5d4698048c2e54a568e64ef41ffdc36,,Alpha Gas Center,1112,Kenya,1002958,,KES,77,Kenyan Shilling,KES,,dd/MM/yyyy,2,,,2025-11-12 05:00:00,"#,###.##",DD/MM/YYYY,2025-11-12 17:44:23,2025-11-12 17:44:23,101910,14,,0,,4,English,1002958,,0,0,,1,0,,3,394,(GMT 3:00) Eastern African Time (Africa/Addis_Ababa),True
2689,@EG@338fbd12ffc4aa8f981ca9a8d64ba6a7,,pos supermaket Elburgon,1112,Kenya,1002957,,KES,77,Kenyan Shilling,KES,,dd/MM/yyyy,2,,,2025-11-12 05:00:00,"#,###.##",DD/MM/YYYY,2025-11-12 15:17:16,2025-11-12 15:17:16,101909,7,,0,,4,English,1002957,,0,0,,1,0,,3,394,(GMT 3:00) Eastern African Time (Africa/Addis_Ababa),True
2688,@EG@2c4149cdad899c60e90104fb20128302,,Gavo Limited,1112,Kenya,1002956,,KES,77,Kenyan Shilling,KES,,dd/MM/yyyy,2,,,2025-11-12 05:00:00,"#,###.##",DD/MM/YYYY,2025-11-12 14:59:41,2025-11-12 14:59:41,101908,1,,0,,4,English,1002956,,0,0,,1,0,,3,394,(GMT 3:00) Eastern African Time (Africa/Addis_Ababa),True
2687,@EG@d89cd881c0b6d14c657faac61a361a29,,Mindful Living KE,1112,Kenya,1002955,,KES,77,Kenyan Shilling,KES,,dd/MM/yyyy,2,,,2025-11-12 05:00:00,"#,###.##",DD/MM/YYYY,2025-11-12 14:28:55,2025-11-12 14:28:55,101907,34,,0,,4,English,1002955,,0,0,,1,0,,3,394,(GMT 3:00) Eastern African Time (Africa/Addis_Ababa),True
2686,@EG@0e6a0165a6c6a9d49f8c0899ea611a77,,BRAZAFRIC INDUSTRIES K LIMITED ,1112,Kenya,1002953,,KES,77,Kenyan Shilling,KES,,dd/MM/yyyy,2,,,2025-11-12 05:00:00,"#,###.##",DD/MM/YYYY,2025-11-12 12:32:29,2025-11-12 12:32:29,101906,39,,0,,4,English,1002953,,0,0,,1,0,,3,394,(GMT 3:00) Eastern African Time (Africa/Addis_Ababa),True
2685,@EG@8025750849bb9b98d09fc13d0f29de89,,Aaronson,1112,Kenya,1002952,,KES,77,Kenyan Shilling,KES,,dd/MM/yyyy,2,,,2025-11-12 05:00:00,"#,###.##",DD/MM/YYYY,2025-11-12 03:54:09,2025-11-12 03:54:09,101905,1,,0,,4,English,1002952,,0,0,,1,0,,3,394,(GMT 3:00) Eastern African Time (Africa/Addis_Ababa),True
2684,@EG@5c8e459916b71c9ee430cfdcec66285a,,fynstar liqours,1112,Kenya,1002951,,KES,77,Kenyan Shilling,KES,,dd/MM/yyyy,2,,,2025-11-11 05:00:00,"#,###.##",DD/MM/YYYY,2025-11-11 21:20:09,2025-11-11 21:20:09,101904,1,,0,,4,English,1002951,,0,0,,1,0,,3,394,(GMT 3:00) Eastern African Time (Africa/Addis_Ababa),True
2682,@EG@1369eb01b621558e3799a27a2feb0fa3,,Hello Phones Co ltd,1179,Rwanda,1002949,,RWF,126,Rwandan Franc,RWF,,dd/MM/yyyy,2,,,2025-11-10 06:00:00,"#,###.##",DD/MM/YYYY,2025-11-10 20:37:54,2025-11-10 20:37:54,101903,39,,0,,4,English,1002949,,0,0,,1,0,,2,372,(GMT 2:00) GMT+02:00 (Etc/GMT-2),True
2681,@EG@bf7ad9d7d8086523502033ed2ddb22d1,,pendo gen shop,1112,Kenya,1002948,,KES,77,Kenyan Shilling,KES,,dd/MM/yyyy,2,,,2025-11-10 05:00:00,"#,###.##",DD/MM/YYYY,2025-11-10 19:48:01,2025-11-10 19:48:01,101902,1,,0,,4,English,1002948,,0,0,,1,0,,3,394,(GMT 3:00) Eastern African Time (Africa/Addis_Ababa),True
2680,@EG@1a9ae55eda18ba5c5be547632f7a1b22,,mma,1112,Kenya,1002947,,KES,77,Kenyan Shilling,KES,,dd/MM/yyyy,2,,,2025-11-10 05:00:00,"#,###.##",DD/MM/YYYY,2025-11-10 19:04:55,2025-11-10 19:04:55,101901,7,,0,,4,English,1002947,,0,0,,1,0,,3,394,(GMT 3:00) Eastern African Time (Africa/Addis_Ababa),True
2679,@EG@460f7a34ec5b17332c4a46c0e6fc9c5a,,SPARKTECH ENTERPRISES 254,1112,Kenya,1002946,,KES,77,Kenyan Shilling,KES,,dd/MM/yyyy,2,,,2025-11-09 05:00:00,"#,###.##",DD/MM/YYYY,2025-11-09 10:59:06,2025-11-09 10:59:06,101900,14,,0,,4,English,1002946,,0,0,,1,0,,3,394,(GMT 3:00) Eastern African Time (Africa/Addis_Ababa),True
2678,@EG@a1d3ab1635a2917baba85f2f33f5ed21,,Cocala,1112,Kenya,1002945,,KES,77,Kenyan Shilling,KES,,dd/MM/yyyy,2,,,2025-11-09 05:00:00,"#,###.##",DD/MM/YYYY,2025-11-09 07:52:19,2025-11-09 07:52:19,101899,2,,0,,4,English,1002945,,0,0,,1,0,,3,394,(GMT 3:00) Eastern African Time (Africa/Addis_Ababa),True
2677,@EG@569fba7c7020e2203e029dcfddf62143,,BY GRACE GLOBAL TECH MEDIA,1112,Kenya,1002944,,KES,77,Kenyan Shilling,KES,,dd/MM/yyyy,2,,,2025-11-09 05:00:00,"#,###.##",DD/MM/YYYY,2025-11-09 06:07:57,2025-11-09 06:07:57,101898,16,,0,,4,English,1002944,,0,0,,1,0,,3,394,(GMT 3:00) Eastern African Time (Africa/Addis_Ababa),True
2676,@EG@a15f0a388b631e41e2e1235192a0feb7,,ROSTAR ENTERPRISE,1112,Kenya,1002941,,KES,77,Kenyan Shilling,KES,,dd/MM/yyyy,2,,,2025-11-08 05:00:00,"#,###.##",DD/MM/YYYY,2025-11-08 18:23:16,2025-11-08 18:23:16,101897,3,,0,,4,English,1002941,,0,0,,1,0,,3,394,(GMT 3:00) Eastern African Time (Africa/Addis_Ababa),True
2675,@EG@624a94c78b0d1444ea84f3b0853d36ce,,omobirona shop / gtech,1112,Kenya,1002940,,KES,77,Kenyan Shilling,KES,,dd/MM/yyyy,2,,,2025-11-08 05:00:00,"#,###.##",DD/MM/YYYY,2025-11-08 13:54:30,2025-11-08 13:54:30,101896,7,,0,,4,English,1002940,,0,0,,1,0,,3,394,(GMT 3:00) Eastern African Time (Africa/Addis_Ababa),True
2674,@EG@07b2e8b84f7c85337ae5dda767f3962b,,rewot,1112,Kenya,1002939,,KES,77,Kenyan Shilling,KES,,dd/MM/yyyy,2,,,2025-11-08 05:00:00,"#,###.##",DD/MM/YYYY,2025-11-08 13:12:47,2025-11-08 13:12:47,101895,35,,0,,4,English,1002939,,0,0,,1,0,,3,394,(GMT 3:00) Eastern African Time (Africa/Addis_Ababa),True
2673,@EG@4a80c996d2a924d896edd298f8d8e437,,Safra,1001,Afghanistan,1002938,,AFN,2,Afghan Afghani,AFN,,yyyy-MM-dd,2,,,2025-11-08 03:30:00,"#,###.##",YYYY-MM-DD,2025-11-08 02:45:06,2025-11-08 02:45:06,101894,1,,0,,4,English,1002938,,0,0,,1,0,,4.3,436,(GMT 4:30) Afghanistan Time (Asia/Kabul),True
2671,@EG@6424e0e2e49560c7c73507d83eacd3f4,,Gybergtech shop,1112,Kenya,1002936,,KES,77,Kenyan Shilling,KES,,dd/MM/yyyy,2,,,2025-11-08 05:00:00,"#,###.##",DD/MM/YYYY,2025-11-08 01:14:55,2025-11-08 01:14:55,101893,1,,0,,4,English,1002936,,0,0,,1,0,,3,394,(GMT 3:00) Eastern African Time (Africa/Addis_Ababa),True
2670,@EG@7a654bae538be1a890d38a09779eb4f8,,BOON HOME MODEN FUNITURS,1112,Kenya,1002935,,KES,77,Kenyan Shilling,KES,,dd/MM/yyyy,2,,,2025-11-08 05:00:00,"#,###.##",DD/MM/YYYY,2025-11-08 01:04:51,2025-11-08 01:04:51,101892,27,,0,,4,English,1002935,,0,0,,1,0,,3,394,(GMT 3:00) Eastern African Time (Africa/Addis_Ababa),True
2669,@EG@927b0c1d2e524fa411f15cbf3c7de10a,,Gtech shop,1112,Kenya,1002934,,KES,77,Kenyan Shilling,KES,,dd/MM/yyyy,2,,,2025-11-08 05:00:00,"#,###.##",DD/MM/YYYY,2025-11-08 00:58:04,2025-11-08 00:58:04,101891,14,,0,,4,English,1002934,,0,0,,1,0,,3,394,(GMT 3:00) Eastern African Time (Africa/Addis_Ababa),True
2668,@EG@8ceaf26371e8a18de8cd383e694d75dc,,Oraforgetech,1112,Kenya,1002933,,KES,77,Kenyan Shilling,KES,,dd/MM/yyyy,2,,,2025-11-07 05:00:00,"#,###.##",DD/MM/YYYY,2025-11-07 22:50:25,2025-11-07 22:50:25,101890,3,,0,,4,English,1002933,,0,0,,1,0,,3,394,(GMT 3:00) Eastern African Time (Africa/Addis_Ababa),True
2667,@EG@039293b45b235a3c6ad6741b72a04e2f,,KiliMax-123,1112,Kenya,1002932,,KES,77,Kenyan Shilling,KES,,dd/MM/yyyy,2,,,2025-11-07 05:00:00,"#,###.##",DD/MM/YYYY,2025-11-07 19:52:55,2025-11-07 19:52:55,101888,1,,0,,4,English,1002932,,0,0,,1,0,,3,394,(GMT 3:00) Eastern African Time (Africa/Addis_Ababa),True
2666,@EG@2b69c87ee6eb51fcfc9dad8734d18cde,,Daddy's farm yard & logistics,1112,Kenya,1002927,,KES,77,Kenyan Shilling,KES,,dd/MM/yyyy,2,,,2025-11-07 05:00:00,"#,###.##",DD/MM/YYYY,2025-11-07 19:09:36,2025-11-07 19:09:36,101887,30,,0,,4,English,1002927,,0,0,,1,0,,3,394,(GMT 3:00) Eastern African Time (Africa/Addis_Ababa),True
2665,@EG@b8e7e3d332495680889eb1e70d4b2a3a,https://static.kilimax.com/enterprise_2665/company_101886/logo/TotalEnergies-SE-logo.png,Tin com,1112,Kenya,1002926,,KES,77,Kenyan Shilling,KES,,dd/MM/yyyy,2,,,2025-11-01 05:00:00,"#,###.##",DD/MM/YYYY,2025-11-07 19:00:30,2025-11-07 19:00:30,101886,14,,0,,4,English,1002926,,0,0,,1,0,,3,394,(GMT 3:00) Eastern African Time (Africa/Addis_Ababa),True
2664,@EG@44404474f54fb6292c3af7beaf47c7e9,,Mula's kid's center,1112,Kenya,1002925,,KES,77,Kenyan Shilling,KES,,dd/MM/yyyy,2,,,2025-11-07 05:00:00,"#,###.##",DD/MM/YYYY,2025-11-07 18:18:20,2025-11-07 18:18:20,101885,34,,0,,4,English,1002925,,0,0,,1,0,,3,394,(GMT 3:00) Eastern African Time (Africa/Addis_Ababa),True
2663,@EG@75ee2e32fb8188dc357a2c834241a088,,DTH innovations,1112,Kenya,1002924,,KES,77,Kenyan Shilling,KES,,dd/MM/yyyy,2,,,2025-11-07 05:00:00,"#,###.##",DD/MM/YYYY,2025-11-07 17:46:24,2025-11-07 17:46:24,101884,1,,0,,4,English,1002924,,0,0,,1,0,,3,394,(GMT 3:00) Eastern African Time (Africa/Addis_Ababa),True
2662,@EG@37367c3108537af0fe7494e007334818,,Rasoha Academy,1112,Kenya,1002923,,KES,77,Kenyan Shilling,KES,,dd/MM/yyyy,2,,,2025-11-07 05:00:00,"#,###.##",DD/MM/YYYY,2025-11-07 17:18:39,2025-11-07 17:18:39,101883,4,,0,,4,English,1002923,,0,0,,1,0,,3,394,(GMT 3:00) Eastern African Time (Africa/Addis_Ababa),True
2661,@EG@74553f8f049b28a43b83d557d08062a1,,Dr BUYINZA SAMUEL PhD,1221,Uganda,1002920,,UGX,154,Ugandan Shilling,UGX,,dd/MM/yyyy,2,,,2025-11-07 05:00:00,# ###.##,DD/MM/YYYY,2025-11-07 16:46:19,2025-11-07 16:46:19,101882,34,,0,,4,English,1002920,,0,0,,1,0,,3,394,(GMT 3:00) Eastern African Time (Africa/Addis_Ababa),True
2660,@EG@99f72644630123308a5cc4fb85fc581d,,SIIAAM VENTURES,1221,Uganda,1002917,,UGX,154,Ugandan Shilling,UGX,,dd/MM/yyyy,2,,,2025-11-07 05:00:00,# ###.##,DD/MM/YYYY,2025-11-07 14:19:48,2025-11-07 14:19:48,101881,34,,0,,4,English,1002917,,0,0,,1,0,,3,394,(GMT 3:00) Eastern African Time (Africa/Addis_Ababa),True
2659,@EG@68c9035f73d8b47470d7e6b8da3f9b34,https://static.kilimax.com/enterprise_2659/company_102242/logo/LOGO.png,Bekam Orbit Enterprise Ltd,1112,Kenya,1002916,,KES,77,Kenyan Shilling,KES,,dd-MM-yyyy,2,,,2025-12-01 05:00:00,"#,###.##",DD-MM-YYYY,2025-12-08 19:02:04,2025-12-08 19:02:04,102242,,,0,,4,English,1003719,,0,0,,1,0,,3,401,(GMT 3:00) Eastern African Time (Africa/Nairobi),True
2659,@EG@93f86d66f18d9b49374e4153ec9951a4,,Bekam Orbit Enterprise-test,1112,Kenya,1002916,,KES,77,Kenyan Shilling,KES,,dd/MM/yyyy,2,,,2025-11-01 05:00:00,"#,###.##",DD/MM/YYYY,2025-11-07 13:48:53,2025-11-07 13:48:53,101880,39,,0,,4,English,1002916,,0,0,,2,0,,3,394,(GMT 3:00) Eastern African Time (Africa/Addis_Ababa),False
2658,@EG@07f2fecf10ca3f16e2ee21da9b40955d,,Tadesse Tefera,1068,Ethiopia,1002915,,ETB,48,Ethiopian Birr,ETB,,dd/MM/yyyy,2,,,2025-11-07 05:00:00,"#.###,##",DD/MM/YYYY,2025-11-07 13:27:05,2025-11-07 13:27:05,101879,22,,0,,4,English,1002915,,0,0,,1,0,,3,410,(GMT 3:00) GMT+03:00 (Etc/GMT-3),True
2655,@EG@ed8a16a32918c4cd9f1e50dad6514261,,Ben Iriga,1112,Kenya,1002910,,KES,77,Kenyan Shilling,KES,,dd/MM/yyyy,2,,,2025-11-07 05:00:00,"#,###.##",DD/MM/YYYY,2025-11-07 00:27:14,2025-11-07 00:27:14,101878,30,,0,,4,English,1002910,,0,0,,1,0,,3,394,(GMT 3:00) Eastern African Time (Africa/Addis_Ababa),True
2654,@EG@b5914ce7770a3e394b74d00e1969f148,,NETIS,1112,Kenya,1002909,,KES,77,Kenyan Shilling,KES,,dd/MM/yyyy,2,,,2025-11-06 05:00:00,"#,###.##",DD/MM/YYYY,2025-11-06 23:16:20,2025-11-06 23:16:20,101877,3,,0,,4,English,1002909,,0,0,,1,0,,3,394,(GMT 3:00) Eastern African Time (Africa/Addis_Ababa),True
2653,@EG@ab6cedc5be0aac6902d3eb7efa7a283c,,DAZZLE SHOP,1112,Kenya,1002908,,KES,77,Kenyan Shilling,KES,,dd/MM/yyyy,2,,,2025-11-06 05:00:00,"#,###.##",DD/MM/YYYY,2025-11-06 22:21:00,2025-11-06 22:21:00,101876,34,,0,,4,English,1002908,,0,0,,1,0,,3,394,(GMT 3:00) Eastern African Time (Africa/Addis_Ababa),True
2652,@EG@7e836303afa15616777fd92c39c895fa,,Hptc,1068,Ethiopia,1002907,,ETB,48,Ethiopian Birr,ETB,,dd/MM/yyyy,2,,,2025-11-06 05:00:00,"#.###,##",DD/MM/YYYY,2025-11-06 22:20:41,2025-11-06 22:20:41,101875,27,,0,,4,English,1002907,,0,0,,1,0,,3,410,(GMT 3:00) GMT+03:00 (Etc/GMT-3),True
2650,@EG@da128681c02fe28e5047df0138ff33b0,,Churchil Ojwan'g,1112,Kenya,1002905,,KES,77,Kenyan Shilling,KES,,dd/MM/yyyy,2,,,2025-11-06 05:00:00,"#,###.##",DD/MM/YYYY,2025-11-06 20:41:10,2025-11-06 20:41:10,101874,39,,0,,4,English,1002905,,0,0,,1,0,,3,394,(GMT 3:00) Eastern African Time (Africa/Addis_Ababa),True
2649,@EG@e9bf75b15ac1593653788e14e0802ce4,,in the spirit of maasai company limited,1210,Tanzania,1002904,,TZS,152,Tanzanian Shilling,TZS,,dd/MM/yyyy,2,,,2025-11-06 05:00:00,"# ###,##",DD/MM/YYYY,2025-11-06 18:44:06,2025-11-06 18:44:06,101873,18,,0,,4,English,1002904,,0,0,,1,0,,3,394,(GMT 3:00) Eastern African Time (Africa/Addis_Ababa),True
2648,@EG@b36b1adc855d010abd6da107a357042c,,Access for Humanity,1256,South Sudan,1002903,,SSP,137,South Sudanese Pound,SSP,,dd/MM/yyyy,2,,,2025-11-06 05:00:00,"#,###.##",DD/MM/YYYY,2025-11-06 17:16:33,2025-11-06 17:16:33,101872,10,,0,,4,English,1002903,,0,0,,1,0,,3,394,(GMT 3:00) Eastern African Time (Africa/Addis_Ababa),True
2647,@EG@da52536cd55c26440435ba050b7a24ba,,perpeture wesonga,1221,Uganda,1002902,,UGX,154,Ugandan Shilling,UGX,,dd/MM/yyyy,2,,,2025-11-06 05:00:00,# ###.##,DD/MM/YYYY,2025-11-06 17:05:24,2025-11-06 17:05:24,101871,16,,0,,4,English,1002902,,0,0,,1,0,,3,394,(GMT 3:00) Eastern African Time (Africa/Addis_Ababa),True
2645,@EG@13bf933ee9b427fc441f508c118c7dfb,,FGFGFG,1112,Kenya,1002900,,KES,77,Kenyan Shilling,KES,,dd/MM/yyyy,2,,,2025-11-06 05:00:00,"#,###.##",DD/MM/YYYY,2025-11-06 15:35:53,2025-11-06 15:35:53,101870,30,,0,,4,English,1002900,,0,0,,1,0,,3,394,(GMT 3:00) Eastern African Time (Africa/Addis_Ababa),True
2644,@EG@e19d85d57b495004619dda179fdf0c0d,,Joe Akatsa,1112,Kenya,1002899,,KES,77,Kenyan Shilling,KES,,dd/MM/yyyy,2,,,2025-11-06 05:00:00,"#,###.##",DD/MM/YYYY,2025-11-06 14:42:35,2025-11-06 14:42:35,101869,22,,0,,4,English,1002899,,0,0,,1,0,,3,394,(GMT 3:00) Eastern African Time (Africa/Addis_Ababa),True
2643,@EG@2b7d82f165332a94dd129f33cc2b69a5,,Simple Dairies ,1112,Kenya,1002898,,KES,77,Kenyan Shilling,KES,,dd/MM/yyyy,2,,,2025-11-06 05:00:00,"#,###.##",DD/MM/YYYY,2025-11-06 10:17:11,2025-11-06 10:17:11,101868,7,,0,,4,English,1002898,,0,0,,1,0,,3,394,(GMT 3:00) Eastern African Time (Africa/Addis_Ababa),True
2641,@EG@a7d0147b2df0bbe14e85393366cb8068,,Tigist Bekana,1068,Ethiopia,1002896,,ETB,48,Ethiopian Birr,ETB,,dd/MM/yyyy,2,,,2025-11-06 05:00:00,"#.###,##",DD/MM/YYYY,2025-11-06 00:07:47,2025-11-06 00:07:47,101867,4,,0,,4,English,1002896,,0,0,,1,0,,3,410,(GMT 3:00) GMT+03:00 (Etc/GMT-3),True
2640,@EG@b069affc3ec7d2ddf3e420fde4b9ae3a,,Nicovert,1112,Kenya,1002895,,KES,77,Kenyan Shilling,KES,,dd/MM/yyyy,2,,,2025-11-05 05:00:00,"#,###.##",DD/MM/YYYY,2025-11-05 22:13:29,2025-11-05 22:13:29,101866,2,,0,,4,English,1002895,,0,0,,1,0,,3,394,(GMT 3:00) Eastern African Time (Africa/Addis_Ababa),True
2639,@EG@b9b69dd4b6082a36ba82fb061baedd44,,Gadgets Domain,1112,Kenya,1002894,,KES,77,Kenyan Shilling,KES,,dd/MM/yyyy,2,,,2025-11-05 05:00:00,"#,###.##",DD/MM/YYYY,2025-11-05 21:53:10,2025-11-05 21:53:10,101865,34,,0,,4,English,1002894,,0,0,,1,0,,3,394,(GMT 3:00) Eastern African Time (Africa/Addis_Ababa),True
2638,@EG@e9f8e1c3c47afa6289f2051543c9b2b6,,Juja sports wear,1112,Kenya,1002893,,KES,77,Kenyan Shilling,KES,,dd/MM/yyyy,2,,,2025-11-05 05:00:00,"#,###.##",DD/MM/YYYY,2025-11-05 20:50:06,2025-11-05 20:50:06,101864,38,,0,,4,English,1002893,,0,0,,1,0,,3,394,(GMT 3:00) Eastern African Time (Africa/Addis_Ababa),True
2633,@EG@e161841776c5eeca3f1be50a63c3fccf,,Pedro chem,1112,Kenya,1002888,,KES,77,Kenyan Shilling,KES,,dd/MM/yyyy,2,,,2025-11-05 05:00:00,"#,###.##",DD/MM/YYYY,2025-11-05 14:59:14,2025-11-05 14:59:14,101863,10,,0,,4,English,1002888,,0,0,,1,0,,3,394,(GMT 3:00) Eastern African Time (Africa/Addis_Ababa),True
2632,@EG@142185fd9693b65785696d3311c86324,,Audiah Jepkoech,1112,Kenya,1002887,,KES,77,Kenyan Shilling,KES,,dd/MM/yyyy,2,,,2025-11-05 05:00:00,"#,###.##",DD/MM/YYYY,2025-11-05 13:17:25,2025-11-05 13:17:25,101861,34,,0,,4,English,1002887,,0,0,,1,0,,3,394,(GMT 3:00) Eastern African Time (Africa/Addis_Ababa),True
2631,@EG@3b87fb7a1ec192f4dc759e4346e8d0e5,,Kikangenyi store,1112,Kenya,1002886,,KES,77,Kenyan Shilling,KES,,dd/MM/yyyy,2,,,2025-11-05 05:00:00,"#,###.##",DD/MM/YYYY,2025-11-05 13:07:54,2025-11-05 13:07:54,101860,2,,0,,4,English,1002886,,0,0,,1,0,,3,394,(GMT 3:00) Eastern African Time (Africa/Addis_Ababa),True
2629,@EG@065f696616b4ecddeb1e2d1c93d530fc,,Sena Agribusiness Investment Group PLC,1068,Ethiopia,1002884,,ETB,48,Ethiopian Birr,ETB,,dd/MM/yyyy,2,,,2025-11-05 05:00:00,"#.###,##",DD/MM/YYYY,2025-11-05 05:53:03,2025-11-05 05:53:03,101858,30,,0,,4,English,1002884,,0,0,,1,0,,3,410,(GMT 3:00) GMT+03:00 (Etc/GMT-3),True
2628,@EG@c912a02392864928fa5a866886c6ba24,,ELFORA Agro industries plc,1068,Ethiopia,1002883,,ETB,48,Ethiopian Birr,ETB,,dd/MM/yyyy,2,,,2025-11-05 05:00:00,"#.###,##",DD/MM/YYYY,2025-11-05 01:30:02,2025-11-05 01:30:02,101857,30,,0,,4,English,1002883,,0,0,,1,0,,3,410,(GMT 3:00) GMT+03:00 (Etc/GMT-3),True
2627,@EG@ab0fd508901a1869b3714a30907b513f,,Trust winner PLC,1112,Kenya,1002882,,KES,77,Kenyan Shilling,KES,,dd/MM/yyyy,2,,,2025-11-05 05:00:00,"#,###.##",DD/MM/YYYY,2025-11-05 01:23:10,2025-11-05 01:23:10,101856,30,,0,,4,English,1002882,,0,0,,1,0,,3,394,(GMT 3:00) Eastern African Time (Africa/Addis_Ababa),True
2626,@EG@f17810cfdcd7e8bfcc616e35daf9ff3b,,Wrecklab Records,1112,Kenya,1002881,,KES,77,Kenyan Shilling,KES,,dd/MM/yyyy,2,,,2025-11-05 05:00:00,"#,###.##",DD/MM/YYYY,2025-11-05 01:16:04,2025-11-05 01:16:04,101855,1,,0,,4,English,1002881,,0,0,,1,0,,3,394,(GMT 3:00) Eastern African Time (Africa/Addis_Ababa),True
2625,@EG@2ed9dd74b241594babaf1dde3236f035,,Beatrice Mutheu,1112,Kenya,1002879,,KES,77,Kenyan Shilling,KES,,dd/MM/yyyy,2,,,2025-11-04 05:00:00,"#,###.##",DD/MM/YYYY,2025-11-04 21:59:32,2025-11-04 21:59:32,101854,34,,0,,4,English,1002879,,0,0,,1,0,,3,394,(GMT 3:00) Eastern African Time (Africa/Addis_Ababa),True
2623,@EG@52e4c718f494c34353f0f15d540186c8,,Andre,1112,Kenya,1002877,,KES,77,Kenyan Shilling,KES,,dd/MM/yyyy,2,,,2025-11-04 05:00:00,"#,###.##",DD/MM/YYYY,2025-11-04 21:14:27,2025-11-04 21:14:27,101853,30,,0,,4,English,1002877,,0,0,,1,0,,3,394,(GMT 3:00) Eastern African Time (Africa/Addis_Ababa),True
2620,@EG@957c781619a125c8af12a97f9cab806b,,Raysuni enterprises,1112,Kenya,1002873,,KES,77,Kenyan Shilling,KES,,dd/MM/yyyy,2,,,2025-11-05 05:00:00,"#,###.##",DD/MM/YYYY,2025-11-05 13:54:34,2025-11-05 13:54:34,101862,14,,0,,4,English,1002873,,0,0,,1,0,,3,394,(GMT 3:00) Eastern African Time (Africa/Addis_Ababa),True
2619,@EG@2ab2a9ee4cf44e61c243f030d8e811c7,,Musina ochieng Bonface,1112,Kenya,1002872,,KES,77,Kenyan Shilling,KES,,dd/MM/yyyy,2,,,2025-11-04 05:00:00,"#,###.##",DD/MM/YYYY,2025-11-04 18:46:31,2025-11-04 18:46:31,101852,9,,0,,4,English,1002872,,0,0,,1,0,,3,394,(GMT 3:00) Eastern African Time (Africa/Addis_Ababa),True
2618,@EG@bb32bb0bab613aa15d25f022731485cc,,The joskline enterprise,1221,Uganda,1002870,,UGX,154,Ugandan Shilling,UGX,,dd/MM/yyyy,2,,,2025-11-04 05:00:00,# ###.##,DD/MM/YYYY,2025-11-04 15:50:56,2025-11-04 15:50:56,101851,3,,0,,4,English,1002870,,0,0,,1,0,,3,394,(GMT 3:00) Eastern African Time (Africa/Addis_Ababa),True
2615,@EG@8e6774a1c32d20a91e9f1388c673fac4,,ELi Njoroge,1112,Kenya,1002867,,KES,77,Kenyan Shilling,KES,,dd/MM/yyyy,2,,,2025-11-04 05:00:00,"#,###.##",DD/MM/YYYY,2025-11-04 02:13:20,2025-11-04 02:13:20,101850,14,,0,,4,English,1002867,,0,0,,1,0,,3,394,(GMT 3:00) Eastern African Time (Africa/Addis_Ababa),True
2613,@EG@bd2de1f09e655134aa5d353e150ac20d,,OLANDO WEKULO KEVIN,1112,Kenya,1002865,,KES,77,Kenyan Shilling,KES,,dd/MM/yyyy,2,,,2025-11-03 05:00:00,"#,###.##",DD/MM/YYYY,2025-11-03 21:06:27,2025-11-03 21:06:27,101849,34,,0,,4,English,1002865,,0,0,,1,0,,3,394,(GMT 3:00) Eastern African Time (Africa/Addis_Ababa),True
2612,@EG@14d8d071a929052243411912d1ac3f78,,Alimama business solutions,1112,Kenya,1002864,,KES,77,Kenyan Shilling,KES,,dd/MM/yyyy,2,,,2025-11-03 05:00:00,"#,###.##",DD/MM/YYYY,2025-11-03 20:56:11,2025-11-03 20:56:11,101848,16,,0,,4,English,1002864,,0,0,,1,0,,3,394,(GMT 3:00) Eastern African Time (Africa/Addis_Ababa),True
2609,@EG@0647b860254c34b0305c2a74ffdd0db1,,Alphonce Kioko,1112,Kenya,1002861,,KES,77,Kenyan Shilling,KES,,dd/MM/yyyy,2,,,2025-11-03 05:00:00,"#,###.##",DD/MM/YYYY,2025-11-03 18:33:59,2025-11-03 18:33:59,101847,3,,0,,4,English,1002861,,0,0,,1,0,,3,394,(GMT 3:00) Eastern African Time (Africa/Addis_Ababa),True
2607,@EG@5fbc62e2a60950fcc84917aa947ec6d6,,David Chirchir,1112,Kenya,1002859,,KES,77,Kenyan Shilling,KES,,dd/MM/yyyy,2,,,2025-11-03 05:00:00,"#,###.##",DD/MM/YYYY,2025-11-03 18:08:40,2025-11-03 18:08:40,101846,14,,0,,4,English,1002859,,0,0,,1,0,,3,394,(GMT 3:00) Eastern African Time (Africa/Addis_Ababa),True
2606,@EG@335f69b9a1302f6df87402d104b79531,,Ibrahim Mulei,1112,Kenya,1002858,,KES,77,Kenyan Shilling,KES,,dd/MM/yyyy,2,,,2025-11-03 05:00:00,"#,###.##",DD/MM/YYYY,2025-11-03 18:04:08,2025-11-03 18:04:08,101845,7,,0,,4,English,1002858,,0,0,,1,0,,3,394,(GMT 3:00) Eastern African Time (Africa/Addis_Ababa),True
2605,@EG@734e54981225349c883df438d14840cd,,MwasidGranites,1112,Kenya,1002857,,KES,77,Kenyan Shilling,KES,,dd/MM/yyyy,2,,,2025-11-03 05:00:00,"#,###.##",DD/MM/YYYY,2025-11-03 17:20:02,2025-11-03 17:20:02,101844,27,,0,,4,English,1002857,,0,0,,1,0,,3,394,(GMT 3:00) Eastern African Time (Africa/Addis_Ababa),True
2604,@EG@a41f16f39a0bf677392bd3a6a31fbccd,,Lenny-Tech,1112,Kenya,1002856,,KES,77,Kenyan Shilling,KES,,dd/MM/yyyy,2,,,2025-11-03 05:00:00,"#,###.##",DD/MM/YYYY,2025-11-03 17:15:14,2025-11-03 17:15:14,101843,37,,0,,4,English,1002856,,0,0,,1,0,,3,394,(GMT 3:00) Eastern African Time (Africa/Addis_Ababa),True
2603,@EG@e848a441b4f3a6859165290d1e6b189d,,T.wayne accessories,1112,Kenya,1002855,,KES,77,Kenyan Shilling,KES,,dd/MM/yyyy,2,,,2025-11-03 05:00:00,"#,###.##",DD/MM/YYYY,2025-11-03 15:19:19,2025-11-03 15:19:19,101842,37,,0,,4,English,1002855,,0,0,,1,0,,3,394,(GMT 3:00) Eastern African Time (Africa/Addis_Ababa),True
2602,@EG@771a2b811215377e7070295a4f11a20c,,Breeis ENTERPRISES ,1112,Kenya,1002854,,KES,77,Kenyan Shilling,KES,,dd/MM/yyyy,2,,,2025-11-03 05:00:00,"#,###.##",DD/MM/YYYY,2025-11-03 13:30:32,2025-11-03 13:30:32,101841,39,,0,,4,English,1002854,,0,0,,1,0,,3,394,(GMT 3:00) Eastern African Time (Africa/Addis_Ababa),True
2601,@EG@63dfb76f7011c7d4a02f11bb076d17c8,,Aren Ogesi Karani ,1112,Kenya,1002853,,KES,77,Kenyan Shilling,KES,,dd/MM/yyyy,2,,,2025-11-03 05:00:00,"#,###.##",DD/MM/YYYY,2025-11-03 00:30:19,2025-11-03 00:30:19,101840,4,,0,,4,English,1002853,,0,0,,1,0,,3,394,(GMT 3:00) Eastern African Time (Africa/Addis_Ababa),True
2600,@EG@de284ded6c908e6dcb475c4c2b5e8046,,great and more ,1112,Kenya,1002852,,KES,77,Kenyan Shilling,KES,,dd/MM/yyyy,2,,,2025-11-02 05:00:00,"#,###.##",DD/MM/YYYY,2025-11-02 14:05:45,2025-11-02 14:05:45,101839,35,,0,,4,English,1002852,,0,0,,1,0,,3,394,(GMT 3:00) Eastern African Time (Africa/Addis_Ababa),True
2599,@EG@202eea50ce745f9113d75ebfed35bc94,,abaz tawane,1112,Kenya,1002851,,KES,77,Kenyan Shilling,KES,,dd/MM/yyyy,2,,,2025-11-02 05:00:00,"#,###.##",DD/MM/YYYY,2025-11-02 02:32:01,2025-11-02 02:32:01,101838,3,,0,,4,English,1002851,,0,0,,1,0,,3,394,(GMT 3:00) Eastern African Time (Africa/Addis_Ababa),True
2598,@EG@d2f3ddb3591b1518a152f842ae054065,,jichez Kenya ltd,1112,Kenya,1002850,,KES,77,Kenyan Shilling,KES,,dd/MM/yyyy,2,,,2025-11-02 05:00:00,"#,###.##",DD/MM/YYYY,2025-11-02 01:51:50,2025-11-02 01:51:50,101837,35,,0,,4,English,1002850,,0,0,,1,0,,3,394,(GMT 3:00) Eastern African Time (Africa/Addis_Ababa),True
2597,@EG@27e70966f412b9b929f6980a27726a46,,Solidstone Building Supplies Limited,1112,Kenya,1002849,,KES,77,Kenyan Shilling,KES,,dd/MM/yyyy,2,,,2025-11-01 05:00:00,"#,###.##",DD/MM/YYYY,2025-11-01 20:47:18,2025-11-01 20:47:18,101836,27,,0,,4,English,1002849,,0,0,,1,0,,3,394,(GMT 3:00) Eastern African Time (Africa/Addis_Ababa),True
2596,@EG@333adf4fc0e5534d98d313c1fe5834db,,Inchwara Sub,1112,Kenya,1002848,,KES,77,Kenyan Shilling,KES,,dd/MM/yyyy,2,,,2025-11-01 05:00:00,"#,###.##",DD/MM/YYYY,2025-11-01 18:23:31,2025-11-01 18:23:31,101835,6,,0,,4,English,1002848,,0,0,,1,0,,3,394,(GMT 3:00) Eastern African Time (Africa/Addis_Ababa),True
2595,@EG@1da67e9ca165fd01de8e9707b82d27ce,,Ramsey Naoh,1112,Kenya,1002847,,KES,77,Kenyan Shilling,KES,,dd/MM/yyyy,2,,,2025-11-01 05:00:00,"#,###.##",DD/MM/YYYY,2025-11-01 05:31:07,2025-11-01 05:31:07,101834,1,,0,,4,English,1002847,,0,0,,1,0,,3,394,(GMT 3:00) Eastern African Time (Africa/Addis_Ababa),True
2594,@EG@1e063100c7fd70b38efceb42cc225c06,,Tech For You,1112,Kenya,1002846,,KES,77,Kenyan Shilling,KES,,dd/MM/yyyy,2,,,2025-11-01 05:00:00,"#,###.##",DD/MM/YYYY,2025-11-01 03:17:23,2025-11-01 03:17:23,101833,16,,0,,4,English,1002846,,0,0,,1,0,,3,394,(GMT 3:00) Eastern African Time (Africa/Addis_Ababa),True
2593,@EG@99b373003b2523a1213eca6aee2b2b77,,Club vangers,1112,Kenya,1002845,,KES,77,Kenyan Shilling,KES,,dd/MM/yyyy,2,,,2025-11-01 05:00:00,"#,###.##",DD/MM/YYYY,2025-11-01 01:15:39,2025-11-01 01:15:39,101832,5,,0,,4,English,1002845,,0,0,,1,0,,3,394,(GMT 3:00) Eastern African Time (Africa/Addis_Ababa),True
2590,@EG@be58e45d18c36eeaa71e35fe26257a69,,C-VISION IT SOLUTIONS,1112,Kenya,1002842,,KES,77,Kenyan Shilling,KES,,dd/MM/yyyy,2,,,2025-10-31 05:00:00,"#,###.##",DD/MM/YYYY,2025-10-31 22:42:24,2025-10-31 22:42:24,101831,22,,0,,4,English,1002842,,0,0,,1,0,,3,394,(GMT 3:00) Eastern African Time (Africa/Addis_Ababa),True
2589,@EG@6ea9bc93974c99c9841a13e42428c23a,,evans.com,1112,Kenya,1002840,,KES,77,Kenyan Shilling,KES,,dd/MM/yyyy,2,,,2025-10-31 05:00:00,"#,###.##",DD/MM/YYYY,2025-10-31 20:40:17,2025-10-31 20:40:17,101830,1,,0,,4,English,1002840,,0,0,,1,0,,3,394,(GMT 3:00) Eastern African Time (Africa/Addis_Ababa),True
2588,@EG@1248ce80d1bbc054714e609b3035869c,,Electric repairs,1112,Kenya,1002839,,KES,77,Kenyan Shilling,KES,,dd/MM/yyyy,2,,,2025-10-31 05:00:00,"#,###.##",DD/MM/YYYY,2025-10-31 20:06:31,2025-10-31 20:06:31,101829,21,,0,,4,English,1002839,,0,0,,1,0,,3,394,(GMT 3:00) Eastern African Time (Africa/Addis_Ababa),True
2587,@EG@43b97926596b6824a3e304c72528443e,,Techspot Computer Solutions,1112,Kenya,1002838,,KES,77,Kenyan Shilling,KES,,dd/MM/yyyy,2,,,2025-10-31 05:00:00,"#,###.##",DD/MM/YYYY,2025-10-31 19:57:55,2025-10-31 19:57:55,101828,16,,0,,4,English,1002838,,0,0,,1,0,,3,394,(GMT 3:00) Eastern African Time (Africa/Addis_Ababa),True
2586,@EG@bcb75c2eff680589bbd335e665296f8e,,Zap Edison,1112,Kenya,1002837,,KES,77,Kenyan Shilling,KES,,dd/MM/yyyy,2,,,2025-10-31 05:00:00,"#,###.##",DD/MM/YYYY,2025-10-31 19:41:46,2025-10-31 19:41:46,101827,34,,0,,4,English,1002837,,0,0,,1,0,,3,394,(GMT 3:00) Eastern African Time (Africa/Addis_Ababa),True
2585,@EG@716b27bab962fb8b8ae03d6290580a5c,,Network limited,1112,Kenya,1002836,,KES,77,Kenyan Shilling,KES,,dd/MM/yyyy,2,,,2025-10-31 05:00:00,"#,###.##",DD/MM/YYYY,2025-10-31 17:53:54,2025-10-31 17:53:54,101826,6,,0,,4,English,1002836,,0,0,,1,0,,3,394,(GMT 3:00) Eastern African Time (Africa/Addis_Ababa),True
2584,@EG@9fa65ce77c4c5fc8551db9047114ef1e,,Veronicah Sani,1112,Kenya,1002835,,KES,77,Kenyan Shilling,KES,,dd/MM/yyyy,2,,,2025-10-31 05:00:00,"#,###.##",DD/MM/YYYY,2025-10-31 17:22:01,2025-10-31 17:22:01,101825,30,,0,,4,English,1002835,,0,0,,1,0,,3,394,(GMT 3:00) Eastern African Time (Africa/Addis_Ababa),True
2583,@EG@1fefa9e8b4a5ca137a2413fc78147fac,,MESH CYBER,1112,Kenya,1002834,,KES,77,Kenyan Shilling,KES,,dd/MM/yyyy,2,,,2025-10-31 05:00:00,"#,###.##",DD/MM/YYYY,2025-10-31 17:17:26,2025-10-31 17:17:26,101824,14,,0,,4,English,1002834,,0,0,,1,0,,3,394,(GMT 3:00) Eastern African Time (Africa/Addis_Ababa),True
2582,@EG@0dbae504ec358d3a14f630a82b320f93,,Ltd,1112,Kenya,1002833,,KES,77,Kenyan Shilling,KES,,dd/MM/yyyy,2,,,2025-10-31 05:00:00,"#,###.##",DD/MM/YYYY,2025-10-31 16:57:53,2025-10-31 16:57:53,101823,4,,0,,4,English,1002833,,0,0,,1,0,,3,394,(GMT 3:00) Eastern African Time (Africa/Addis_Ababa),True
2578,@EG@e9d8adbf404c616cd705db48e52364f1,,Banasa,1112,Kenya,1002829,,KES,77,Kenyan Shilling,KES,,dd/MM/yyyy,2,,,2025-10-31 05:00:00,"#,###.##",DD/MM/YYYY,2025-10-31 16:33:09,2025-10-31 16:33:09,101821,21,,0,,4,English,1002829,,0,0,,1,0,,3,394,(GMT 3:00) Eastern African Time (Africa/Addis_Ababa),True
2577,@EG@7d3f96617373fa7bc1f8641e0b298183,,Adam Hussein,1112,Kenya,1002828,,KES,77,Kenyan Shilling,KES,,dd/MM/yyyy,2,,,2025-10-31 05:00:00,"#,###.##",DD/MM/YYYY,2025-10-31 16:33:29,2025-10-31 16:33:29,101822,34,,0,,4,English,1002828,,0,0,,1,0,,3,394,(GMT 3:00) Eastern African Time (Africa/Addis_Ababa),True
2576,@EG@edb614926969b52f04108742aae70d65,,ECHONESS25 ,1112,Kenya,1002827,,KES,77,Kenyan Shilling,KES,,dd/MM/yyyy,2,,,2025-10-31 05:00:00,"#,###.##",DD/MM/YYYY,2025-10-31 16:26:00,2025-10-31 16:26:00,101820,1,,0,,4,English,1002827,,0,0,,1,0,,3,394,(GMT 3:00) Eastern African Time (Africa/Addis_Ababa),True
2574,@EG@f5906ed6648bdf8da395567591337c4f,,jikoni spices,1112,Kenya,1002825,,KES,77,Kenyan Shilling,KES,,dd/MM/yyyy,2,,,2025-10-31 05:00:00,"#,###.##",DD/MM/YYYY,2025-10-31 16:10:54,2025-10-31 16:10:54,101819,7,,0,,4,English,1002825,,0,0,,1,0,,3,394,(GMT 3:00) Eastern African Time (Africa/Addis_Ababa),True
2572,@EG@b50c2a583e16a67d1cbe791d73fb243a,,SYMARI INVESTMENTS,1112,Kenya,1002823,,KES,77,Kenyan Shilling,KES,,dd/MM/yyyy,2,,,2025-10-31 05:00:00,"#,###.##",DD/MM/YYYY,2025-10-31 15:59:04,2025-10-31 15:59:04,101818,18,,0,,4,English,1002823,,0,0,,1,0,,3,394,(GMT 3:00) Eastern African Time (Africa/Addis_Ababa),True
2571,@EG@e0a845814d6cc8c03bd12bd33d1954a5,,UrbanNest Store,1112,Kenya,1002822,,KES,77,Kenyan Shilling,KES,,dd/MM/yyyy,2,,,2025-10-31 05:00:00,"#,###.##",DD/MM/YYYY,2025-10-31 15:46:42,2025-10-31 15:46:42,101817,1,,0,,4,English,1002822,,0,0,,1,0,,3,394,(GMT 3:00) Eastern African Time (Africa/Addis_Ababa),True
2570,@EG@0e02b7d9af3841a637f0d3644c1f138b,,Jmart,1112,Kenya,1002821,,KES,77,Kenyan Shilling,KES,,dd/MM/yyyy,2,,,2025-10-31 05:00:00,"#,###.##",DD/MM/YYYY,2025-10-31 15:40:34,2025-10-31 15:40:34,101816,21,,0,,4,English,1002821,,0,0,,1,0,,3,394,(GMT 3:00) Eastern African Time (Africa/Addis_Ababa),True
2569,@EG@4c3fa092e8ade1e2ac276cd3d5f409c9,,TRUST WAVES NETWORKS LIMITED,1112,Kenya,1002820,,KES,77,Kenyan Shilling,KES,,dd/MM/yyyy,2,,,2025-10-31 05:00:00,"#,###.##",DD/MM/YYYY,2025-10-31 14:37:39,2025-10-31 14:37:39,101815,16,,0,,4,English,1002820,,0,0,,1,0,,3,394,(GMT 3:00) Eastern African Time (Africa/Addis_Ababa),True
2568,@EG@d035dae00c7a2dc2a773ac3f8df50230,,Manuu Mutai,1112,Kenya,1002819,,KES,77,Kenyan Shilling,KES,,dd/MM/yyyy,2,,,2025-10-31 05:00:00,"#,###.##",DD/MM/YYYY,2025-10-31 13:52:22,2025-10-31 13:52:22,101814,21,,0,,4,English,1002819,,0,0,,1,0,,3,394,(GMT 3:00) Eastern African Time (Africa/Addis_Ababa),True
2563,@EG@85679c97fff4369cd9773301f3f8c598,,Important,1112,Kenya,1002812,,KES,77,Kenyan Shilling,KES,,dd/MM/yyyy,2,,,2025-10-31 05:00:00,"#,###.##",DD/MM/YYYY,2025-10-31 09:27:36,2025-10-31 09:27:36,101813,18,,0,,4,English,1002812,,0,0,,1,0,,3,394,(GMT 3:00) Eastern African Time (Africa/Addis_Ababa),True
2560,@EG@25bdef6f33ff533d43a94cd8884797fc,,Jibriil maxamuud,1112,Kenya,1002809,,KES,77,Kenyan Shilling,KES,,dd/MM/yyyy,2,,,2025-10-31 05:00:00,"#,###.##",DD/MM/YYYY,2025-10-31 09:16:14,2025-10-31 09:16:14,101812,15,,0,,4,English,1002809,,0,0,,1,0,,3,394,(GMT 3:00) Eastern African Time (Africa/Addis_Ababa),True
2559,@EG@85e9ba5ed707eb92c110f3587a9a033a,,DM PHARMACEUTICALS LTD,1112,Kenya,1002808,,KES,77,Kenyan Shilling,KES,,dd/MM/yyyy,2,,,2025-10-31 05:00:00,"#,###.##",DD/MM/YYYY,2025-10-31 08:15:37,2025-10-31 08:15:37,101811,10,,0,,4,English,1002808,,0,0,,1,0,,3,394,(GMT 3:00) Eastern African Time (Africa/Addis_Ababa),True
2558,@EG@2a25556a22f739bb21c625c9c841baa5,,Angala Rodgers,1039,Canada,1002807,,CAD,27,Canadian Dollar,$,,yyyy-MM-dd,2,,,2025-10-31 13:00:00,"#,###.##",YYYY-MM-DD,2025-10-31 06:43:23,2025-10-31 06:43:23,101810,1,,0,,4,English,1002807,,0,0,,1,0,,-5,110,(GMT -5:00) Eastern Standard Time (America/Atikokan),True
2557,@EG@951b1d411b2a8fc8d562458e710faef0,,Arena,1112,Kenya,1002806,,KES,77,Kenyan Shilling,KES,,dd/MM/yyyy,2,,,2025-10-31 05:00:00,"#,###.##",DD/MM/YYYY,2025-10-31 06:02:50,2025-10-31 06:02:50,101809,39,,0,,4,English,1002806,,0,0,,1,0,,3,394,(GMT 3:00) Eastern African Time (Africa/Addis_Ababa),True
2554,@EG@3664a087c30dc5f97b4951a2cb646f1f,,John waigwa,1112,Kenya,1002803,,KES,77,Kenyan Shilling,KES,,dd/MM/yyyy,2,,,2025-10-31 05:00:00,"#,###.##",DD/MM/YYYY,2025-10-31 03:25:31,2025-10-31 03:25:31,101808,1,,0,,4,English,1002803,,0,0,,1,0,,3,394,(GMT 3:00) Eastern African Time (Africa/Addis_Ababa),True
2553,@EG@abf32cd53447ce73d6224075d258ea60,,Pal-Tech group of Companies,1221,Uganda,1002802,,UGX,154,Ugandan Shilling,UGX,,dd/MM/yyyy,2,,,2025-10-31 05:00:00,# ###.##,DD/MM/YYYY,2025-10-31 02:51:18,2025-10-31 02:51:18,101807,39,,0,,4,English,1002802,,0,0,,1,0,,3,394,(GMT 3:00) Eastern African Time (Africa/Addis_Ababa),True
2551,@EG@7422f15c135c8fe5e8638683136d32c7,,AL AMIN STORES LTD,1112,Kenya,1002800,,KES,77,Kenyan Shilling,KES,,dd/MM/yyyy,2,,,2025-10-31 05:00:00,"#,###.##",DD/MM/YYYY,2025-10-31 01:20:11,2025-10-31 01:20:11,101806,39,,0,,4,English,1002800,,0,0,,1,0,,3,394,(GMT 3:00) Eastern African Time (Africa/Addis_Ababa),True
2547,@EG@0cd47ed4be359c3c6d4a447bd5fee721,,Nelson kipkemboi,1112,Kenya,1002796,,KES,77,Kenyan Shilling,KES,,dd/MM/yyyy,2,,,2025-10-30 05:00:00,"#,###.##",DD/MM/YYYY,2025-10-30 23:16:57,2025-10-30 23:16:57,101805,30,,0,,4,English,1002796,,0,0,,1,0,,3,394,(GMT 3:00) Eastern African Time (Africa/Addis_Ababa),True
2546,@EG@b089d4513dcc35798605de7eaadd24f8,https://static.kilimax.com/enterprise_2546/company_101804/logo/BMS LOGO WO BACKGROUND.jpeg,BMS Cybersecurity innovations,1081,Ghana,1002795,,GHS,55,Ghanaian Cedi,¢,,dd/MM/yyyy,2,,,2025-10-01 08:00:00,# ###.##,DD/MM/YYYY,2025-10-30 22:51:47,2025-10-30 22:51:47,101804,15,,0,,4,English,1002795,,1,0,,1,0,,0,244,(GMT 0:00) Greenwich Mean Time (Africa/Abidjan),True
2545,@EG@49c04baf3cdb97bf83ce2f7d05aa0752,,Donsa Cc Ltd.,1112,Kenya,1002794,,KES,77,Kenyan Shilling,KES,,dd/MM/yyyy,2,,,2025-10-30 05:00:00,"#,###.##",DD/MM/YYYY,2025-10-30 22:19:51,2025-10-30 22:19:51,101803,22,,0,,4,English,1002794,,0,0,,1,0,,3,394,(GMT 3:00) Eastern African Time (Africa/Addis_Ababa),True
2544,@EG@e4a756c25dda7ace7d6f5d7cfe333136,,SAM'S PHONECARE,1112,Kenya,1002793,,KES,77,Kenyan Shilling,KES,,dd/MM/yyyy,2,,,2025-10-30 05:00:00,"#,###.##",DD/MM/YYYY,2025-10-30 21:48:19,2025-10-30 21:48:19,101802,16,,0,,4,English,1002793,,0,0,,1,0,,3,394,(GMT 3:00) Eastern African Time (Africa/Addis_Ababa),True
2541,@EG@3abb10ad0eb535af19eb8d51d60a20c4,,majid brayonaire,1112,Kenya,1002790,,KES,77,Kenyan Shilling,KES,,dd/MM/yyyy,2,,,2025-10-30 05:00:00,"#,###.##",DD/MM/YYYY,2025-10-30 20:37:09,2025-10-30 20:37:09,101801,14,,0,,4,English,1002790,,0,0,,1,0,,3,394,(GMT 3:00) Eastern African Time (Africa/Addis_Ababa),True
2539,@EG@b3ebf2880926e8a3d0201e3e84d2c1e6,,Ann Muigai,1112,Kenya,1002788,,KES,77,Kenyan Shilling,KES,,dd/MM/yyyy,2,,,2025-10-30 05:00:00,"#,###.##",DD/MM/YYYY,2025-10-30 19:56:52,2025-10-30 19:56:52,101800,30,,0,,4,English,1002788,,0,0,,1,0,,3,394,(GMT 3:00) Eastern African Time (Africa/Addis_Ababa),True
2538,@EG@1a40f40e31a586daf10100b85fea45f7,,Biz Corner,1112,Kenya,1002787,,KES,77,Kenyan Shilling,KES,,dd/MM/yyyy,2,,,2025-10-30 05:00:00,"#,###.##",DD/MM/YYYY,2025-10-30 19:48:50,2025-10-30 19:48:50,101799,14,,0,,4,English,1002787,,0,0,,1,0,,3,394,(GMT 3:00) Eastern African Time (Africa/Addis_Ababa),True
2536,@EG@c974f20de9c950ae9c911c4b34297e85,,Chrispus Waithaka mbugu,1112,Kenya,1002785,,KES,77,Kenyan Shilling,KES,,dd/MM/yyyy,2,,,2025-10-30 05:00:00,"#,###.##",DD/MM/YYYY,2025-10-30 18:49:18,2025-10-30 18:49:18,101798,21,,0,,4,English,1002785,,0,0,,1,0,,3,394,(GMT 3:00) Eastern African Time (Africa/Addis_Ababa),True
2534,@EG@bb72b2f49e52401bcd2f456fe373ee56,,FUTURE TRENDS (K) LTD,1112,Kenya,1002783,,KES,77,Kenyan Shilling,KES,,dd/MM/yyyy,2,,,2025-10-30 05:00:00,"#,###.##",DD/MM/YYYY,2025-10-30 15:53:53,2025-10-30 15:53:53,101796,3,,0,,4,English,1002783,,0,0,,1,0,,3,394,(GMT 3:00) Eastern African Time (Africa/Addis_Ababa),True
2533,@EG@2f17444629cf95d5b8724c132671db9c,,Ebeneezer store,1112,Kenya,1002782,,KES,77,Kenyan Shilling,KES,,dd/MM/yyyy,2,,,2025-10-30 05:00:00,"#,###.##",DD/MM/YYYY,2025-10-30 15:47:48,2025-10-30 15:47:48,101795,7,,0,,4,English,1002782,,0,0,,1,0,,3,394,(GMT 3:00) Eastern African Time (Africa/Addis_Ababa),True
2532,@EG@7e84386b6e8cceced628908c4862842f,,derick kwemoi,1112,Kenya,1002781,,KES,77,Kenyan Shilling,KES,,dd/MM/yyyy,2,,,2025-10-30 05:00:00,"#,###.##",DD/MM/YYYY,2025-10-30 14:52:14,2025-10-30 14:52:14,101794,18,,0,,4,English,1002781,,0,0,,1,0,,3,394,(GMT 3:00) Eastern African Time (Africa/Addis_Ababa),True
2531,@EG@1d4b95d2837dad3104b0073a73325a7d,,joseph ngugi,1112,Kenya,1002780,,KES,77,Kenyan Shilling,KES,,dd/MM/yyyy,2,,,2025-10-30 05:00:00,"#,###.##",DD/MM/YYYY,2025-10-30 13:23:12,2025-10-30 13:23:12,101793,35,,0,,4,English,1002780,,0,0,,1,0,,3,394,(GMT 3:00) Eastern African Time (Africa/Addis_Ababa),True
2530,@EG@737e2ad78086c8e25909091ed3b0e863,,Kapa,1196,South Africa,1002779,,ZAR,171,South African Rand,R,,yyyy-MM-dd,2,,,2025-10-30 06:00:00,"#.###,##",YYYY-MM-DD,2025-10-30 12:21:01,2025-10-30 12:21:01,101792,39,,0,,4,English,1002779,,0,0,,1,0,,2,353,(GMT 2:00) South Africa Standard Time (Africa/Johannesburg),True
2529,@EG@01e1979709f6bf04bdf43eaf9764ce42,,Kenzofabs,1112,Kenya,1002778,,KES,77,Kenyan Shilling,KES,,dd/MM/yyyy,2,,,2025-10-30 05:00:00,"#,###.##",DD/MM/YYYY,2025-10-30 12:06:38,2025-10-30 12:06:38,101791,4,,0,,4,English,1002778,,0,0,,1,0,,3,394,(GMT 3:00) Eastern African Time (Africa/Addis_Ababa),True
2528,@EG@33f6b7ae53fe01620a9f5c42b7d0d38e,,Gryci Gracious,1112,Kenya,1002777,,KES,77,Kenyan Shilling,KES,,dd/MM/yyyy,2,,,2025-10-30 05:00:00,"#,###.##",DD/MM/YYYY,2025-10-30 10:53:30,2025-10-30 10:53:30,101790,14,,0,,4,English,1002777,,0,0,,1,0,,3,394,(GMT 3:00) Eastern African Time (Africa/Addis_Ababa),True
2527,@EG@de542769b8ccb8a419fd1b82b4835977,,Keroka,1112,Kenya,1002776,,KES,77,Kenyan Shilling,KES,,dd/MM/yyyy,2,,,2025-10-30 05:00:00,"#,###.##",DD/MM/YYYY,2025-10-30 10:19:56,2025-10-30 10:19:56,101789,22,,0,,4,English,1002776,,0,0,,1,0,,3,394,(GMT 3:00) Eastern African Time (Africa/Addis_Ababa),True
2526,@EG@62552fd3a9cb207fada1867a400ef0d6,,Tabarak shopping centre,1112,Kenya,1002775,,KES,77,Kenyan Shilling,KES,,dd/MM/yyyy,2,,,2025-10-30 05:00:00,"#,###.##",DD/MM/YYYY,2025-10-30 04:46:52,2025-10-30 04:46:52,101788,14,,0,,4,English,1002775,,0,0,,1,0,,3,394,(GMT 3:00) Eastern African Time (Africa/Addis_Ababa),True
2525,@EG@9a66a16da287b8226ed6b827f3a7db0b,,Kenya tea ,1112,Kenya,1002774,,KES,77,Kenyan Shilling,KES,,dd/MM/yyyy,2,,,2025-10-30 05:00:00,"#,###.##",DD/MM/YYYY,2025-10-30 04:15:30,2025-10-30 04:15:30,101787,30,,0,,4,English,1002774,,0,0,,1,0,,3,394,(GMT 3:00) Eastern African Time (Africa/Addis_Ababa),True
2524,@EG@2f39dff6567c6c6f2f395b03275bfe6a,,Benwa company,1112,Kenya,1002773,,KES,77,Kenyan Shilling,KES,,dd/MM/yyyy,2,,,2025-10-30 05:00:00,"#,###.##",DD/MM/YYYY,2025-10-30 03:09:27,2025-10-30 03:09:27,101786,2,,0,,4,English,1002773,,0,0,,1,0,,3,394,(GMT 3:00) Eastern African Time (Africa/Addis_Ababa),True
2523,@EG@b732bdada7d6ce6e90c9a66eced413e8,,oasis instyle,1112,Kenya,1002772,,KES,77,Kenyan Shilling,KES,,dd/MM/yyyy,2,,,2025-10-30 05:00:00,"#,###.##",DD/MM/YYYY,2025-10-30 02:55:07,2025-10-30 02:55:07,101785,14,,0,,4,English,1002772,,0,0,,1,0,,3,394,(GMT 3:00) Eastern African Time (Africa/Addis_Ababa),True
2522,@EG@f2fb17ae056bdde9a0da224d2d924df5,,Shamor Thanas,1112,Kenya,1002771,,KES,77,Kenyan Shilling,KES,,dd/MM/yyyy,2,,,2025-10-30 05:00:00,"#,###.##",DD/MM/YYYY,2025-10-30 02:29:37,2025-10-30 02:29:37,101784,34,,0,,4,English,1002771,,0,0,,1,0,,3,394,(GMT 3:00) Eastern African Time (Africa/Addis_Ababa),True
2521,@EG@dd6e90c035ae7b428a842d31f9b3f281,,Omar abdu,1112,Kenya,1002770,,KES,77,Kenyan Shilling,KES,,dd/MM/yyyy,2,,,2025-10-30 05:00:00,"#,###.##",DD/MM/YYYY,2025-10-30 01:49:57,2025-10-30 01:49:57,101783,1,,0,,4,English,1002770,,0,0,,1,0,,3,394,(GMT 3:00) Eastern African Time (Africa/Addis_Ababa),True
2519,@EG@9efdfbb65f5e9a058235227755900ed1,,Better smell_Best attractive slides,1112,Kenya,1002768,,KES,77,Kenyan Shilling,KES,,dd/MM/yyyy,2,,,2025-10-30 05:00:00,"#,###.##",DD/MM/YYYY,2025-10-30 00:14:59,2025-10-30 00:14:59,101782,35,,0,,4,English,1002768,,0,0,,1,0,,3,394,(GMT 3:00) Eastern African Time (Africa/Addis_Ababa),True
2518,@EG@763c2a45f78b0b0da6f6cf6eefa08125,,Kennedy Wachira,1112,Kenya,1002767,,KES,77,Kenyan Shilling,KES,,dd/MM/yyyy,2,,,2025-10-29 05:00:00,"#,###.##",DD/MM/YYYY,2025-10-29 23:59:22,2025-10-29 23:59:22,101781,1,,0,,4,English,1002767,,0,0,,1,0,,3,394,(GMT 3:00) Eastern African Time (Africa/Addis_Ababa),True
2517,@EG@1d1ecc3e0c1f60bac1260c7b7cca383f,,Noble Touch,1112,Kenya,1002766,,KES,77,Kenyan Shilling,KES,,dd/MM/yyyy,2,,,2025-10-29 05:00:00,"#,###.##",DD/MM/YYYY,2025-10-29 23:14:32,2025-10-29 23:14:32,101780,34,,0,,4,English,1002766,,0,0,,1,0,,3,394,(GMT 3:00) Eastern African Time (Africa/Addis_Ababa),True
2516,@EG@5c0b05a4520de68cb9bd9faa5f89f666,,Filipx,1073,France,1002765,,EUR,49,Euro,€,,dd/MM/yyyy,2,,,2025-10-29 07:00:00,# ###.##,DD/MM/YYYY,2025-10-29 22:19:24,2025-10-29 22:19:24,101779,30,,0,,4,English,1002765,,0,0,,1,0,,1,295,(GMT 1:00) Central European Time (Africa/Algiers),True
2515,@EG@7c0d8ed5b10c8e34f560ec5de98ac903,,Young enterprise,1112,Kenya,1002764,,KES,77,Kenyan Shilling,KES,,dd/MM/yyyy,2,,,2025-10-29 05:00:00,"#,###.##",DD/MM/YYYY,2025-10-29 22:14:20,2025-10-29 22:14:20,101778,34,,0,,4,English,1002764,,0,0,,1,0,,3,394,(GMT 3:00) Eastern African Time (Africa/Addis_Ababa),True
2514,@EG@7ceb0d27657900c5814aa8686ae105bc,,cliffcash investment ,1112,Kenya,1002763,,KES,77,Kenyan Shilling,KES,,dd/MM/yyyy,2,,,2025-10-29 05:00:00,"#,###.##",DD/MM/YYYY,2025-10-29 20:06:45,2025-10-29 20:06:45,101776,6,,0,,4,English,1002763,,0,0,,1,0,,3,394,(GMT 3:00) Eastern African Time (Africa/Addis_Ababa),True
2513,@EG@3a983f7ff06fa4feb54b85a4a3b67bb6,,Rotich Gp,1112,Kenya,1002762,,KES,77,Kenyan Shilling,KES,,dd/MM/yyyy,2,,,2025-10-29 05:00:00,"#,###.##",DD/MM/YYYY,2025-10-29 19:55:42,2025-10-29 19:55:42,101775,37,,0,,4,English,1002762,,0,0,,1,0,,3,394,(GMT 3:00) Eastern African Time (Africa/Addis_Ababa),True
2512,@EG@d3829962f70137ee52bd7dd9dcf76b1d,,Pure Form Fashion,1112,Kenya,1002761,,KES,77,Kenyan Shilling,KES,,dd/MM/yyyy,2,,,2025-10-29 05:00:00,"#,###.##",DD/MM/YYYY,2025-10-29 19:00:34,2025-10-29 19:00:34,101773,12,,0,,4,English,1002761,,0,0,,1,0,,3,394,(GMT 3:00) Eastern African Time (Africa/Addis_Ababa),True
2511,@EG@337ee12d36552c46b06bd33b0ec8b4de,,Marafiki Community Hospital,1112,Kenya,1002760,,KES,77,Kenyan Shilling,KES,,dd/MM/yyyy,2,,,2025-10-29 05:00:00,"#,###.##",DD/MM/YYYY,2025-10-29 18:30:57,2025-10-29 18:30:57,101772,10,,0,,4,English,1002760,,0,0,,1,0,,3,394,(GMT 3:00) Eastern African Time (Africa/Addis_Ababa),True
2509,@EG@a83b7b29fe7d692e91cc0d1f07da567c,,BERUR,1112,Kenya,1002758,,KES,77,Kenyan Shilling,KES,,dd/MM/yyyy,2,,,2025-10-29 05:00:00,"#,###.##",DD/MM/YYYY,2025-10-29 15:28:02,2025-10-29 15:28:02,101771,1,,0,,4,English,1002758,,0,0,,1,0,,3,394,(GMT 3:00) Eastern African Time (Africa/Addis_Ababa),True
2504,@EG@0b4cc82c0c2795b7ced53dfd2fd6c62b,,Lucy ayiemba,1112,Kenya,1002753,,KES,77,Kenyan Shilling,KES,,dd/MM/yyyy,2,,,2025-10-29 05:00:00,"#,###.##",DD/MM/YYYY,2025-10-29 09:43:02,2025-10-29 09:43:02,101770,1,,0,,4,English,1002753,,0,0,,1,0,,3,394,(GMT 3:00) Eastern African Time (Africa/Addis_Ababa),True
2503,@EG@a32891a1adfb985b17cc281e4a1d49fb,,Handiwork,1112,Kenya,1002752,,KES,77,Kenyan Shilling,KES,,dd/MM/yyyy,2,,,2025-10-29 05:00:00,"#,###.##",DD/MM/YYYY,2025-10-29 06:39:43,2025-10-29 06:39:43,101769,34,,0,,4,English,1002752,,0,0,,1,0,,3,394,(GMT 3:00) Eastern African Time (Africa/Addis_Ababa),True
2499,@EG@29e0eca4e882a587a30b95a3699e591a,,GUANXI TRANSIT LTD,1221,Uganda,1002748,,UGX,154,Ugandan Shilling,UGX,,dd/MM/yyyy,2,,,2025-10-29 05:00:00,# ###.##,DD/MM/YYYY,2025-10-29 02:28:50,2025-10-29 02:28:50,101768,39,,0,,4,English,1002748,,0,0,,1,0,,3,394,(GMT 3:00) Eastern African Time (Africa/Addis_Ababa),True
2498,@EG@1a1a5ce873d4c942a495655fe8f33ecc,,kalito Electronics,1112,Kenya,1002747,,KES,77,Kenyan Shilling,KES,,dd/MM/yyyy,2,,,2025-10-29 05:00:00,"#,###.##",DD/MM/YYYY,2025-10-29 02:16:12,2025-10-29 02:16:12,101767,37,,0,,4,English,1002747,,0,0,,1,0,,3,394,(GMT 3:00) Eastern African Time (Africa/Addis_Ababa),True
2496,@EG@e4909e43d487706ca8517e0653d3c009,,Mahamuudsiciid,1112,Kenya,1002745,,KES,77,Kenyan Shilling,KES,,dd/MM/yyyy,2,,,2025-10-29 05:00:00,"#,###.##",DD/MM/YYYY,2025-10-29 01:14:17,2025-10-29 01:14:17,101766,21,,0,,4,English,1002745,,0,0,,1,0,,3,394,(GMT 3:00) Eastern African Time (Africa/Addis_Ababa),True
2495,@EG@8a1fc9c99c74ba0dbc1c861dd7e26b1e,,Granton texmate,1112,Kenya,1002743,,KES,77,Kenyan Shilling,KES,,dd/MM/yyyy,2,,,2025-10-28 05:00:00,"#,###.##",DD/MM/YYYY,2025-10-28 23:42:02,2025-10-28 23:42:02,101765,30,,0,,4,English,1002743,,0,0,,1,0,,3,394,(GMT 3:00) Eastern African Time (Africa/Addis_Ababa),True
2494,@EG@0b3981f0279fd83a4b93d6867b740338,,Abdirahim Maalim,1112,Kenya,1002742,,KES,77,Kenyan Shilling,KES,,dd/MM/yyyy,2,,,2025-10-28 05:00:00,"#,###.##",DD/MM/YYYY,2025-10-28 22:44:49,2025-10-28 22:44:49,101764,22,,0,,4,English,1002742,,0,0,,1,0,,3,394,(GMT 3:00) Eastern African Time (Africa/Addis_Ababa),True
2493,@EG@b39a8eb25d6682994be77c6897ea44a3,,Simart,1112,Kenya,1002741,,KES,77,Kenyan Shilling,KES,,dd/MM/yyyy,2,,,2025-10-28 05:00:00,"#,###.##",DD/MM/YYYY,2025-10-28 22:23:39,2025-10-28 22:23:39,101763,34,,0,,4,English,1002741,,0,0,,1,0,,3,394,(GMT 3:00) Eastern African Time (Africa/Addis_Ababa),True
2490,@EG@d5f4923bf39d2d7b25b5267e5dad8e37,,fit,1112,Kenya,1002738,,KES,77,Kenyan Shilling,KES,,dd/MM/yyyy,2,,,2025-10-28 05:00:00,"#,###.##",DD/MM/YYYY,2025-10-28 20:41:13,2025-10-28 20:41:13,101762,39,,0,,4,English,1002738,,0,0,,1,0,,3,394,(GMT 3:00) Eastern African Time (Africa/Addis_Ababa),True
2487,@EG@0d8d24ed70c20c69bc898e6539fe9da6,,carl care,1112,Kenya,1002735,,KES,77,Kenyan Shilling,KES,,dd/MM/yyyy,2,,,2025-10-28 05:00:00,"#,###.##",DD/MM/YYYY,2025-10-28 19:54:47,2025-10-28 19:54:47,101761,35,,0,,4,English,1002735,,0,0,,1,0,,3,394,(GMT 3:00) Eastern African Time (Africa/Addis_Ababa),True
2486,@EG@1f80347db51e2473041889d0fbb5c60d,,Safari Ya Nyika,1112,Kenya,1002734,,KES,77,Kenyan Shilling,KES,,dd/MM/yyyy,2,,,2025-10-28 05:00:00,"#,###.##",DD/MM/YYYY,2025-10-28 19:26:06,2025-10-28 19:26:06,101759,14,,0,,4,English,1002734,,0,0,,1,0,,3,394,(GMT 3:00) Eastern African Time (Africa/Addis_Ababa),True
2484,@EG@16c81575e4a9a754a1bb97cfa732a57f,,Training,1039,Canada,1002732,,CAD,27,Canadian Dollar,$,,yyyy-MM-dd,2,,,2025-10-28 13:00:00,"#,###.##",YYYY-MM-DD,2025-10-28 19:16:15,2025-10-28 19:16:15,101758,35,,0,,4,English,1002732,,0,0,,1,0,,-5,110,(GMT -5:00) Eastern Standard Time (America/Atikokan),True
2481,@EG@4a01d30dea6fd830c75f490429ac1c7f,,Mr Gee,1112,Kenya,1002729,,KES,77,Kenyan Shilling,KES,,dd/MM/yyyy,2,,,2025-10-28 05:00:00,"#,###.##",DD/MM/YYYY,2025-10-28 18:31:40,2025-10-28 18:31:40,101757,7,,0,,4,English,1002729,,0,0,,1,0,,3,394,(GMT 3:00) Eastern African Time (Africa/Addis_Ababa),True
2480,@EG@4f748eeef202c76e4c3fee22bbc60374,,Emanzscola,1112,Kenya,1002728,,KES,77,Kenyan Shilling,KES,,dd/MM/yyyy,2,,,2025-10-28 05:00:00,"#,###.##",DD/MM/YYYY,2025-10-28 18:21:01,2025-10-28 18:21:01,101756,4,,0,,4,English,1002728,,0,0,,1,0,,3,394,(GMT 3:00) Eastern African Time (Africa/Addis_Ababa),True
2479,@EG@8c8fcf08a9924aa0b20a230a02ef580c,,Samuel Wanjiru,1112,Kenya,1002727,,KES,77,Kenyan Shilling,KES,,dd/MM/yyyy,2,,,2025-10-01 05:00:00,"#,###.##",DD/MM/YYYY,2025-10-28 18:20:55,2025-10-28 18:20:55,101755,32,,0,,6,Français,1002727,,1,0,,1,0,,3,394,(GMT 3:00) Eastern African Time (Africa/Addis_Ababa),True
2476,@EG@bb2eca85f9cc754946e410328535a0e3,,emtech house,1112,Kenya,1002722,,KES,77,Kenyan Shilling,KES,,dd/MM/yyyy,2,,,2025-10-28 05:00:00,"#,###.##",DD/MM/YYYY,2025-10-28 17:01:23,2025-10-28 17:01:23,101754,15,,0,,4,English,1002722,,0,0,,1,0,,3,394,(GMT 3:00) Eastern African Time (Africa/Addis_Ababa),True
2474,@EG@b801e5046f63a8acbb748d425802b196,,H/D Bags,1112,Kenya,1002720,,KES,77,Kenyan Shilling,KES,,dd/MM/yyyy,2,,,2025-10-28 05:00:00,"#,###.##",DD/MM/YYYY,2025-10-28 16:54:14,2025-10-28 16:54:14,101753,35,,0,,4,English,1002720,,0,0,,1,0,,3,394,(GMT 3:00) Eastern African Time (Africa/Addis_Ababa),True
2473,@EG@82b9185571c14bdd3c73ce2fe8d4419c,,KATORO HILL,1210,Tanzania,1002719,,TZS,152,Tanzanian Shilling,TZS,,dd/MM/yyyy,2,,,2025-10-28 05:00:00,"# ###,##",DD/MM/YYYY,2025-10-28 16:35:45,2025-10-28 16:35:45,101752,4,,0,,4,English,1002719,,0,0,,1,0,,3,394,(GMT 3:00) Eastern African Time (Africa/Addis_Ababa),True
2472,@EG@8be6f64ced3700abb9ce17a59cd69e8f,,The Jovials,1112,Kenya,1002717,,KES,77,Kenyan Shilling,KES,,dd/MM/yyyy,2,,,2025-10-28 05:00:00,"#,###.##",DD/MM/YYYY,2025-10-28 15:51:31,2025-10-28 15:51:31,101751,34,,0,,4,English,1002717,,0,0,,1,0,,3,394,(GMT 3:00) Eastern African Time (Africa/Addis_Ababa),True
2471,@EG@92084d131aa49f4ddb87dc3addbfabab,,Paul okoth juma,1112,Kenya,1002716,,KES,77,Kenyan Shilling,KES,,dd/MM/yyyy,2,,,2025-10-28 05:00:00,"#,###.##",DD/MM/YYYY,2025-10-28 15:24:35,2025-10-28 15:24:35,101750,9,,0,,4,English,1002716,,0,0,,1,0,,3,394,(GMT 3:00) Eastern African Time (Africa/Addis_Ababa),True
2469,@EG@7bda7cf54ff5af1453f05b3ee67a0363,,Joey,1112,Kenya,1002713,,KES,77,Kenyan Shilling,KES,,dd/MM/yyyy,2,,,2025-10-28 05:00:00,"#,###.##",DD/MM/YYYY,2025-10-28 15:01:12,2025-10-28 15:01:12,101749,35,,0,,4,English,1002713,,0,0,,1,0,,3,394,(GMT 3:00) Eastern African Time (Africa/Addis_Ababa),True
2468,@EG@2104f1f5eef93bf435891118743b5a8d,,SPARTA ,1112,Kenya,1002712,,KES,77,Kenyan Shilling,KES,,dd/MM/yyyy,2,,,2025-10-28 05:00:00,"#,###.##",DD/MM/YYYY,2025-10-28 14:31:59,2025-10-28 14:31:59,101748,30,,0,,4,English,1002712,,0,0,,1,0,,3,394,(GMT 3:00) Eastern African Time (Africa/Addis_Ababa),True
2466,@EG@f9c792fccd4155d1834329befe964563,,Kipepeo Enterprise,1112,Kenya,1002710,,KES,77,Kenyan Shilling,KES,,dd/MM/yyyy,2,,,2025-10-28 05:00:00,"#,###.##",DD/MM/YYYY,2025-10-28 13:19:35,2025-10-28 13:19:35,101747,3,,0,,4,English,1002710,,0,0,,1,0,,3,394,(GMT 3:00) Eastern African Time (Africa/Addis_Ababa),True
2464,@EG@6c5240a262d7a2856ae6bb5df2fa29e8,,Kalex company,1112,Kenya,1002708,,KES,77,Kenyan Shilling,KES,,dd/MM/yyyy,2,,,2025-10-28 05:00:00,"#,###.##",DD/MM/YYYY,2025-10-28 12:54:36,2025-10-28 12:54:36,101746,21,,0,,4,English,1002708,,0,0,,1,0,,3,394,(GMT 3:00) Eastern African Time (Africa/Addis_Ababa),True
2462,@EG@defe851c169bd7e1b3def19158271aac,,Jessy creations,1112,Kenya,1002706,,KES,77,Kenyan Shilling,KES,,dd/MM/yyyy,2,,,2025-10-28 05:00:00,"#,###.##",DD/MM/YYYY,2025-10-28 12:28:44,2025-10-28 12:28:44,101745,34,,0,,4,English,1002706,,0,0,,1,0,,3,394,(GMT 3:00) Eastern African Time (Africa/Addis_Ababa),True
2459,@EG@3a3eef50c35d999257f8ad99fc08d7a5,,Rokochosoget,1112,Kenya,1002703,,KES,77,Kenyan Shilling,KES,,dd/MM/yyyy,2,,,2025-10-28 05:00:00,"#,###.##",DD/MM/YYYY,2025-10-28 11:46:45,2025-10-28 11:46:45,101744,1,,0,,4,English,1002703,,0,0,,1,0,,3,394,(GMT 3:00) Eastern African Time (Africa/Addis_Ababa),True
2457,@EG@7a9a5c965c4201dcc5cea7c11c65253d,,ex machina,1112,Kenya,1002701,,KES,77,Kenyan Shilling,KES,,dd/MM/yyyy,2,,,2025-10-28 05:00:00,"#,###.##",DD/MM/YYYY,2025-10-28 11:42:46,2025-10-28 11:42:46,101743,1,,0,,4,English,1002701,,0,0,,1,0,,3,394,(GMT 3:00) Eastern African Time (Africa/Addis_Ababa),True
2456,@EG@d30a35bbadb11df9bc86e20bd2fb5eea,,Icepop,1112,Kenya,1002700,,KES,77,Kenyan Shilling,KES,,dd/MM/yyyy,2,,,2025-10-28 05:00:00,"#,###.##",DD/MM/YYYY,2025-10-28 11:27:41,2025-10-28 11:27:41,101742,7,,0,,4,English,1002700,,0,0,,1,0,,3,394,(GMT 3:00) Eastern African Time (Africa/Addis_Ababa),True
2451,@EG@a99e5dfe3b32201c3bbd4bef4728261d,,AQUVA,1112,Kenya,1002695,,KES,77,Kenyan Shilling,KES,,dd/MM/yyyy,2,,,2025-10-28 05:00:00,"#,###.##",DD/MM/YYYY,2025-10-28 10:43:35,2025-10-28 10:43:35,101741,3,,0,,4,English,1002695,,0,0,,1,0,,3,394,(GMT 3:00) Eastern African Time (Africa/Addis_Ababa),True
2450,@EG@22c284b25d95970f0256b8ff5431e98a,,Jamasat Communications,1112,Kenya,1002694,,KES,77,Kenyan Shilling,KES,,dd/MM/yyyy,2,,,2025-10-28 05:00:00,"#,###.##",DD/MM/YYYY,2025-10-28 10:20:19,2025-10-28 10:20:19,101740,16,,0,,4,English,1002694,,0,0,,1,0,,3,394,(GMT 3:00) Eastern African Time (Africa/Addis_Ababa),True
2449,@EG@63686b5aae0d2408a1a775d7b1f1dbba,,Licky,1112,Kenya,1002693,,KES,77,Kenyan Shilling,KES,,dd/MM/yyyy,2,,,2025-10-28 05:00:00,"#,###.##",DD/MM/YYYY,2025-10-28 07:37:53,2025-10-28 07:37:53,101739,4,,0,,4,English,1002693,,0,0,,1,0,,3,394,(GMT 3:00) Eastern African Time (Africa/Addis_Ababa),True
2447,@EG@5b8b270c741df7eb81eb6ce5669ef7db,,Kelvin Mutune,1112,Kenya,1002691,,KES,77,Kenyan Shilling,KES,,dd/MM/yyyy,2,,,2025-10-28 05:00:00,"#,###.##",DD/MM/YYYY,2025-10-28 07:27:11,2025-10-28 07:27:11,101738,21,,0,,4,English,1002691,,0,0,,1,0,,3,394,(GMT 3:00) Eastern African Time (Africa/Addis_Ababa),True
2446,@EG@4ee4a38b7e56f9e05ee09cdf9ccfe0e9,,Succend,1112,Kenya,1002690,,KES,77,Kenyan Shilling,KES,,dd/MM/yyyy,2,,,2025-10-28 05:00:00,"#,###.##",DD/MM/YYYY,2025-10-28 07:19:13,2025-10-28 07:19:13,101737,21,,0,,4,English,1002690,,0,0,,1,0,,3,394,(GMT 3:00) Eastern African Time (Africa/Addis_Ababa),True
2444,@EG@a9259db1428d4d16c3346af2634832ef,,Icotec Co Limited,1112,Kenya,1002688,,KES,77,Kenyan Shilling,KES,,dd/MM/yyyy,2,,,2025-10-28 05:00:00,"#,###.##",DD/MM/YYYY,2025-10-28 05:50:48,2025-10-28 05:50:48,101736,1,,0,,4,English,1002688,,0,0,,1,0,,3,394,(GMT 3:00) Eastern African Time (Africa/Addis_Ababa),True
2443,@EG@d27796ca32ce57c056f72bc37755e035,,Carlox,1112,Kenya,1002686,,KES,77,Kenyan Shilling,KES,,dd/MM/yyyy,2,,,2025-10-28 05:00:00,"#,###.##",DD/MM/YYYY,2025-10-28 04:33:18,2025-10-28 04:33:18,101735,1,,0,,4,English,1002686,,0,0,,1,0,,3,394,(GMT 3:00) Eastern African Time (Africa/Addis_Ababa),True
2441,@EG@e0c3c5b5c23a4a8736ccee905216a9e4,,Byron biver,1112,Kenya,1002684,,KES,77,Kenyan Shilling,KES,,dd/MM/yyyy,2,,,2025-10-28 05:00:00,"#,###.##",DD/MM/YYYY,2025-10-28 04:17:20,2025-10-28 04:17:20,101734,7,,0,,4,English,1002684,,0,0,,1,0,,3,394,(GMT 3:00) Eastern African Time (Africa/Addis_Ababa),True
2440,@EG@2740426f3437ac4b1df597a6d618705a,,Joan Chepngeno,1112,Kenya,1002683,,KES,77,Kenyan Shilling,KES,,dd/MM/yyyy,2,,,2025-10-28 05:00:00,"#,###.##",DD/MM/YYYY,2025-10-28 03:26:46,2025-10-28 03:26:46,101733,39,,0,,4,English,1002683,,0,0,,1,0,,3,394,(GMT 3:00) Eastern African Time (Africa/Addis_Ababa),True
2438,@EG@5772b01e7d3961c20385c11d907363a8,,Mark,1112,Kenya,1002681,,KES,77,Kenyan Shilling,KES,,dd/MM/yyyy,2,,,2025-10-28 05:00:00,"#,###.##",DD/MM/YYYY,2025-10-28 02:41:44,2025-10-28 02:41:44,101732,21,,0,,4,English,1002681,,0,0,,1,0,,3,394,(GMT 3:00) Eastern African Time (Africa/Addis_Ababa),True
2437,@EG@5e26123ab6770f59f8dccb4cb0f05876,,Eliud Kipkurui Cheboi,1112,Kenya,1002680,,KES,77,Kenyan Shilling,KES,,dd/MM/yyyy,2,,,2025-10-28 05:00:00,"#,###.##",DD/MM/YYYY,2025-10-28 02:32:09,2025-10-28 02:32:09,101731,37,,0,,4,English,1002680,,0,0,,1,0,,3,394,(GMT 3:00) Eastern African Time (Africa/Addis_Ababa),True
2436,@EG@e68057b1b8a5d5748b0a00d4b708dd5d,,Mitumba clothes wholesale,1112,Kenya,1002679,,KES,77,Kenyan Shilling,KES,,dd/MM/yyyy,2,,,2025-10-28 05:00:00,"#,###.##",DD/MM/YYYY,2025-10-28 02:30:31,2025-10-28 02:30:31,101730,39,,0,,4,English,1002679,,0,0,,1,0,,3,394,(GMT 3:00) Eastern African Time (Africa/Addis_Ababa),True
2435,@EG@c7bc6a4cad853f34de47aa79c9c3fe07,,Tabby's comp,1112,Kenya,1002678,,KES,77,Kenyan Shilling,KES,,dd/MM/yyyy,2,,,2025-10-28 05:00:00,"#,###.##",DD/MM/YYYY,2025-10-28 02:30:01,2025-10-28 02:30:01,101729,35,,0,,4,English,1002678,,0,0,,1,0,,3,394,(GMT 3:00) Eastern African Time (Africa/Addis_Ababa),True
2433,@EG@0c89ba3ee8551beecf847a65e1b87347,,Daniel family co-op ltd,1196,South Africa,1002676,,ZAR,171,South African Rand,R,,yyyy-MM-dd,2,,,2025-10-28 06:00:00,"#.###,##",YYYY-MM-DD,2025-10-28 02:09:27,2025-10-28 02:09:27,101728,1,,0,,4,English,1002676,,0,0,,1,0,,2,353,(GMT 2:00) South Africa Standard Time (Africa/Johannesburg),True
2431,@EG@2c2a799d78ec5a37278e3e81ac115121,,Hussein,1112,Kenya,1002674,,KES,77,Kenyan Shilling,KES,,dd/MM/yyyy,2,,,2025-10-28 05:00:00,"#,###.##",DD/MM/YYYY,2025-10-28 01:19:40,2025-10-28 01:19:40,101726,30,,0,,4,English,1002674,,0,0,,1,0,,3,394,(GMT 3:00) Eastern African Time (Africa/Addis_Ababa),True
2430,@EG@2a0430660c1606d3c8267d40fa2abdfc,,Gabriel Mngujini,1210,Tanzania,1002673,,TZS,152,Tanzanian Shilling,TZS,,dd/MM/yyyy,2,,,2025-10-28 05:00:00,"# ###,##",DD/MM/YYYY,2025-10-28 01:21:12,2025-10-28 01:21:12,101727,1,,0,,4,English,1002673,,0,0,,1,0,,3,394,(GMT 3:00) Eastern African Time (Africa/Addis_Ababa),True
2429,@EG@f38026c30913274a04f72d8386bea196,,Cooking gas free delivery,1112,Kenya,1002672,,KES,77,Kenyan Shilling,KES,,dd/MM/yyyy,2,,,2025-10-28 05:00:00,"#,###.##",DD/MM/YYYY,2025-10-28 00:53:59,2025-10-28 00:53:59,101725,33,,0,,4,English,1002672,,0,0,,1,0,,3,394,(GMT 3:00) Eastern African Time (Africa/Addis_Ababa),True
2428,@EG@3c184d0621d48d6a65c4126131644946,,BIKE COMPANY,1112,Kenya,1002671,,KES,77,Kenyan Shilling,KES,,dd/MM/yyyy,2,,,2025-10-28 05:00:00,"#,###.##",DD/MM/YYYY,2025-10-28 00:28:36,2025-10-28 00:28:36,101724,18,,0,,4,English,1002671,,0,0,,1,0,,3,394,(GMT 3:00) Eastern African Time (Africa/Addis_Ababa),True
2426,@EG@f92f1d610792558588e12cd7a10e2afe,,RiKks Roro INTERIORS,1112,Kenya,1002669,,KES,77,Kenyan Shilling,KES,,dd/MM/yyyy,2,,,2025-10-27 05:00:00,"#,###.##",DD/MM/YYYY,2025-10-27 23:36:19,2025-10-27 23:36:19,101723,21,,0,,4,English,1002669,,0,0,,1,0,,3,394,(GMT 3:00) Eastern African Time (Africa/Addis_Ababa),True
2422,@EG@d483ce9c1f010b529131071d1ea31e12,,Swimming pool,1112,Kenya,1002665,,KES,77,Kenyan Shilling,KES,,dd/MM/yyyy,2,,,2025-10-27 05:00:00,"#,###.##",DD/MM/YYYY,2025-10-27 22:28:36,2025-10-27 22:28:36,101722,3,,0,,4,English,1002665,,0,0,,1,0,,3,394,(GMT 3:00) Eastern African Time (Africa/Addis_Ababa),True
2421,@EG@7303f70d982c85ee687527bbacdd1a0f,,URBAN SWAG KICKS ,1112,Kenya,1002664,,KES,77,Kenyan Shilling,KES,,dd/MM/yyyy,2,,,2025-10-27 05:00:00,"#,###.##",DD/MM/YYYY,2025-10-27 22:23:19,2025-10-27 22:23:19,101721,35,,0,,4,English,1002664,,0,0,,1,0,,3,394,(GMT 3:00) Eastern African Time (Africa/Addis_Ababa),True
2420,@EG@0fc2aa26b476be60c1b0da8d3c4119be,,AMINA,1112,Kenya,1002663,,KES,77,Kenyan Shilling,KES,,dd/MM/yyyy,2,,,2025-10-27 05:00:00,"#,###.##",DD/MM/YYYY,2025-10-27 22:03:43,2025-10-27 22:03:43,101720,30,,0,,4,English,1002663,,0,0,,1,0,,3,394,(GMT 3:00) Eastern African Time (Africa/Addis_Ababa),True
2419,@EG@038e76b0911753c5515a823d83ad5da0,,AVIXTY FASHION store,1112,Kenya,1002662,,KES,77,Kenyan Shilling,KES,,dd/MM/yyyy,2,,,2025-10-27 05:00:00,"#,###.##",DD/MM/YYYY,2025-10-27 22:03:33,2025-10-27 22:03:33,101719,35,,0,,4,English,1002662,,0,0,,1,0,,3,394,(GMT 3:00) Eastern African Time (Africa/Addis_Ababa),True
2418,@EG@481ae141cd1b40319a749d86b6acde88,,Edward Magero,1112,Kenya,1002661,,KES,77,Kenyan Shilling,KES,,dd/MM/yyyy,2,,,2025-10-27 05:00:00,"#,###.##",DD/MM/YYYY,2025-10-27 21:55:31,2025-10-27 21:55:31,101718,15,,0,,4,English,1002661,,0,0,,1,0,,3,394,(GMT 3:00) Eastern African Time (Africa/Addis_Ababa),True
2416,@EG@8a55388c426a3652385128bb64b4399d,,Kk complex,1112,Kenya,1002659,,KES,77,Kenyan Shilling,KES,,dd/MM/yyyy,2,,,2025-10-27 05:00:00,"#,###.##",DD/MM/YYYY,2025-10-27 20:19:32,2025-10-27 20:19:32,101717,34,,0,,4,English,1002659,,0,0,,1,0,,3,394,(GMT 3:00) Eastern African Time (Africa/Addis_Ababa),True
2415,@EG@b45f266a7c2519911025b11367ea8340,,Wanhong paper industry,1112,Kenya,1002658,,KES,77,Kenyan Shilling,KES,,dd/MM/yyyy,2,,,2025-10-27 05:00:00,"#,###.##",DD/MM/YYYY,2025-10-27 20:15:34,2025-10-27 20:15:34,101716,32,,0,,4,English,1002658,,0,0,,1,0,,3,394,(GMT 3:00) Eastern African Time (Africa/Addis_Ababa),True
2412,@EG@dd99677be794b7832c714decc3d10546,,EVANA PHARMACY LTD,1221,Uganda,1002653,,UGX,154,Ugandan Shilling,UGX,,dd/MM/yyyy,2,,,2025-10-27 05:00:00,# ###.##,DD/MM/YYYY,2025-10-27 19:01:24,2025-10-27 19:01:24,101715,10,,0,,4,English,1002653,,0,0,,1,0,,3,394,(GMT 3:00) Eastern African Time (Africa/Addis_Ababa),True
2411,@EG@58c02a6ab77b22b3eae6d1905e71a65b,,Factory Refrigeration and Power Controls,1112,Kenya,1002652,,KES,77,Kenyan Shilling,KES,,dd/MM/yyyy,2,,,2025-10-27 05:00:00,"#,###.##",DD/MM/YYYY,2025-10-27 18:29:39,2025-10-27 18:29:39,101714,37,,0,,4,English,1002652,,0,0,,1,0,,3,394,(GMT 3:00) Eastern African Time (Africa/Addis_Ababa),True
2410,@EG@b82e9276eb3fadcc68ecc798c5ccadc7,,Asava,1112,Kenya,1002651,,KES,77,Kenyan Shilling,KES,,dd/MM/yyyy,2,,,2025-10-27 05:00:00,"#,###.##",DD/MM/YYYY,2025-10-27 18:26:09,2025-10-27 18:26:09,101713,27,,0,,4,English,1002651,,0,0,,1,0,,3,394,(GMT 3:00) Eastern African Time (Africa/Addis_Ababa),True
2409,@EG@ffc2dade1a5ba9417ffff9892a58321c,,Agatha,1112,Kenya,1002650,,KES,77,Kenyan Shilling,KES,,dd/MM/yyyy,2,,,2025-10-27 05:00:00,"#,###.##",DD/MM/YYYY,2025-10-27 18:04:12,2025-10-27 18:04:12,101712,7,,0,,4,English,1002650,,0,0,,1,0,,3,394,(GMT 3:00) Eastern African Time (Africa/Addis_Ababa),True
2408,@EG@fbcbd5a1d130f0d2a3e503e3686eb0a6,,PVSTAR,1112,Kenya,1002649,,KES,77,Kenyan Shilling,KES,,dd/MM/yyyy,2,,,2025-10-29 05:00:00,"#,###.##",DD/MM/YYYY,2025-10-29 21:20:10,2025-10-29 21:20:10,101777,37,,0,,4,English,1002649,,0,0,,1,0,,3,394,(GMT 3:00) Eastern African Time (Africa/Addis_Ababa),True
2407,@EG@c31f0bc6b03c2dc2c65c749df16f0486,,LASHYY,1112,Kenya,1002647,,KES,77,Kenyan Shilling,KES,,dd/MM/yyyy,2,,,2025-10-27 05:00:00,"#,###.##",DD/MM/YYYY,2025-10-27 17:04:48,2025-10-27 17:04:48,101711,3,,0,,4,English,1002647,,0,0,,1,0,,3,394,(GMT 3:00) Eastern African Time (Africa/Addis_Ababa),True
2406,@EG@f9878524da1ccbc2c9505bdec84b485c,,THE ANT,1112,Kenya,1002645,,KES,77,Kenyan Shilling,KES,,dd/MM/yyyy,2,,,2025-10-27 05:00:00,"#,###.##",DD/MM/YYYY,2025-10-27 16:15:29,2025-10-27 16:15:29,101710,14,,0,,4,English,1002645,,0,0,,1,0,,3,394,(GMT 3:00) Eastern African Time (Africa/Addis_Ababa),True
2402,@EG@725dcbe309489e2ea2a5fcca62d78984,,Billion vibes enterprises ltd,1112,Kenya,1002638,,KES,77,Kenyan Shilling,KES,,dd/MM/yyyy,2,,,2025-10-27 05:00:00,"#,###.##",DD/MM/YYYY,2025-10-27 13:58:54,2025-10-27 13:58:54,101709,2,,0,,4,English,1002638,,0,0,,1,0,,3,394,(GMT 3:00) Eastern African Time (Africa/Addis_Ababa),True
2400,@EG@dbdc2e76ea065b1f71ff358112225fcf,,Black and white barcodes data technology Africa company ltd ,1112,Kenya,1002636,,KES,77,Kenyan Shilling,KES,,dd/MM/yyyy,2,,,2025-10-26 05:00:00,"#,###.##",DD/MM/YYYY,2025-10-26 18:53:26,2025-10-26 18:53:26,101708,16,,0,,4,English,1002636,,0,0,,1,0,,3,394,(GMT 3:00) Eastern African Time (Africa/Addis_Ababa),True
2399,@EG@72f58b72ddd54c44eb51ea5a33174439,https://static.kilimax.com/enterprise_2399/company_101706/logo/allso_logo_final[1].jpg,Zarini Beauty,1112,Kenya,1002635,,KES,77,Kenyan Shilling,KES,,dd-MM-yyyy,2,,,2025-11-01 05:00:00,"#,###.##",DD-MM-YYYY,2025-11-21 21:56:15,2025-11-21 21:56:15,102046,39,,0,,4,English,1002635,,0,0,,1,0,,3,401,(GMT 3:00) Eastern African Time (Africa/Nairobi),True
2399,@EG@d173a0f2199623f4f00151b9990ec57c,https://static.kilimax.com/enterprise_2399/company_101706/logo/Also converted logo.jpg,(Test) Zarini beauty,1112,Kenya,1002635,,KES,77,Kenyan Shilling,KES,,MM/dd/yyyy,2,,,2025-10-01 05:00:00,"#,###.##",MM/DD/YYYY,2025-10-26 08:51:35,2025-10-26 08:51:35,101706,39,,0,,4,English,1002635,,0,0,,2,0,,3,394,(GMT 3:00) Eastern African Time (Africa/Addis_Ababa),False
2398,@EG@003fd60fe387ba137a998643beed9425,,Promison company,1112,Kenya,1002634,,KES,77,Kenyan Shilling,KES,,dd/MM/yyyy,2,,,2025-10-25 05:00:00,"#,###.##",DD/MM/YYYY,2025-10-25 20:45:12,2025-10-25 20:45:12,101705,37,,0,,4,English,1002634,,0,0,,1,0,,3,394,(GMT 3:00) Eastern African Time (Africa/Addis_Ababa),True
2394,@EG@74ded4fc22f898c987b0368f4305c06a,,Ujenzi Materials and Services,1112,Kenya,1002630,,KES,77,Kenyan Shilling,KES,,dd/MM/yyyy,2,,,2025-10-25 05:00:00,"#,###.##",DD/MM/YYYY,2025-10-25 04:29:19,2025-10-25 04:29:19,101704,27,,0,,4,English,1002630,,0,0,,1,0,,3,394,(GMT 3:00) Eastern African Time (Africa/Addis_Ababa),True
2393,@EG@1a60cc1565f72aaaf8e9f4958752cae6,,NZAMBANI green maize,1112,Kenya,1002629,,KES,77,Kenyan Shilling,KES,,dd/MM/yyyy,2,,,2025-10-25 05:00:00,"#,###.##",DD/MM/YYYY,2025-10-25 04:25:11,2025-10-25 04:25:11,101703,30,,0,,4,English,1002629,,0,0,,1,0,,3,394,(GMT 3:00) Eastern African Time (Africa/Addis_Ababa),True
2389,@EG@34546d3ee0448376f2d86e823277ced7,,Evans company,1112,Kenya,1002625,,KES,77,Kenyan Shilling,KES,,dd/MM/yyyy,2,,,2025-10-25 05:00:00,"#,###.##",DD/MM/YYYY,2025-10-25 02:48:33,2025-10-25 02:48:33,101702,6,,0,,4,English,1002625,,0,0,,1,0,,3,394,(GMT 3:00) Eastern African Time (Africa/Addis_Ababa),True
2387,@EG@670b642b24e275be42daffa37d1c4d8a,,Advanced Autofix ,1112,Kenya,1002623,,KES,77,Kenyan Shilling,KES,,dd/MM/yyyy,2,,,2025-10-25 05:00:00,"#,###.##",DD/MM/YYYY,2025-10-25 02:13:20,2025-10-25 02:13:20,101701,2,,0,,4,English,1002623,,0,0,,1,0,,3,394,(GMT 3:00) Eastern African Time (Africa/Addis_Ababa),True
2386,@EG@5f926c9881b9addfbab83fc2c1f1477b,,Dura poa,1112,Kenya,1002622,,KES,77,Kenyan Shilling,KES,,dd/MM/yyyy,2,,,2025-10-25 05:00:00,"#,###.##",DD/MM/YYYY,2025-10-25 02:12:42,2025-10-25 02:12:42,101700,16,,0,,4,English,1002622,,0,0,,1,0,,3,394,(GMT 3:00) Eastern African Time (Africa/Addis_Ababa),True
2385,@EG@05293858624e1162c342e6b95fc78c34,,Big power company Ltd,1112,Kenya,1002621,,KES,77,Kenyan Shilling,KES,,dd/MM/yyyy,2,,,2025-10-25 05:00:00,"#,###.##",DD/MM/YYYY,2025-10-25 01:58:41,2025-10-25 01:58:41,101699,7,,0,,4,English,1002621,,0,0,,1,0,,3,394,(GMT 3:00) Eastern African Time (Africa/Addis_Ababa),True
2382,@EG@abb47ce576a9e1910710911eb499b1c4,,kazeki poultry ,1112,Kenya,1002618,,KES,77,Kenyan Shilling,KES,,dd/MM/yyyy,2,,,2025-10-25 05:00:00,"#,###.##",DD/MM/YYYY,2025-10-25 01:08:26,2025-10-25 01:08:26,101698,30,,0,,4,English,1002618,,0,0,,1,0,,3,394,(GMT 3:00) Eastern African Time (Africa/Addis_Ababa),True
2380,@EG@49925857fb7c3dda28a0a51ef4895451,,David Gitonga,1112,Kenya,1002616,,KES,77,Kenyan Shilling,KES,,dd/MM/yyyy,2,,,2025-10-25 05:00:00,"#,###.##",DD/MM/YYYY,2025-10-25 00:41:23,2025-10-25 00:41:23,101697,1,,0,,4,English,1002616,,0,0,,1,0,,3,394,(GMT 3:00) Eastern African Time (Africa/Addis_Ababa),True
2375,@EG@897385cbebfee47cdf2309f1a764a66c,,Laban,1112,Kenya,1002611,,KES,77,Kenyan Shilling,KES,,dd/MM/yyyy,2,,,2025-10-24 05:00:00,"#,###.##",DD/MM/YYYY,2025-10-24 22:24:10,2025-10-24 22:24:10,101696,1,,0,,4,English,1002611,,0,0,,1,0,,3,394,(GMT 3:00) Eastern African Time (Africa/Addis_Ababa),True
2372,@EG@b1d7696f3e41e38c4962dc1a350af378,,John waweru,1112,Kenya,1002608,,KES,77,Kenyan Shilling,KES,,dd/MM/yyyy,2,,,2025-10-24 05:00:00,"#,###.##",DD/MM/YYYY,2025-10-24 21:27:22,2025-10-24 21:27:22,101694,21,,0,,4,English,1002608,,0,0,,1,0,,3,394,(GMT 3:00) Eastern African Time (Africa/Addis_Ababa),True
2371,@EG@eafb9a28d9b88dbc6d522015f478fd31,,TEST KENYA,1112,Kenya,1002607,,KES,77,Kenyan Shilling,KES,,dd/MM/yyyy,2,,,2025-10-24 05:00:00,"#,###.##",DD/MM/YYYY,2025-10-24 21:16:55,2025-10-24 21:16:55,101693,14,,0,,4,English,1002607,,0,0,,1,0,,3,394,(GMT 3:00) Eastern African Time (Africa/Addis_Ababa),True
2370,@EG@3cf787ec771675de7ab97b76245ef760,,the daily,1112,Kenya,1002606,,KES,77,Kenyan Shilling,KES,,dd/MM/yyyy,2,,,2025-10-24 05:00:00,"#,###.##",DD/MM/YYYY,2025-10-24 21:32:23,2025-10-24 21:32:23,101695,21,,0,,4,English,1002606,,0,0,,1,0,,3,394,(GMT 3:00) Eastern African Time (Africa/Addis_Ababa),True
2369,@EG@32616059ab2204beaf8bc78c1cdb852e,,Brie Mart,1112,Kenya,1002605,,KES,77,Kenyan Shilling,KES,,dd/MM/yyyy,2,,,2025-10-24 05:00:00,"#,###.##",DD/MM/YYYY,2025-10-24 20:50:05,2025-10-24 20:50:05,101692,37,,0,,4,English,1002605,,0,0,,1,0,,3,394,(GMT 3:00) Eastern African Time (Africa/Addis_Ababa),True
2365,@EG@8b1431237bcbd560ce98984ea293680b,,MorphoTech,1112,Kenya,1002601,,KES,77,Kenyan Shilling,KES,,dd/MM/yyyy,2,,,2025-10-24 05:00:00,"#,###.##",DD/MM/YYYY,2025-10-24 19:36:29,2025-10-24 19:36:29,101690,16,,0,,4,English,1002601,,0,0,,1,0,,3,394,(GMT 3:00) Eastern African Time (Africa/Addis_Ababa),True
2361,@EG@369823c8f07cf920486225996dd48950,,Duncan makau,1112,Kenya,1002597,,KES,77,Kenyan Shilling,KES,,dd/MM/yyyy,2,,,2025-10-24 05:00:00,"#,###.##",DD/MM/YYYY,2025-10-24 18:46:44,2025-10-24 18:46:44,101689,1,,0,,4,English,1002597,,0,0,,1,0,,3,394,(GMT 3:00) Eastern African Time (Africa/Addis_Ababa),True
2357,@EG@63c889cbb4fba4dcdc1c30ad5271eb73,,Jaymto Enterprises,1112,Kenya,1002592,,KES,77,Kenyan Shilling,KES,,dd/MM/yyyy,2,,,2025-10-24 05:00:00,"#,###.##",DD/MM/YYYY,2025-10-24 16:40:53,2025-10-24 16:40:53,101686,34,,0,,4,English,1002592,,0,0,,1,0,,3,394,(GMT 3:00) Eastern African Time (Africa/Addis_Ababa),True
2356,@EG@3dd8085272e2c36bfcbceadb07a93269,,The Gentleman's Collection,1112,Kenya,1002591,,KES,77,Kenyan Shilling,KES,,dd/MM/yyyy,2,,,2025-10-24 05:00:00,"#,###.##",DD/MM/YYYY,2025-10-24 16:34:02,2025-10-24 16:34:02,101685,34,,0,,4,English,1002591,,0,0,,1,0,,3,394,(GMT 3:00) Eastern African Time (Africa/Addis_Ababa),True
2355,@EG@e1a4044ed1646ef3fa55c16cc1ea1796,,VETCLEANAGROVET LTD,1112,Kenya,1002590,,KES,77,Kenyan Shilling,KES,,dd/MM/yyyy,2,,,2025-10-24 05:00:00,"#,###.##",DD/MM/YYYY,2025-10-24 16:25:43,2025-10-24 16:25:43,101684,30,,0,,4,English,1002590,,0,0,,1,0,,3,394,(GMT 3:00) Eastern African Time (Africa/Addis_Ababa),True
2354,@EG@c57afed8dfe26c3daeadd17b5cff8bc6,,Cyrus Ogutu plumbing & Electricals Ltd,1112,Kenya,1002589,,KES,77,Kenyan Shilling,KES,,dd/MM/yyyy,2,,,2025-10-24 05:00:00,"#,###.##",DD/MM/YYYY,2025-10-24 16:16:08,2025-10-24 16:16:08,101683,22,,0,,4,English,1002589,,0,0,,1,0,,3,394,(GMT 3:00) Eastern African Time (Africa/Addis_Ababa),True
2351,@EG@256987b3b61e66f66f341c3e1bed8c45,,Banshee001,1112,Kenya,1002586,,KES,77,Kenyan Shilling,KES,,dd/MM/yyyy,2,,,2025-10-24 05:00:00,"#,###.##",DD/MM/YYYY,2025-10-24 15:52:34,2025-10-24 15:52:34,101681,14,,0,,4,English,1002586,,0,0,,1,0,,3,394,(GMT 3:00) Eastern African Time (Africa/Addis_Ababa),True
2350,@EG@35c1958e10cce3371057c0e1e9833d1a,,Fanaka Real Estate,1112,Kenya,1002585,,KES,77,Kenyan Shilling,KES,,dd/MM/yyyy,2,,,2025-10-24 05:00:00,"#,###.##",DD/MM/YYYY,2025-10-24 15:31:04,2025-10-24 15:31:04,101679,34,,0,,4,English,1002585,,0,0,,1,0,,3,394,(GMT 3:00) Eastern African Time (Africa/Addis_Ababa),True
2347,@EG@fa138c0bbfcc22faa1651266ab8cbfe5,,young_mafia.442,1112,Kenya,1002582,,KES,77,Kenyan Shilling,KES,,dd/MM/yyyy,2,,,2025-10-24 05:00:00,"#,###.##",DD/MM/YYYY,2025-10-24 14:45:24,2025-10-24 14:45:24,101678,5,,0,,4,English,1002582,,0,0,,1,0,,3,394,(GMT 3:00) Eastern African Time (Africa/Addis_Ababa),True
2344,@EG@44f3e4f42bfe38056f130c4137df17dd,,KKT,1112,Kenya,1002579,,KES,77,Kenyan Shilling,KES,,dd/MM/yyyy,2,,,2025-10-24 05:00:00,"#,###.##",DD/MM/YYYY,2025-10-24 13:18:56,2025-10-24 13:18:56,101676,35,,0,,4,English,1002579,,0,0,,1,0,,3,394,(GMT 3:00) Eastern African Time (Africa/Addis_Ababa),True
2343,@EG@0a03ad22ee9fcab160a29c1c539ea8fe,,Minisoft Technologies,1112,Kenya,1002578,,KES,77,Kenyan Shilling,KES,,dd/MM/yyyy,2,,,2025-10-24 05:00:00,"#,###.##",DD/MM/YYYY,2025-10-24 13:09:26,2025-10-24 13:09:26,101675,16,,0,,4,English,1002578,,0,0,,1,0,,3,394,(GMT 3:00) Eastern African Time (Africa/Addis_Ababa),True
2341,@EG@894fe43ee7f9fc1f887e22ba6abe9492,,Yobesh,1112,Kenya,1002576,,KES,77,Kenyan Shilling,KES,,dd/MM/yyyy,2,,,2025-10-24 05:00:00,"#,###.##",DD/MM/YYYY,2025-10-24 12:37:27,2025-10-24 12:37:27,101674,30,,0,,4,English,1002576,,0,0,,1,0,,3,394,(GMT 3:00) Eastern African Time (Africa/Addis_Ababa),True
2340,@EG@8668f626c73e6f967eaa17ed1e8039c5,,Bansall,1210,Tanzania,1002575,,TZS,152,Tanzanian Shilling,TZS,,dd/MM/yyyy,2,,,2025-10-24 05:00:00,"# ###,##",DD/MM/YYYY,2025-10-24 12:34:48,2025-10-24 12:34:48,101673,30,,0,,4,English,1002575,,0,0,,1,0,,3,394,(GMT 3:00) Eastern African Time (Africa/Addis_Ababa),True
2336,@EG@4f588397c1bc03103785249f7144558d,,Mskanika,1112,Kenya,1002571,,KES,77,Kenyan Shilling,KES,,dd/MM/yyyy,2,,,2025-10-24 05:00:00,"#,###.##",DD/MM/YYYY,2025-10-24 10:53:36,2025-10-24 10:53:36,101672,4,,0,,4,English,1002571,,0,0,,1,0,,3,394,(GMT 3:00) Eastern African Time (Africa/Addis_Ababa),True
2335,@EG@6a282ec70bf2433853148a40b0a4cb89,,Ferdinand miyawa,1112,Kenya,1002570,,KES,77,Kenyan Shilling,KES,,dd/MM/yyyy,2,,,2025-10-24 05:00:00,"#,###.##",DD/MM/YYYY,2025-10-24 09:29:47,2025-10-24 09:29:47,101671,34,,0,,4,English,1002570,,0,0,,1,0,,3,394,(GMT 3:00) Eastern African Time (Africa/Addis_Ababa),True
2333,@EG@b695a28e9212a5b49eaa3f2eece21c87,,Mayieng'a,1112,Kenya,1002568,,KES,77,Kenyan Shilling,KES,,dd/MM/yyyy,2,,,2025-10-24 05:00:00,"#,###.##",DD/MM/YYYY,2025-10-24 06:40:21,2025-10-24 06:40:21,101670,7,,0,,4,English,1002568,,0,0,,1,0,,3,394,(GMT 3:00) Eastern African Time (Africa/Addis_Ababa),True
2331,@EG@cbf4e472b2d7ffb44f38c559aad0541e,,Master solutions,1112,Kenya,1002566,,KES,77,Kenyan Shilling,KES,,dd/MM/yyyy,2,,,2025-10-24 05:00:00,"#,###.##",DD/MM/YYYY,2025-10-24 05:29:12,2025-10-24 05:29:12,101669,1,,0,,4,English,1002566,,0,0,,1,0,,3,394,(GMT 3:00) Eastern African Time (Africa/Addis_Ababa),True
2330,@EG@f23cba71bebf9924e4ffd73637d624ee,,Getrudeloyce,1112,Kenya,1002565,,KES,77,Kenyan Shilling,KES,,dd/MM/yyyy,2,,,2025-10-24 05:00:00,"#,###.##",DD/MM/YYYY,2025-10-24 04:50:10,2025-10-24 04:50:10,101668,6,,0,,4,English,1002565,,0,0,,1,0,,3,394,(GMT 3:00) Eastern African Time (Africa/Addis_Ababa),True
2329,@EG@ffd0da7d2390c1a29a59e25a1d478b4e,,Starmax,1112,Kenya,1002564,,KES,77,Kenyan Shilling,KES,,dd/MM/yyyy,2,,,2025-10-24 05:00:00,"#,###.##",DD/MM/YYYY,2025-10-24 04:23:24,2025-10-24 04:23:24,101667,1,,0,,4,English,1002564,,0,0,,1,0,,3,394,(GMT 3:00) Eastern African Time (Africa/Addis_Ababa),True
2328,@EG@3904e132ae35b0bcc29c1f2e25663807,,Hotpoint,1112,Kenya,1002563,,KES,77,Kenyan Shilling,KES,,dd/MM/yyyy,2,,,2025-10-24 05:00:00,"#,###.##",DD/MM/YYYY,2025-10-24 02:33:07,2025-10-24 02:33:07,101666,7,,0,,4,English,1002563,,0,0,,1,0,,3,394,(GMT 3:00) Eastern African Time (Africa/Addis_Ababa),True
2327,@EG@fbc651dc70950b6bbc55156422eecfbe,,Gusii matt,1112,Kenya,1002562,,KES,77,Kenyan Shilling,KES,,dd/MM/yyyy,2,,,2025-10-24 05:00:00,"#,###.##",DD/MM/YYYY,2025-10-24 02:21:02,2025-10-24 02:21:02,101665,3,,0,,4,English,1002562,,0,0,,1,0,,3,394,(GMT 3:00) Eastern African Time (Africa/Addis_Ababa),True
2326,@EG@def002eec5eb3e80e9f1399f3b07463f,,adelightship,1112,Kenya,1002561,,KES,77,Kenyan Shilling,KES,,dd/MM/yyyy,2,,,2025-10-24 05:00:00,"#,###.##",DD/MM/YYYY,2025-10-24 01:55:30,2025-10-24 01:55:30,101664,6,,0,,4,English,1002561,,0,0,,1,0,,3,394,(GMT 3:00) Eastern African Time (Africa/Addis_Ababa),True
2324,@EG@c9737ef4751cb4de716182ed05a3e773,,hemans woods & furniture ,1112,Kenya,1002559,,KES,77,Kenyan Shilling,KES,,dd/MM/yyyy,2,,,2025-10-24 05:00:00,"#,###.##",DD/MM/YYYY,2025-10-24 01:22:48,2025-10-24 01:22:48,101663,3,,0,,4,English,1002559,,0,0,,1,0,,3,394,(GMT 3:00) Eastern African Time (Africa/Addis_Ababa),True
2321,@EG@37c19e2948b395657c6e07e239b03da5,,Private,1112,Kenya,1002556,,KES,77,Kenyan Shilling,KES,,dd/MM/yyyy,2,,,2025-10-24 05:00:00,"#,###.##",DD/MM/YYYY,2025-10-24 00:39:07,2025-10-24 00:39:07,101662,6,,0,,4,English,1002556,,0,0,,1,0,,3,394,(GMT 3:00) Eastern African Time (Africa/Addis_Ababa),True
2319,@EG@0e7f2ea3ed50396885e88ca5729fb134,,Infix Africa,1112,Kenya,1002554,,KES,77,Kenyan Shilling,KES,,dd/MM/yyyy,2,,,2025-10-23 05:00:00,"#,###.##",DD/MM/YYYY,2025-10-23 23:35:45,2025-10-23 23:35:45,101661,2,,0,,4,English,1002554,,0,0,,1,0,,3,394,(GMT 3:00) Eastern African Time (Africa/Addis_Ababa),True
2318,@EG@4403e23122b97969217a7d34e89dd5b7,,BONKERS FAMILY ,1112,Kenya,1002553,,KES,77,Kenyan Shilling,KES,,dd/MM/yyyy,2,,,2025-10-23 05:00:00,"#,###.##",DD/MM/YYYY,2025-10-23 23:32:29,2025-10-23 23:32:29,101660,18,,0,,4,English,1002553,,0,0,,1,0,,3,394,(GMT 3:00) Eastern African Time (Africa/Addis_Ababa),True
2317,@EG@cd769f1893d410a87dd4da63af0ab939,,Lucy Mutethya maluki,1112,Kenya,1002551,,KES,77,Kenyan Shilling,KES,,dd/MM/yyyy,2,,,2025-10-23 05:00:00,"#,###.##",DD/MM/YYYY,2025-10-23 23:02:30,2025-10-23 23:02:30,101659,21,,0,,4,English,1002551,,0,0,,1,0,,3,394,(GMT 3:00) Eastern African Time (Africa/Addis_Ababa),True
2315,@EG@2db7bb5c0f42b0ced70f55ae1a7c39be,,Liyana Sharif,1112,Kenya,1002549,,KES,77,Kenyan Shilling,KES,,dd/MM/yyyy,2,,,2025-10-23 05:00:00,"#,###.##",DD/MM/YYYY,2025-10-23 22:16:06,2025-10-23 22:16:06,101658,4,,0,,4,English,1002549,,0,0,,1,0,,3,394,(GMT 3:00) Eastern African Time (Africa/Addis_Ababa),True
2314,@EG@17c0f6d3bea5d7fff55822f2231ed6ed,,Yusufmahamedfarah,1112,Kenya,1002548,,KES,77,Kenyan Shilling,KES,,dd/MM/yyyy,2,,,2025-10-23 05:00:00,"#,###.##",DD/MM/YYYY,2025-10-23 22:13:01,2025-10-23 22:13:01,101657,5,,0,,4,English,1002548,,0,0,,1,0,,3,394,(GMT 3:00) Eastern African Time (Africa/Addis_Ababa),True
2310,@EG@c0adc4a234cb3b020078e2aba48e418d,,Telefonica comms,1112,Kenya,1002543,,KES,77,Kenyan Shilling,KES,,dd/MM/yyyy,2,,,2025-10-23 05:00:00,"#,###.##",DD/MM/YYYY,2025-10-23 20:58:34,2025-10-23 20:58:34,101656,6,,0,,4,English,1002543,,0,0,,1,0,,3,394,(GMT 3:00) Eastern African Time (Africa/Addis_Ababa),True
2309,@EG@38586559ee90c568428bd3e2dbd20596,,Cela,1112,Kenya,1002542,,KES,77,Kenyan Shilling,KES,,dd/MM/yyyy,2,,,2025-10-23 05:00:00,"#,###.##",DD/MM/YYYY,2025-10-23 20:31:07,2025-10-23 20:31:07,101655,7,,0,,4,English,1002542,,0,0,,1,0,,3,394,(GMT 3:00) Eastern African Time (Africa/Addis_Ababa),True
2308,@EG@80825326e58b74dae0febc9689b50c73,,Hike,1068,Ethiopia,1002541,,ETB,48,Ethiopian Birr,ETB,,dd/MM/yyyy,2,,,2025-10-23 05:00:00,"#.###,##",DD/MM/YYYY,2025-10-23 20:29:31,2025-10-23 20:29:31,101654,27,,0,,4,English,1002541,,0,0,,1,0,,3,410,(GMT 3:00) GMT+03:00 (Etc/GMT-3),True
2307,@EG@e2aadb9b720d1397a63068acb39920d4,,Zeytun,1112,Kenya,1002540,,KES,77,Kenyan Shilling,KES,,dd/MM/yyyy,2,,,2025-10-23 05:00:00,"#,###.##",DD/MM/YYYY,2025-10-23 20:25:26,2025-10-23 20:25:26,101653,6,,0,,4,English,1002540,,0,0,,1,0,,3,394,(GMT 3:00) Eastern African Time (Africa/Addis_Ababa),True
2306,@EG@ded0f5fc6e101f83e7d46331a7c01f67,,Tabitha wanja nduta,1112,Kenya,1002539,,KES,77,Kenyan Shilling,KES,,dd/MM/yyyy,2,,,2025-10-23 05:00:00,"#,###.##",DD/MM/YYYY,2025-10-23 20:12:57,2025-10-23 20:12:57,101652,1,,0,,4,English,1002539,,0,0,,1,0,,3,394,(GMT 3:00) Eastern African Time (Africa/Addis_Ababa),True
2304,@EG@3af6375e5a995dbefcef53aff3e62aa1,,Zeliant Services,1112,Kenya,1002537,,KES,77,Kenyan Shilling,KES,,dd/MM/yyyy,2,,,2025-10-23 05:00:00,"#,###.##",DD/MM/YYYY,2025-10-23 19:58:32,2025-10-23 19:58:32,101651,3,,0,,4,English,1002537,,0,0,,1,0,,3,394,(GMT 3:00) Eastern African Time (Africa/Addis_Ababa),True
2303,@EG@a6fd45fba2233f09ffd656b4b72f24bc,,Jane platform,1112,Kenya,1002536,,KES,77,Kenyan Shilling,KES,,dd/MM/yyyy,2,,,2025-10-23 05:00:00,"#,###.##",DD/MM/YYYY,2025-10-23 19:52:38,2025-10-23 19:52:38,101650,1,,0,,4,English,1002536,,0,0,,1,0,,3,394,(GMT 3:00) Eastern African Time (Africa/Addis_Ababa),True
2302,@EG@04e15efc7b7917e17f3b98abcd597006,,Olaoh furnitures,1112,Kenya,1002535,,KES,77,Kenyan Shilling,KES,,dd/MM/yyyy,2,,,2025-10-23 05:00:00,"#,###.##",DD/MM/YYYY,2025-10-23 19:37:49,2025-10-23 19:37:49,101649,3,,0,,4,English,1002535,,0,0,,1,0,,3,394,(GMT 3:00) Eastern African Time (Africa/Addis_Ababa),True
2301,@EG@66dae9b745ec1502460633c263620579,,SHAMSU HEALTHCARE LTD,1112,Kenya,1002534,,KES,77,Kenyan Shilling,KES,,dd-MM-yyyy,2,,,2025-10-01 05:00:00,"#,###.##",DD-MM-YYYY,2025-10-24 15:49:18,2025-10-24 15:49:18,101680,,,0,,4,English,1002534,,0,0,,1,0,,3,401,(GMT 3:00) Eastern African Time (Africa/Nairobi),True
2301,@EG@55e2749ca1a7def904831fe2382fcf6f,,SHAMSU HEALTHCARE,1112,Kenya,1002534,,KES,77,Kenyan Shilling,KES,,dd/MM/yyyy,2,,,2025-10-23 05:00:00,"#,###.##",DD/MM/YYYY,2025-10-23 19:24:39,2025-10-23 19:24:39,101648,10,,0,,4,English,1002534,,0,0,,2,0,,3,394,(GMT 3:00) Eastern African Time (Africa/Addis_Ababa),False
2300,@EG@4679ea2a27dc6bea0f08bf61eb6bb216,,Leofresh,1112,Kenya,1002532,,KES,77,Kenyan Shilling,KES,,dd/MM/yyyy,2,,,2025-10-23 05:00:00,"#,###.##",DD/MM/YYYY,2025-10-23 17:41:58,2025-10-23 17:41:58,101647,1,,0,,4,English,1002532,,0,0,,1,0,,3,394,(GMT 3:00) Eastern African Time (Africa/Addis_Ababa),True
2299,@EG@2129f89e288e93f266e8578656435024,,Copyright,1112,Kenya,1002531,,KES,77,Kenyan Shilling,KES,,dd/MM/yyyy,2,,,2025-10-23 05:00:00,"#,###.##",DD/MM/YYYY,2025-10-23 17:23:31,2025-10-23 17:23:31,101646,4,,0,,4,English,1002531,,0,0,,1,0,,3,394,(GMT 3:00) Eastern African Time (Africa/Addis_Ababa),True
2298,@EG@33fc4d6de108d719791b7d3a3206787a,,Jujamaica,1112,Kenya,1002530,,KES,77,Kenyan Shilling,KES,,dd/MM/yyyy,2,,,2025-10-23 05:00:00,"#,###.##",DD/MM/YYYY,2025-10-23 17:21:35,2025-10-23 17:21:35,101645,34,,0,,4,English,1002530,,0,0,,1,0,,3,394,(GMT 3:00) Eastern African Time (Africa/Addis_Ababa),True
2296,@EG@cf62a2764cee3eea01224b6d362f909e,,Samuel,1112,Kenya,1002528,,KES,77,Kenyan Shilling,KES,,dd/MM/yyyy,2,,,2025-10-23 05:00:00,"#,###.##",DD/MM/YYYY,2025-10-23 16:51:16,2025-10-23 16:51:16,101644,1,,0,,4,English,1002528,,0,0,,1,0,,3,394,(GMT 3:00) Eastern African Time (Africa/Addis_Ababa),True
2295,@EG@f2378b00d5f228adb840e9650d726d0a,,Fuad company LTD,1112,Kenya,1002527,,KES,77,Kenyan Shilling,KES,,dd/MM/yyyy,2,,,2025-10-23 05:00:00,"#,###.##",DD/MM/YYYY,2025-10-23 16:48:47,2025-10-23 16:48:47,101643,14,,0,,4,English,1002527,,0,0,,1,0,,3,394,(GMT 3:00) Eastern African Time (Africa/Addis_Ababa),True
2294,@EG@34500796b21efed23fd34d299b289a67,,Derrick's shop,1112,Kenya,1002526,,KES,77,Kenyan Shilling,KES,,dd/MM/yyyy,2,,,2025-10-23 05:00:00,"#,###.##",DD/MM/YYYY,2025-10-23 16:38:31,2025-10-23 16:38:31,101642,1,,0,,4,English,1002526,,0,0,,1,0,,3,394,(GMT 3:00) Eastern African Time (Africa/Addis_Ababa),True
2292,@EG@502b295a173125691874c6b96fbfb654,,nonety,1112,Kenya,1002524,,KES,77,Kenyan Shilling,KES,,dd/MM/yyyy,2,,,2025-10-23 05:00:00,"#,###.##",DD/MM/YYYY,2025-10-23 16:13:27,2025-10-23 16:13:27,101641,3,,0,,4,English,1002524,,0,0,,1,0,,3,394,(GMT 3:00) Eastern African Time (Africa/Addis_Ababa),True
2290,@EG@d6836c768c172c61a6ad07817f81e410,,Mburu Stores,1112,Kenya,1002522,,KES,77,Kenyan Shilling,KES,,dd/MM/yyyy,2,,,2025-10-23 05:00:00,"#,###.##",DD/MM/YYYY,2025-10-23 16:01:29,2025-10-23 16:01:29,101640,25,,0,,4,English,1002522,,0,0,,1,0,,3,394,(GMT 3:00) Eastern African Time (Africa/Addis_Ababa),True
2289,@EG@ffd1834cbbb752e8c6efb29393e20345,,Hunter zebu,1112,Kenya,1002521,,KES,77,Kenyan Shilling,KES,,dd/MM/yyyy,2,,,2025-10-23 05:00:00,"#,###.##",DD/MM/YYYY,2025-10-23 15:55:17,2025-10-23 15:55:17,101639,7,,0,,4,English,1002521,,0,0,,1,0,,3,394,(GMT 3:00) Eastern African Time (Africa/Addis_Ababa),True
2288,@EG@15914b60a897cdbb79204aaac08eead9,,Isaac,1112,Kenya,1002520,,KES,77,Kenyan Shilling,KES,,dd/MM/yyyy,2,,,2025-10-23 05:00:00,"#,###.##",DD/MM/YYYY,2025-10-23 15:44:34,2025-10-23 15:44:34,101638,34,,0,,4,English,1002520,,0,0,,1,0,,3,394,(GMT 3:00) Eastern African Time (Africa/Addis_Ababa),True
2287,@EG@8d9c32663b125e55a99f8ec4efacd28c,,FRADGOS DESIGNS,1112,Kenya,1002519,,KES,77,Kenyan Shilling,KES,,dd/MM/yyyy,2,,,2025-10-23 05:00:00,"#,###.##",DD/MM/YYYY,2025-10-23 15:22:29,2025-10-23 15:22:29,101637,21,,0,,4,English,1002519,,0,0,,1,0,,3,394,(GMT 3:00) Eastern African Time (Africa/Addis_Ababa),True
2286,@EG@93b9d448cbec924453e39f6c060dca8d,,SQUARE,1112,Kenya,1002518,,KES,77,Kenyan Shilling,KES,,dd/MM/yyyy,2,,,2025-10-23 05:00:00,"#,###.##",DD/MM/YYYY,2025-10-23 15:20:36,2025-10-23 15:20:36,101636,10,,0,,4,English,1002518,,0,0,,1,0,,3,394,(GMT 3:00) Eastern African Time (Africa/Addis_Ababa),True
2285,@EG@ed5367d710d8fe315064fdf09c9d3165,,felix lihanda,1112,Kenya,1002517,,KES,77,Kenyan Shilling,KES,,dd/MM/yyyy,2,,,2025-10-23 05:00:00,"#,###.##",DD/MM/YYYY,2025-10-23 15:15:49,2025-10-23 15:15:49,101635,16,,0,,4,English,1002517,,0,0,,1,0,,3,394,(GMT 3:00) Eastern African Time (Africa/Addis_Ababa),True
2283,@EG@6b2aa9955160f4c9f8f7513379803797,,Dian Peters,1112,Kenya,1002515,,KES,77,Kenyan Shilling,KES,,dd/MM/yyyy,2,,,2025-10-23 05:00:00,"#,###.##",DD/MM/YYYY,2025-10-23 14:41:27,2025-10-23 14:41:27,101633,34,,0,,4,English,1002515,,0,0,,1,0,,3,394,(GMT 3:00) Eastern African Time (Africa/Addis_Ababa),True
2282,@EG@e554b8356bab83d9355b7eb03c7375d7,,Promison,1112,Kenya,1002514,,KES,77,Kenyan Shilling,KES,,dd/MM/yyyy,2,,,2025-10-01 05:00:00,"#,###.##",DD/MM/YYYY,2025-10-23 14:42:48,2025-10-23 14:42:48,101634,34,,0,,4,English,1002514,,0,0,,1,0,,3,394,(GMT 3:00) Eastern African Time (Africa/Addis_Ababa),True
2280,@EG@1c2d44b8120fb04d5c46ccb3d732a5f8,,Chimo Terry,1014,Australia,1002512,,AUD,8,Australian Dollar,$,,dd/MM/yyyy,2,,,2025-10-22 22:00:00,"# ###,##",DD/MM/YYYY,2025-10-23 14:03:04,2025-10-23 14:03:04,101632,3,,0,,4,English,1002512,,0,0,,1,0,,10,544,(GMT 10:00) GMT+10:00 (Etc/GMT-10)(Etc/GMT-10),True
2279,@EG@15771f3277e4c09f956c700adb415625,,peter maina,1112,Kenya,1002511,,KES,77,Kenyan Shilling,KES,,dd/MM/yyyy,2,,,2025-10-23 05:00:00,"#,###.##",DD/MM/YYYY,2025-10-23 13:55:16,2025-10-23 13:55:16,101631,1,,0,,4,English,1002511,,0,0,,1,0,,3,394,(GMT 3:00) Eastern African Time (Africa/Addis_Ababa),True
2276,@EG@78831becf07027a8f975073852d4ce93,,VINTECenterprises,1112,Kenya,1002508,,KES,77,Kenyan Shilling,KES,,dd/MM/yyyy,2,,,2025-10-23 05:00:00,"#,###.##",DD/MM/YYYY,2025-10-23 13:50:42,2025-10-23 13:50:42,101630,22,,0,,4,English,1002508,,0,0,,1,0,,3,394,(GMT 3:00) Eastern African Time (Africa/Addis_Ababa),True
2275,@EG@7580c5f52be415d325790a97a77fc17c,,Musili Love,1112,Kenya,1002507,,KES,77,Kenyan Shilling,KES,,dd/MM/yyyy,2,,,2025-10-23 05:00:00,"#,###.##",DD/MM/YYYY,2025-10-23 13:46:35,2025-10-23 13:46:35,101629,34,,0,,4,English,1002507,,0,0,,1,0,,3,394,(GMT 3:00) Eastern African Time (Africa/Addis_Ababa),True
2273,@EG@c9bb9267643e5625b4c1d394e2326c90,,Makuti cafe,1112,Kenya,1002505,,KES,77,Kenyan Shilling,KES,,dd/MM/yyyy,2,,,2025-10-23 05:00:00,"#,###.##",DD/MM/YYYY,2025-10-23 13:03:58,2025-10-23 13:03:58,101628,1,,0,,4,English,1002505,,0,0,,1,0,,3,394,(GMT 3:00) Eastern African Time (Africa/Addis_Ababa),True
2272,@EG@c5ff07b7e114e39736ec37de8a4bbff8,,Rehema,1112,Kenya,1002504,,KES,77,Kenyan Shilling,KES,,dd/MM/yyyy,2,,,2025-10-23 05:00:00,"#,###.##",DD/MM/YYYY,2025-10-23 12:57:13,2025-10-23 12:57:13,101627,1,,0,,4,English,1002504,,0,0,,1,0,,3,394,(GMT 3:00) Eastern African Time (Africa/Addis_Ababa),True
2270,@EG@a2b1ae696785a93a98696984ccad0332,,Cool thrift,1112,Kenya,1002502,,KES,77,Kenyan Shilling,KES,,dd/MM/yyyy,2,,,2025-10-23 05:00:00,"#,###.##",DD/MM/YYYY,2025-10-23 12:51:16,2025-10-23 12:51:16,101626,21,,0,,4,English,1002502,,0,0,,1,0,,3,394,(GMT 3:00) Eastern African Time (Africa/Addis_Ababa),True
2268,@EG@9ba16fb38cd82718a6c398d75c002c30,,Elizabeth Ng'endo,1112,Kenya,1002500,,KES,77,Kenyan Shilling,KES,,dd/MM/yyyy,2,,,2025-10-23 05:00:00,"#,###.##",DD/MM/YYYY,2025-10-23 12:36:15,2025-10-23 12:36:15,101625,34,,0,,4,English,1002500,,0,0,,1,0,,3,394,(GMT 3:00) Eastern African Time (Africa/Addis_Ababa),True
2267,@EG@7fb0634996f520b0d2182f159d65902c,,Kentons limited,1112,Kenya,1002499,,KES,77,Kenyan Shilling,KES,,dd/MM/yyyy,2,,,2025-10-23 05:00:00,"#,###.##",DD/MM/YYYY,2025-10-23 12:27:08,2025-10-23 12:27:08,101624,32,,0,,4,English,1002499,,0,0,,1,0,,3,394,(GMT 3:00) Eastern African Time (Africa/Addis_Ababa),True
2265,@EG@6105170449bb373d211566794f1dbd4b,,Murisop,1112,Kenya,1002497,,KES,77,Kenyan Shilling,KES,,dd/MM/yyyy,2,,,2025-10-23 05:00:00,"#,###.##",DD/MM/YYYY,2025-10-23 12:01:48,2025-10-23 12:01:48,101623,7,,0,,4,English,1002497,,0,0,,1,0,,3,394,(GMT 3:00) Eastern African Time (Africa/Addis_Ababa),True
2264,@EG@e71fb9c638229108ad5324af14375d65,,Liptaz fix repairs,1112,Kenya,1002496,,KES,77,Kenyan Shilling,KES,,dd/MM/yyyy,2,,,2025-10-23 05:00:00,"#,###.##",DD/MM/YYYY,2025-10-23 11:26:51,2025-10-23 11:26:51,101622,5,,0,,4,English,1002496,,0,0,,1,0,,3,394,(GMT 3:00) Eastern African Time (Africa/Addis_Ababa),True
2262,@EG@e9a1f976ddfb6e72747370ceafb0a5d1,,Junior company,1112,Kenya,1002494,,KES,77,Kenyan Shilling,KES,,dd/MM/yyyy,2,,,2025-10-23 05:00:00,"#,###.##",DD/MM/YYYY,2025-10-23 11:00:27,2025-10-23 11:00:27,101621,1,,0,,4,English,1002494,,0,0,,1,0,,3,394,(GMT 3:00) Eastern African Time (Africa/Addis_Ababa),True
2261,@EG@144c94b2980b95007311aea05210afed,,Havilla,1112,Kenya,1002493,,KES,77,Kenyan Shilling,KES,,dd/MM/yyyy,2,,,2025-10-23 05:00:00,"#,###.##",DD/MM/YYYY,2025-10-23 10:49:37,2025-10-23 10:49:37,101620,10,,0,,4,English,1002493,,0,0,,1,0,,3,394,(GMT 3:00) Eastern African Time (Africa/Addis_Ababa),True
2260,@EG@0d25a0ceef1c4aa0a85787a155c736e4,,Wanaroo,1112,Kenya,1002492,,KES,77,Kenyan Shilling,KES,,dd/MM/yyyy,2,,,2025-10-23 05:00:00,"#,###.##",DD/MM/YYYY,2025-10-23 10:41:10,2025-10-23 10:41:10,101619,34,,0,,4,English,1002492,,0,0,,1,0,,3,394,(GMT 3:00) Eastern African Time (Africa/Addis_Ababa),True
2259,@EG@b92e99067812cc2024c96af2a6a1ef8b,,Samaki Boy,1112,Kenya,1002491,,KES,77,Kenyan Shilling,KES,,dd/MM/yyyy,2,,,2025-10-23 05:00:00,"#,###.##",DD/MM/YYYY,2025-10-23 10:38:17,2025-10-23 10:38:17,101618,34,,0,,4,English,1002491,,0,0,,1,0,,3,394,(GMT 3:00) Eastern African Time (Africa/Addis_Ababa),True
2258,@EG@ae2489e2d91a340ad85272c7c410d8bc,,Winner homecare,1110,Jordan,1002490,,JOD,75,Jordanian Dinar,JOD,,dd/MM/yyyy,3,,,2025-10-23 06:00:00,"# ###,##",DD/MM/YYYY,2025-10-23 10:33:30,2025-10-23 10:33:30,101617,10,,0,,4,English,1002490,,0,0,,1,0,,2,360,(GMT 2:00) Eastern European Time (Africa/Tripoli),True
2256,@EG@0480d9f15f9a2560a4b60ab7b7006e7d,,Nasra Sinyika,1112,Kenya,1002488,,KES,77,Kenyan Shilling,KES,,dd/MM/yyyy,2,,,2025-10-23 05:00:00,"#,###.##",DD/MM/YYYY,2025-10-23 10:09:10,2025-10-23 10:09:10,101616,5,,0,,4,English,1002488,,0,0,,1,0,,3,394,(GMT 3:00) Eastern African Time (Africa/Addis_Ababa),True
2255,@EG@81d7d98d2b8c118454cf6a43c986f1ae,,CROWN ELECTRONIC,1112,Kenya,1002487,,KES,77,Kenyan Shilling,KES,,dd/MM/yyyy,2,,,2025-10-23 05:00:00,"#,###.##",DD/MM/YYYY,2025-10-23 09:57:07,2025-10-23 09:57:07,101615,27,,0,,4,English,1002487,,0,0,,1,0,,3,394,(GMT 3:00) Eastern African Time (Africa/Addis_Ababa),True
2254,@EG@fc70bb83abf48e1466e117e808bc7f06,,Eternal International,1112,Kenya,1002486,,KES,77,Kenyan Shilling,KES,,dd/MM/yyyy,2,,,2025-10-23 05:00:00,"#,###.##",DD/MM/YYYY,2025-10-23 09:45:06,2025-10-23 09:45:06,101614,7,,0,,4,English,1002486,,0,0,,1,0,,3,394,(GMT 3:00) Eastern African Time (Africa/Addis_Ababa),True
2253,@EG@5bb71ef843ffcf89b68b68e173bd26eb,,Satswammi wholesale and retail,1112,Kenya,1002485,,KES,77,Kenyan Shilling,KES,,dd/MM/yyyy,2,,,2025-10-23 05:00:00,"#,###.##",DD/MM/YYYY,2025-10-23 09:23:25,2025-10-23 09:23:25,101613,3,,0,,4,English,1002485,,0,0,,1,0,,3,394,(GMT 3:00) Eastern African Time (Africa/Addis_Ababa),True
2252,@EG@a2aca629116ec9fb5d43b191e36cd5da,,Kelvin Munga,1112,Kenya,1002484,,KES,77,Kenyan Shilling,KES,,dd/MM/yyyy,2,,,2025-10-23 05:00:00,"#,###.##",DD/MM/YYYY,2025-10-23 09:10:26,2025-10-23 09:10:26,101612,7,,0,,4,English,1002484,,0,0,,1,0,,3,394,(GMT 3:00) Eastern African Time (Africa/Addis_Ababa),True
2250,@EG@25766cddbb1eef1d15526133418ee5b2,,You 143,1112,Kenya,1002482,,KES,77,Kenyan Shilling,KES,,dd/MM/yyyy,2,,,2025-10-23 05:00:00,"#,###.##",DD/MM/YYYY,2025-10-23 08:38:24,2025-10-23 08:38:24,101611,10,,0,,4,English,1002482,,0,0,,1,0,,3,394,(GMT 3:00) Eastern African Time (Africa/Addis_Ababa),True
2248,@EG@0a67fb51ed7e66a8281a4921bc451f31,,Born to art life,1112,Kenya,1002480,,KES,77,Kenyan Shilling,KES,,dd/MM/yyyy,2,,,2025-10-23 05:00:00,"#,###.##",DD/MM/YYYY,2025-10-23 07:41:33,2025-10-23 07:41:33,101610,21,,0,,4,English,1002480,,0,0,,1,0,,3,394,(GMT 3:00) Eastern African Time (Africa/Addis_Ababa),True
2246,@EG@7d9db00a8c3babaa55b101d10dbe7b65,,kapset tea factory,1112,Kenya,1002478,,KES,77,Kenyan Shilling,KES,,dd/MM/yyyy,2,,,2025-10-23 05:00:00,"#,###.##",DD/MM/YYYY,2025-10-23 05:07:47,2025-10-23 05:07:47,101609,3,,0,,4,English,1002478,,0,0,,1,0,,3,394,(GMT 3:00) Eastern African Time (Africa/Addis_Ababa),True
2245,@EG@1ac73ae2bdbba14d804c2b178bb64c5c,,soy soya grains,1112,Kenya,1002477,,KES,77,Kenyan Shilling,KES,,dd/MM/yyyy,2,,,2025-10-23 05:00:00,"#,###.##",DD/MM/YYYY,2025-10-23 04:40:35,2025-10-23 04:40:35,101608,15,,0,,4,English,1002477,,0,0,,1,0,,3,394,(GMT 3:00) Eastern African Time (Africa/Addis_Ababa),True
2244,@EG@b6c1749439897c2354ded55b90dad9af,,Jeremiah Siocha,1112,Kenya,1002476,,KES,77,Kenyan Shilling,KES,,dd/MM/yyyy,2,,,2025-10-23 05:00:00,"#,###.##",DD/MM/YYYY,2025-10-23 04:21:46,2025-10-23 04:21:46,101607,3,,0,,4,English,1002476,,0,0,,1,0,,3,394,(GMT 3:00) Eastern African Time (Africa/Addis_Ababa),True
2242,@EG@2d6475af9e256eb302d74f4b8db45e3e,,Jk Atieno,1112,Kenya,1002474,,KES,77,Kenyan Shilling,KES,,dd/MM/yyyy,2,,,2025-10-23 05:00:00,"#,###.##",DD/MM/YYYY,2025-10-23 03:51:02,2025-10-23 03:51:02,101606,7,,0,,4,English,1002474,,0,0,,1,0,,3,394,(GMT 3:00) Eastern African Time (Africa/Addis_Ababa),True
2241,@EG@625d806b672c16ec6b50e04f66acb5be,,Serah Njeri,1112,Kenya,1002473,,KES,77,Kenyan Shilling,KES,,dd/MM/yyyy,2,,,2025-10-23 05:00:00,"#,###.##",DD/MM/YYYY,2025-10-23 03:47:07,2025-10-23 03:47:07,101605,7,,0,,4,English,1002473,,0,0,,1,0,,3,394,(GMT 3:00) Eastern African Time (Africa/Addis_Ababa),True
2240,@EG@ec0f0611e014bcdbeae3a7dfee7c8653,,Credit card,1112,Kenya,1002472,,KES,77,Kenyan Shilling,KES,,dd/MM/yyyy,2,,,2025-10-23 05:00:00,"#,###.##",DD/MM/YYYY,2025-10-23 03:20:06,2025-10-23 03:20:06,101604,6,,0,,4,English,1002472,,0,0,,1,0,,3,394,(GMT 3:00) Eastern African Time (Africa/Addis_Ababa),True
2239,@EG@2d954b68d664401b0b0ea8e0c9a3f3ac,,Getrude Loyce,1112,Kenya,1002471,,KES,77,Kenyan Shilling,KES,,dd/MM/yyyy,2,,,2025-10-23 05:00:00,"#,###.##",DD/MM/YYYY,2025-10-23 03:16:27,2025-10-23 03:16:27,101603,1,,0,,4,English,1002471,,0,0,,1,0,,3,394,(GMT 3:00) Eastern African Time (Africa/Addis_Ababa),True
2238,@EG@bbd483c3dba820e75621c88df5bbe178,,Starfrzy,1112,Kenya,1002470,,KES,77,Kenyan Shilling,KES,,dd/MM/yyyy,2,,,2025-10-23 05:00:00,"#,###.##",DD/MM/YYYY,2025-10-23 03:06:28,2025-10-23 03:06:28,101602,7,,0,,4,English,1002470,,0,0,,1,0,,3,394,(GMT 3:00) Eastern African Time (Africa/Addis_Ababa),True
2236,@EG@ae937d07e9ba78c5fe64b2ad0c3756ea,,Zadock ochango,1112,Kenya,1002468,,KES,77,Kenyan Shilling,KES,,dd/MM/yyyy,2,,,2025-10-23 05:00:00,"#,###.##",DD/MM/YYYY,2025-10-23 02:56:11,2025-10-23 02:56:11,101601,4,,0,,4,English,1002468,,0,0,,1,0,,3,394,(GMT 3:00) Eastern African Time (Africa/Addis_Ababa),True
2235,@EG@70987e26dc3ee71e0663c9bf85343e10,,Charles stoney Otieno,1112,Kenya,1002467,,KES,77,Kenyan Shilling,KES,,dd/MM/yyyy,2,,,2025-10-23 05:00:00,"#,###.##",DD/MM/YYYY,2025-10-23 02:53:32,2025-10-23 02:53:32,101600,3,,0,,4,English,1002467,,0,0,,1,0,,3,394,(GMT 3:00) Eastern African Time (Africa/Addis_Ababa),True
2233,@EG@65c45f0f8a2d123f989482fea48b22b4,,Rose Moogi,1112,Kenya,1002465,,KES,77,Kenyan Shilling,KES,,dd/MM/yyyy,2,,,2025-10-23 05:00:00,"#,###.##",DD/MM/YYYY,2025-10-23 02:23:26,2025-10-23 02:23:26,101599,7,,0,,4,English,1002465,,0,0,,1,0,,3,394,(GMT 3:00) Eastern African Time (Africa/Addis_Ababa),True
2231,@EG@9c27a827ab7af7f0b1f59fcde71c74f5,,Swiftshopper online,1112,Kenya,1002463,,KES,77,Kenyan Shilling,KES,,dd/MM/yyyy,2,,,2025-10-23 05:00:00,"#,###.##",DD/MM/YYYY,2025-10-23 02:13:02,2025-10-23 02:13:02,101598,2,,0,,4,English,1002463,,0,0,,1,0,,3,394,(GMT 3:00) Eastern African Time (Africa/Addis_Ababa),True
2230,@EG@653393b3a6af30bcd9f74658c5a102aa,,Kerigoi mpoe,1112,Kenya,1002462,,KES,77,Kenyan Shilling,KES,,dd/MM/yyyy,2,,,2025-10-23 05:00:00,"#,###.##",DD/MM/YYYY,2025-10-23 02:02:43,2025-10-23 02:02:43,101597,4,,0,,4,English,1002462,,0,0,,1,0,,3,394,(GMT 3:00) Eastern African Time (Africa/Addis_Ababa),True
2229,@EG@c5f8e0c41b5f30d22fd57fe68b5a2806,,Alamin Jammy,1112,Kenya,1002461,,KES,77,Kenyan Shilling,KES,,dd/MM/yyyy,2,,,2025-10-23 05:00:00,"#,###.##",DD/MM/YYYY,2025-10-23 02:01:56,2025-10-23 02:01:56,101596,15,,0,,4,English,1002461,,0,0,,1,0,,3,394,(GMT 3:00) Eastern African Time (Africa/Addis_Ababa),True
2226,@EG@a6298e37580ef0bcb7a96052218925fc,,Remotasks Team,1112,Kenya,1002458,,KES,77,Kenyan Shilling,KES,,dd/MM/yyyy,2,,,2025-10-23 05:00:00,"#,###.##",DD/MM/YYYY,2025-10-23 01:36:55,2025-10-23 01:36:55,101595,14,,0,,4,English,1002458,,0,0,,1,0,,3,394,(GMT 3:00) Eastern African Time (Africa/Addis_Ababa),True
2225,@EG@39b3539879d26cfb3d2a07f69fdf001f,,B&B collections,1112,Kenya,1002457,,KES,77,Kenyan Shilling,KES,,dd/MM/yyyy,2,,,2025-10-23 05:00:00,"#,###.##",DD/MM/YYYY,2025-10-23 01:35:34,2025-10-23 01:35:34,101594,7,,0,,4,English,1002457,,0,0,,1,0,,3,394,(GMT 3:00) Eastern African Time (Africa/Addis_Ababa),True
2224,@EG@d4c74928f8720ce701a5a3ab7e430843,,Clinton shem,1029,Botswana,1002456,,BWP,24,Botswana Pula,P,,dd/MM/yyyy,2,,,2025-10-23 06:00:00,# ###.##,DD/MM/YYYY,2025-10-23 01:34:01,2025-10-23 01:34:01,101593,7,,0,,4,English,1002456,,0,0,,1,0,,2,372,(GMT 2:00) GMT+02:00 (Etc/GMT-2),True
2223,@EG@3664f5d7172f720d7a421317d90f7352,,Terystar,1112,Kenya,1002455,,KES,77,Kenyan Shilling,KES,,dd/MM/yyyy,2,,,2025-10-23 05:00:00,"#,###.##",DD/MM/YYYY,2025-10-23 01:28:43,2025-10-23 01:28:43,101592,1,,0,,4,English,1002455,,0,0,,1,0,,3,394,(GMT 3:00) Eastern African Time (Africa/Addis_Ababa),True
2222,@EG@9d5312bbf51c3abd7b0f1e1d74c7b6f0,,Hirji Hirani,1112,Kenya,1002454,,KES,77,Kenyan Shilling,KES,,dd/MM/yyyy,2,,,2025-10-23 05:00:00,"#,###.##",DD/MM/YYYY,2025-10-23 01:25:10,2025-10-23 01:25:10,101590,34,,0,,4,English,1002454,,0,0,,1,0,,3,394,(GMT 3:00) Eastern African Time (Africa/Addis_Ababa),True
2221,@EG@18690490a7211c8e19112761bd0b0b17,,Not employed for now,1112,Kenya,1002453,,KES,77,Kenyan Shilling,KES,,dd/MM/yyyy,2,,,2025-10-23 05:00:00,"#,###.##",DD/MM/YYYY,2025-10-23 01:25:52,2025-10-23 01:25:52,101591,3,,0,,4,English,1002453,,0,0,,1,0,,3,394,(GMT 3:00) Eastern African Time (Africa/Addis_Ababa),True
2218,@EG@65711814d62effd3ccf832e11b18c2d4,,Chesam ltd,1112,Kenya,1002450,,KES,77,Kenyan Shilling,KES,,dd/MM/yyyy,2,,,2025-10-23 05:00:00,"#,###.##",DD/MM/YYYY,2025-10-23 01:10:32,2025-10-23 01:10:32,101589,22,,0,,4,English,1002450,,0,0,,1,0,,3,394,(GMT 3:00) Eastern African Time (Africa/Addis_Ababa),True
2217,@EG@e31dbde4a0ae7b594641b94419db1cba,,Emmy fashion hub,1112,Kenya,1002449,,KES,77,Kenyan Shilling,KES,,dd/MM/yyyy,2,,,2025-10-23 05:00:00,"#,###.##",DD/MM/YYYY,2025-10-23 01:09:55,2025-10-23 01:09:55,101588,3,,0,,4,English,1002449,,0,0,,1,0,,3,394,(GMT 3:00) Eastern African Time (Africa/Addis_Ababa),True
2214,@EG@b02cb31d4a6e47fab06e00610953db2f,,Paula,1112,Kenya,1002446,,KES,77,Kenyan Shilling,KES,,dd/MM/yyyy,2,,,2025-10-23 05:00:00,"#,###.##",DD/MM/YYYY,2025-10-23 00:56:34,2025-10-23 00:56:34,101587,5,,0,,4,English,1002446,,0,0,,1,0,,3,394,(GMT 3:00) Eastern African Time (Africa/Addis_Ababa),True
2213,@EG@0846b196cb4e1a937e60d34132d272a2,,Maestro,1039,Canada,1002445,,CAD,27,Canadian Dollar,$,,yyyy-MM-dd,2,,,2025-10-23 13:00:00,"#,###.##",YYYY-MM-DD,2025-10-23 00:28:05,2025-10-23 00:28:05,101586,1,,0,,4,English,1002445,,0,0,,1,0,,-5,110,(GMT -5:00) Eastern Standard Time (America/Atikokan),True
2212,@EG@f4e7bbce363a86e283a7e5f3d952ee2d,,BIZ Yangu,1112,Kenya,1002444,,KES,77,Kenyan Shilling,KES,,dd/MM/yyyy,2,,,2025-10-23 05:00:00,"#,###.##",DD/MM/YYYY,2025-10-23 00:08:39,2025-10-23 00:08:39,101585,14,,0,,4,English,1002444,,0,0,,1,0,,3,394,(GMT 3:00) Eastern African Time (Africa/Addis_Ababa),True
2211,@EG@cffb7352213f7b9abfdff7e63e7749ed,,Bella,1112,Kenya,1002443,,KES,77,Kenyan Shilling,KES,,dd/MM/yyyy,2,,,2025-10-22 05:00:00,"#,###.##",DD/MM/YYYY,2025-10-22 23:57:54,2025-10-22 23:57:54,101584,4,,0,,4,English,1002443,,0,0,,1,0,,3,394,(GMT 3:00) Eastern African Time (Africa/Addis_Ababa),True
2210,@EG@f922b489f2a0d91eeb3aceb799ab275a,,Globetech,1112,Kenya,1002442,,KES,77,Kenyan Shilling,KES,,dd/MM/yyyy,2,,,2025-10-22 05:00:00,"#,###.##",DD/MM/YYYY,2025-10-22 23:48:21,2025-10-22 23:48:21,101583,14,,0,,4,English,1002442,,0,0,,1,0,,3,394,(GMT 3:00) Eastern African Time (Africa/Addis_Ababa),True
2208,@EG@b5aab3abe106e1a88f852185f75a5a6c,,Peterson Muraguri,1112,Kenya,1002440,,KES,77,Kenyan Shilling,KES,,dd/MM/yyyy,2,,,2025-10-22 05:00:00,"#,###.##",DD/MM/YYYY,2025-10-22 23:22:11,2025-10-22 23:22:11,101582,22,,0,,4,English,1002440,,0,0,,1,0,,3,394,(GMT 3:00) Eastern African Time (Africa/Addis_Ababa),True
2206,@EG@48387e0b6d6b1790c1340f1f395140cb,,Wangila Felix,1112,Kenya,1002438,,KES,77,Kenyan Shilling,KES,,dd/MM/yyyy,2,,,2025-10-22 05:00:00,"#,###.##",DD/MM/YYYY,2025-10-22 23:08:20,2025-10-22 23:08:20,101581,32,,0,,4,English,1002438,,0,0,,1,0,,3,394,(GMT 3:00) Eastern African Time (Africa/Addis_Ababa),True
2204,@EG@679980ace18aed4fab887315cf1ede24,,George oranga,1112,Kenya,1002436,,KES,77,Kenyan Shilling,KES,,dd/MM/yyyy,2,,,2025-10-22 05:00:00,"#,###.##",DD/MM/YYYY,2025-10-22 22:51:33,2025-10-22 22:51:33,101580,30,,0,,4,English,1002436,,0,0,,1,0,,3,394,(GMT 3:00) Eastern African Time (Africa/Addis_Ababa),True
2203,@EG@d4b7e6b019cdc9e7fd5d2fcc9cbb0fba,,Boda,1112,Kenya,1002435,,KES,77,Kenyan Shilling,KES,,dd/MM/yyyy,2,,,2025-10-22 05:00:00,"#,###.##",DD/MM/YYYY,2025-10-22 22:29:40,2025-10-22 22:29:40,101579,3,,0,,4,English,1002435,,0,0,,1,0,,3,394,(GMT 3:00) Eastern African Time (Africa/Addis_Ababa),True
2202,@EG@43ac9297f5ecf4dfeb3985bbc4ef4361,,Kingly.Coutures',1112,Kenya,1002434,,KES,77,Kenyan Shilling,KES,,dd/MM/yyyy,2,,,2025-10-22 05:00:00,"#,###.##",DD/MM/YYYY,2025-10-22 22:27:37,2025-10-22 22:27:37,101578,14,,0,,4,English,1002434,,0,0,,1,0,,3,394,(GMT 3:00) Eastern African Time (Africa/Addis_Ababa),True
2201,@EG@6a5567297be244ef32a52f3eec702c65,,MnM_Test,1112,Kenya,1002433,,KES,77,Kenyan Shilling,KES,,dd-MM-yyyy,0,,,2025-11-01 05:00:00,"#,###.##",DD-MM-YYYY,2025-10-24 20:33:36,2025-10-24 20:33:36,101691,5,,0,,4,English,1002433,,0,0,,1,0,,3,401,(GMT 3:00) Eastern African Time (Africa/Nairobi),True
2201,@EG@baf12e58646b232e0bdc393d392353b1,,TrippleM_Test,1112,Kenya,1002433,,KES,77,Kenyan Shilling,KES,,dd/MM/yyyy,2,,,2025-10-01 05:00:00,"#,###.##",DD/MM/YYYY,2025-10-22 22:26:25,2025-10-22 22:26:25,101577,2,,0,,4,English,1002433,,0,0,,1,0,,3,394,(GMT 3:00) Eastern African Time (Africa/Addis_Ababa),True
2200,@EG@cc90b792fef9461a6cd83fd12469c73f,,Bristol,1112,Kenya,1002432,,KES,77,Kenyan Shilling,KES,,dd/MM/yyyy,2,,,2025-10-22 05:00:00,"#,###.##",DD/MM/YYYY,2025-10-22 22:22:15,2025-10-22 22:22:15,101576,2,,0,,4,English,1002432,,0,0,,1,0,,3,394,(GMT 3:00) Eastern African Time (Africa/Addis_Ababa),True
2199,@EG@30e612c4b594729f2ffc77a043c46c7e,,Mumias sugar company,1105,Israel,1002431,,ILS,67,Israeli new shekel,ILS,,dd/MM/yyyy,2,,,2025-10-22 06:00:00,# ###.##,DD/MM/YYYY,2025-10-22 22:17:34,2025-10-22 22:17:34,101575,7,,0,,4,English,1002431,,0,0,,1,0,,2,366,(GMT 2:00) Israel Standard Time (Asia/Jerusalem),True
2198,@EG@b6a7c2d8eebd638865faf668ae3edf68,,Rabbits meat,1112,Kenya,1002430,,KES,77,Kenyan Shilling,KES,,dd/MM/yyyy,2,,,2025-10-22 05:00:00,"#,###.##",DD/MM/YYYY,2025-10-22 21:41:57,2025-10-22 21:41:57,101574,30,,0,,4,English,1002430,,0,0,,1,0,,3,394,(GMT 3:00) Eastern African Time (Africa/Addis_Ababa),True
2197,@EG@ad86c6be65d6f822661af8121a14c352,,BNL,1112,Kenya,1002429,,KES,77,Kenyan Shilling,KES,,dd/MM/yyyy,2,,,2025-10-22 05:00:00,"#,###.##",DD/MM/YYYY,2025-10-22 21:27:15,2025-10-22 21:27:15,101573,7,,0,,4,English,1002429,,0,0,,1,0,,3,394,(GMT 3:00) Eastern African Time (Africa/Addis_Ababa),True
2196,@EG@7ff34d3b7865f3a25d6358994cd00834,,Irene,1112,Kenya,1002428,,KES,77,Kenyan Shilling,KES,,dd/MM/yyyy,2,,,2025-10-22 05:00:00,"#,###.##",DD/MM/YYYY,2025-10-22 21:23:34,2025-10-22 21:23:34,101572,1,,0,,4,English,1002428,,0,0,,1,0,,3,394,(GMT 3:00) Eastern African Time (Africa/Addis_Ababa),True
2195,@EG@bfdb5bc2a0bacd0a6f1c7c7c639c5c5b,,Kilima,1112,Kenya,1002427,,KES,77,Kenyan Shilling,KES,,dd/MM/yyyy,2,,,2025-10-22 05:00:00,"#,###.##",DD/MM/YYYY,2025-10-22 21:13:53,2025-10-22 21:13:53,101570,4,,0,,4,English,1002427,,0,0,,1,0,,3,394,(GMT 3:00) Eastern African Time (Africa/Addis_Ababa),True
2194,@EG@d4a1eb894893484cbd8b24685c3d192f,,Peter mariga mwangi,1112,Kenya,1002426,,KES,77,Kenyan Shilling,KES,,dd/MM/yyyy,2,,,2025-10-22 05:00:00,"#,###.##",DD/MM/YYYY,2025-10-22 21:20:35,2025-10-22 21:20:35,101571,1,,0,,4,English,1002426,,0,0,,1,0,,3,394,(GMT 3:00) Eastern African Time (Africa/Addis_Ababa),True
2193,@EG@fd01cda511fb235a4d716e94eea03c50,,Kwitushop,1112,Kenya,1002425,,KES,77,Kenyan Shilling,KES,,dd/MM/yyyy,2,,,2025-10-22 05:00:00,"#,###.##",DD/MM/YYYY,2025-10-22 21:13:01,2025-10-22 21:13:01,101569,4,,0,,4,English,1002425,,0,0,,1,0,,3,394,(GMT 3:00) Eastern African Time (Africa/Addis_Ababa),True
2191,@EG@47da7fe47759f9ac33d5fb4d7bddc33f,,Supermarket,1112,Kenya,1002423,,KES,77,Kenyan Shilling,KES,,dd/MM/yyyy,2,,,2025-10-22 05:00:00,"#,###.##",DD/MM/YYYY,2025-10-22 20:51:20,2025-10-22 20:51:20,101568,3,,0,,4,English,1002423,,0,0,,1,0,,3,394,(GMT 3:00) Eastern African Time (Africa/Addis_Ababa),True
2190,@EG@f94265925b9596bca3d987456df06642,,Balancinga,1112,Kenya,1002422,,KES,77,Kenyan Shilling,KES,,dd/MM/yyyy,2,,,2025-10-22 05:00:00,"#,###.##",DD/MM/YYYY,2025-10-22 20:50:16,2025-10-22 20:50:16,101567,34,,0,,4,English,1002422,,0,0,,1,0,,3,394,(GMT 3:00) Eastern African Time (Africa/Addis_Ababa),True
2187,@EG@cd71b12042dbec47daa6d0cfca9baf21,,Isaiah,1112,Kenya,1002419,,KES,77,Kenyan Shilling,KES,,dd/MM/yyyy,2,,,2025-10-22 05:00:00,"#,###.##",DD/MM/YYYY,2025-10-22 20:41:25,2025-10-22 20:41:25,101566,1,,0,,4,English,1002419,,0,0,,1,0,,3,394,(GMT 3:00) Eastern African Time (Africa/Addis_Ababa),True
2185,@EG@9b569c4a21d00f806b7c2dc8032bbafd,,Yelstin wines,1112,Kenya,1002417,,KES,77,Kenyan Shilling,KES,,dd/MM/yyyy,2,,,2025-10-22 05:00:00,"#,###.##",DD/MM/YYYY,2025-10-22 20:39:33,2025-10-22 20:39:33,101565,3,,0,,4,English,1002417,,0,0,,1,0,,3,394,(GMT 3:00) Eastern African Time (Africa/Addis_Ababa),True
2183,@EG@18669219bea30f99762253545f73ddc0,,none,1112,Kenya,1002415,,KES,77,Kenyan Shilling,KES,,dd/MM/yyyy,2,,,2025-10-22 05:00:00,"#,###.##",DD/MM/YYYY,2025-10-22 20:16:31,2025-10-22 20:16:31,101564,7,,0,,4,English,1002415,,0,0,,1,0,,3,394,(GMT 3:00) Eastern African Time (Africa/Addis_Ababa),True
2182,@EG@c9a2d4998b99b7a6764df4b29dad844f,,Mulonzi Mwangangi,1112,Kenya,1002414,,KES,77,Kenyan Shilling,KES,,dd/MM/yyyy,2,,,2025-10-22 05:00:00,"#,###.##",DD/MM/YYYY,2025-10-22 20:12:31,2025-10-22 20:12:31,101563,32,,0,,4,English,1002414,,0,0,,1,0,,3,394,(GMT 3:00) Eastern African Time (Africa/Addis_Ababa),True
2181,@EG@fcb938250c98875f65d0923cf79b7675,,Mulonzi Mwangangi,1112,Kenya,1002413,,KES,77,Kenyan Shilling,KES,,dd/MM/yyyy,2,,,2025-10-22 05:00:00,"#,###.##",DD/MM/YYYY,2025-10-22 20:06:44,2025-10-22 20:06:44,101562,32,,0,,4,English,1002413,,0,0,,1,0,,3,394,(GMT 3:00) Eastern African Time (Africa/Addis_Ababa),True
2180,@EG@d06c34a766620d9b51bef4d5852f6d37,,Ombeni Munganga,1112,Kenya,1002412,,KES,77,Kenyan Shilling,KES,,dd/MM/yyyy,2,,,2025-10-22 05:00:00,"#,###.##",DD/MM/YYYY,2025-10-22 20:04:53,2025-10-22 20:04:53,101561,7,,0,,4,English,1002412,,0,0,,1,0,,3,394,(GMT 3:00) Eastern African Time (Africa/Addis_Ababa),True
2179,@EG@06aa0185f76b57d2de4beaa464cdda1e,,Alexina atandi,1112,Kenya,1002411,,KES,77,Kenyan Shilling,KES,,dd/MM/yyyy,2,,,2025-10-22 05:00:00,"#,###.##",DD/MM/YYYY,2025-10-22 19:52:07,2025-10-22 19:52:07,101560,5,,0,,4,English,1002411,,0,0,,1,0,,3,394,(GMT 3:00) Eastern African Time (Africa/Addis_Ababa),True
2178,@EG@5772d51a8f5912ab7117e1685c809504,,DREAM DAIRY LTD,1112,Kenya,1002410,,KES,77,Kenyan Shilling,KES,,dd/MM/yyyy,2,,,2025-10-22 05:00:00,"#,###.##",DD/MM/YYYY,2025-10-22 19:36:34,2025-10-22 19:36:34,101559,7,,0,,4,English,1002410,,0,0,,1,0,,3,394,(GMT 3:00) Eastern African Time (Africa/Addis_Ababa),True
2177,@EG@9ee0cb463d3a66099bf3b2b722251e52,,Caroline Wanjiru,1112,Kenya,1002409,,KES,77,Kenyan Shilling,KES,,dd/MM/yyyy,2,,,2025-10-26 05:00:00,"#,###.##",DD/MM/YYYY,2025-10-26 12:18:53,2025-10-26 12:18:53,101707,34,,0,,4,English,1002409,,0,0,,1,0,,3,394,(GMT 3:00) Eastern African Time (Africa/Addis_Ababa),True
2175,@EG@5e6da00d8c36788f0bdd973083611ce2,,Stëëvë,1039,Canada,1002407,,CAD,27,Canadian Dollar,$,,yyyy-MM-dd,2,,,2025-10-22 13:00:00,"#,###.##",YYYY-MM-DD,2025-10-22 19:06:08,2025-10-22 19:06:08,101557,5,,0,,4,English,1002407,,0,0,,1,0,,-5,110,(GMT -5:00) Eastern Standard Time (America/Atikokan),True
2174,@EG@1593c0259ffd6cde2e0288a1e3915c86,,Richard Okoth,1112,Kenya,1002406,,KES,77,Kenyan Shilling,KES,,dd/MM/yyyy,2,,,2025-10-22 05:00:00,"#,###.##",DD/MM/YYYY,2025-10-22 18:57:50,2025-10-22 18:57:50,101556,7,,0,,4,English,1002406,,0,0,,1,0,,3,394,(GMT 3:00) Eastern African Time (Africa/Addis_Ababa),True
2171,@EG@9a932b1772402f5cfd422a6d66ecd716,,Room attendance,1112,Kenya,1002403,,KES,77,Kenyan Shilling,KES,,dd/MM/yyyy,2,,,2025-10-22 05:00:00,"#,###.##",DD/MM/YYYY,2025-10-22 18:50:15,2025-10-22 18:50:15,101555,7,,0,,4,English,1002403,,0,0,,1,0,,3,394,(GMT 3:00) Eastern African Time (Africa/Addis_Ababa),True
2170,@EG@90c881b63a109e298e2176667c302c0e,,Lionel,1112,Kenya,1002402,,KES,77,Kenyan Shilling,KES,,dd/MM/yyyy,2,,,2025-10-22 05:00:00,"#,###.##",DD/MM/YYYY,2025-10-22 18:48:14,2025-10-22 18:48:14,101554,34,,0,,4,English,1002402,,0,0,,1,0,,3,394,(GMT 3:00) Eastern African Time (Africa/Addis_Ababa),True
2169,@EG@9453014ec4df18553d135d6b32c8861d,,emilyjoymuthoni,1112,Kenya,1002401,,KES,77,Kenyan Shilling,KES,,dd/MM/yyyy,2,,,2025-10-22 05:00:00,"#,###.##",DD/MM/YYYY,2025-10-22 18:44:48,2025-10-22 18:44:48,101553,7,,0,,4,English,1002401,,0,0,,1,0,,3,394,(GMT 3:00) Eastern African Time (Africa/Addis_Ababa),True
2168,@EG@59f4270dee6786849b7957cd9bdc6eee,,Joshua pepela simiyu,1112,Kenya,1002400,,KES,77,Kenyan Shilling,KES,,dd/MM/yyyy,2,,,2025-10-22 05:00:00,"#,###.##",DD/MM/YYYY,2025-10-22 18:44:47,2025-10-22 18:44:47,101552,4,,0,,4,English,1002400,,0,0,,1,0,,3,394,(GMT 3:00) Eastern African Time (Africa/Addis_Ababa),True
2167,@EG@ef37eba28450760a3319214426be7940,,Nelson Company,1112,Kenya,1002399,,KES,77,Kenyan Shilling,KES,,dd/MM/yyyy,2,,,2025-10-22 05:00:00,"#,###.##",DD/MM/YYYY,2025-10-22 18:43:25,2025-10-22 18:43:25,101551,7,,0,,4,English,1002399,,0,0,,1,0,,3,394,(GMT 3:00) Eastern African Time (Africa/Addis_Ababa),True
2166,@EG@3b04246019abdda7a773cc77ae4ba5d0,,Ruth njambi,1112,Kenya,1002398,,KES,77,Kenyan Shilling,KES,,dd/MM/yyyy,2,,,2025-10-22 05:00:00,"#,###.##",DD/MM/YYYY,2025-10-22 19:06:14,2025-10-22 19:06:14,101558,7,,0,,4,English,1002398,,0,0,,1,0,,3,394,(GMT 3:00) Eastern African Time (Africa/Addis_Ababa),True
2163,@EG@0910bafeebee5ca83e210aca2abbe4da,,Iriskimm,1210,Tanzania,1002395,,TZS,152,Tanzanian Shilling,TZS,,dd/MM/yyyy,2,,,2025-10-22 05:00:00,"# ###,##",DD/MM/YYYY,2025-10-22 17:50:17,2025-10-22 17:50:17,101550,16,,0,,4,English,1002395,,0,0,,1,0,,3,394,(GMT 3:00) Eastern African Time (Africa/Addis_Ababa),True
2161,@EG@af2cd9f772cb8c560bb5702db0f808c7,,Alfred,1112,Kenya,1002393,,KES,77,Kenyan Shilling,KES,,dd/MM/yyyy,2,,,2025-10-22 05:00:00,"#,###.##",DD/MM/YYYY,2025-10-22 17:30:49,2025-10-22 17:30:49,101549,1,,0,,4,English,1002393,,0,0,,1,0,,3,394,(GMT 3:00) Eastern African Time (Africa/Addis_Ababa),True
2160,@EG@38b8877f44a8c5c47e7c4533c3e8f74a,,Mammy,1112,Kenya,1002392,,KES,77,Kenyan Shilling,KES,,dd/MM/yyyy,2,,,2025-10-22 05:00:00,"#,###.##",DD/MM/YYYY,2025-10-22 16:42:13,2025-10-22 16:42:13,101548,1,,0,,4,English,1002392,,0,0,,1,0,,3,394,(GMT 3:00) Eastern African Time (Africa/Addis_Ababa),True
2159,@EG@8134b3ba740604864eb08f3f318466a9,,Inua jamii promotion ,1112,Kenya,1002391,,KES,77,Kenyan Shilling,KES,,dd/MM/yyyy,2,,,2025-10-22 05:00:00,"#,###.##",DD/MM/YYYY,2025-10-22 16:06:33,2025-10-22 16:06:33,101547,3,,0,,4,English,1002391,,0,0,,1,0,,3,394,(GMT 3:00) Eastern African Time (Africa/Addis_Ababa),True
2158,@EG@ea20407263663d677790e412f59aee75,,Kings and Queens,1112,Kenya,1002390,,KES,77,Kenyan Shilling,KES,,dd/MM/yyyy,2,,,2025-10-22 05:00:00,"#,###.##",DD/MM/YYYY,2025-10-22 15:57:06,2025-10-22 15:57:06,101546,30,,0,,4,English,1002390,,0,0,,1,0,,3,394,(GMT 3:00) Eastern African Time (Africa/Addis_Ababa),True
2157,@EG@6aa105c36d531bac38a70e935708886c,,Hollywood,1112,Kenya,1002389,,KES,77,Kenyan Shilling,KES,,dd/MM/yyyy,2,,,2025-10-22 05:00:00,"#,###.##",DD/MM/YYYY,2025-10-22 14:57:13,2025-10-22 14:57:13,101545,5,,0,,4,English,1002389,,0,0,,1,0,,3,394,(GMT 3:00) Eastern African Time (Africa/Addis_Ababa),True
2156,@EG@a395ed46a055b04c5b43f61a9f4ce502,,Restaurant,1112,Kenya,1002388,,KES,77,Kenyan Shilling,KES,,dd/MM/yyyy,2,,,2025-10-22 05:00:00,"#,###.##",DD/MM/YYYY,2025-10-22 14:54:20,2025-10-22 14:54:20,101544,1,,0,,4,English,1002388,,0,0,,1,0,,3,394,(GMT 3:00) Eastern African Time (Africa/Addis_Ababa),True
2155,@EG@361ebb4d60489e6a1e395bb2e60fd4ef,,Wagagai company,1221,Uganda,1002387,,UGX,154,Ugandan Shilling,UGX,,dd/MM/yyyy,2,,,2025-10-22 05:00:00,# ###.##,DD/MM/YYYY,2025-10-22 14:50:35,2025-10-22 14:50:35,101543,30,,0,,4,English,1002387,,0,0,,1,0,,3,394,(GMT 3:00) Eastern African Time (Africa/Addis_Ababa),True
2154,@EG@d8cdf19f0c273e32fcf57927cfec0b84,,Ramsey Anyona,1112,Kenya,1002386,,KES,77,Kenyan Shilling,KES,,dd/MM/yyyy,2,,,2025-10-22 05:00:00,"#,###.##",DD/MM/YYYY,2025-10-22 14:50:28,2025-10-22 14:50:28,101542,34,,0,,4,English,1002386,,0,0,,1,0,,3,394,(GMT 3:00) Eastern African Time (Africa/Addis_Ababa),True
2153,@EG@2a0828a8d381865ff931ef1ab03a3fcb,,Phineas,1112,Kenya,1002385,,KES,77,Kenyan Shilling,KES,,dd/MM/yyyy,2,,,2025-10-22 05:00:00,"#,###.##",DD/MM/YYYY,2025-10-22 14:50:02,2025-10-22 14:50:02,101541,1,,0,,4,English,1002385,,0,0,,1,0,,3,394,(GMT 3:00) Eastern African Time (Africa/Addis_Ababa),True
2151,@EG@0c6ae7fc42e6c74f50baa7d55a6ae258,,Masinde enterprise,1112,Kenya,1002383,,KES,77,Kenyan Shilling,KES,,dd/MM/yyyy,2,,,2025-10-22 05:00:00,"#,###.##",DD/MM/YYYY,2025-10-22 14:40:41,2025-10-22 14:40:41,101540,7,,0,,4,English,1002383,,0,0,,1,0,,3,394,(GMT 3:00) Eastern African Time (Africa/Addis_Ababa),True
2149,@EG@c7699a204ff220c481773b4165270b1f,,Everbest barber shop,1112,Kenya,1002381,,KES,77,Kenyan Shilling,KES,,dd/MM/yyyy,2,,,2025-10-22 05:00:00,"#,###.##",DD/MM/YYYY,2025-10-22 13:50:58,2025-10-22 13:50:58,101538,7,,0,,4,English,1002381,,0,0,,1,0,,3,394,(GMT 3:00) Eastern African Time (Africa/Addis_Ababa),True
2148,@EG@95ba411dba74848f0c66de0859d702c3,,Christine Odede,1112,Kenya,1002380,,KES,77,Kenyan Shilling,KES,,dd/MM/yyyy,2,,,2025-10-22 05:00:00,"#,###.##",DD/MM/YYYY,2025-10-22 13:27:14,2025-10-22 13:27:14,101537,7,,0,,4,English,1002380,,0,0,,1,0,,3,394,(GMT 3:00) Eastern African Time (Africa/Addis_Ababa),True
2145,@EG@f647bc705abdd7d44bdec1d39221d18f,,Jaloka electronics,1112,Kenya,1002377,,KES,77,Kenyan Shilling,KES,,dd/MM/yyyy,2,,,2025-10-22 05:00:00,"#,###.##",DD/MM/YYYY,2025-10-22 12:45:48,2025-10-22 12:45:48,101536,3,,0,,4,English,1002377,,0,0,,1,0,,3,394,(GMT 3:00) Eastern African Time (Africa/Addis_Ababa),True
2144,@EG@d9f39b8bb0e910ae0813c2b2a2c88c8d,,Doreen gakii,1112,Kenya,1002376,,KES,77,Kenyan Shilling,KES,,dd/MM/yyyy,2,,,2025-10-22 05:00:00,"#,###.##",DD/MM/YYYY,2025-10-22 12:43:22,2025-10-22 12:43:22,101535,30,,0,,4,English,1002376,,0,0,,1,0,,3,394,(GMT 3:00) Eastern African Time (Africa/Addis_Ababa),True
2143,@EG@df44a01bb4c05a17bff227d0f3ecbdeb,,Jenwash collections,1112,Kenya,1002375,,KES,77,Kenyan Shilling,KES,,dd/MM/yyyy,2,,,2025-10-22 05:00:00,"#,###.##",DD/MM/YYYY,2025-10-22 12:31:43,2025-10-22 12:31:43,101534,3,,0,,4,English,1002375,,0,0,,1,0,,3,394,(GMT 3:00) Eastern African Time (Africa/Addis_Ababa),True
2141,@EG@45da31e97d94762d71f33cc131406405,,Melkiz Otieno Oruko,1112,Kenya,1002373,,KES,77,Kenyan Shilling,KES,,dd/MM/yyyy,2,,,2025-10-22 05:00:00,"#,###.##",DD/MM/YYYY,2025-10-22 11:52:45,2025-10-22 11:52:45,101533,5,,0,,4,English,1002373,,0,0,,1,0,,3,394,(GMT 3:00) Eastern African Time (Africa/Addis_Ababa),True
2140,@EG@65b21e8be0bf00c3fdf5ac320b4b39e8,,"Butchers, at Burma market",1112,Kenya,1002372,,KES,77,Kenyan Shilling,KES,,dd/MM/yyyy,2,,,2025-10-22 05:00:00,"#,###.##",DD/MM/YYYY,2025-10-22 11:52:23,2025-10-22 11:52:23,101532,7,,0,,4,English,1002372,,0,0,,1,0,,3,394,(GMT 3:00) Eastern African Time (Africa/Addis_Ababa),True
2139,@EG@9304378353b1b2ab7ac193e391b6213f,,Lilly Kuiname,1112,Kenya,1002371,,KES,77,Kenyan Shilling,KES,,dd/MM/yyyy,2,,,2025-10-22 05:00:00,"#,###.##",DD/MM/YYYY,2025-10-22 11:40:29,2025-10-22 11:40:29,101531,15,,0,,4,English,1002371,,0,0,,1,0,,3,394,(GMT 3:00) Eastern African Time (Africa/Addis_Ababa),True
2138,@EG@0c21cf81529446b119acf6aa0db83dae,,Jecy households,1112,Kenya,1002370,,KES,77,Kenyan Shilling,KES,,dd/MM/yyyy,2,,,2025-10-22 05:00:00,"#,###.##",DD/MM/YYYY,2025-10-22 11:37:39,2025-10-22 11:37:39,101530,1,,0,,4,English,1002370,,0,0,,1,0,,3,394,(GMT 3:00) Eastern African Time (Africa/Addis_Ababa),True
2136,@EG@ba8737cb909ce9a60a7ce5da25459b2f,,sopon masusu,1001,Afghanistan,1002368,,AFN,2,Afghan Afghani,AFN,,yyyy-MM-dd,2,,,2025-10-22 03:30:00,"#,###.##",YYYY-MM-DD,2025-10-22 14:10:01,2025-10-22 14:10:01,101539,34,,0,,4,English,1002368,,0,0,,1,0,,4.3,436,(GMT 4:30) Afghanistan Time (Asia/Kabul),True
2135,@EG@7228304ef910f49c192d7d7b89a96449,,Talai Skyler,1112,Kenya,1002367,,KES,77,Kenyan Shilling,KES,,dd/MM/yyyy,2,,,2025-10-22 05:00:00,"#,###.##",DD/MM/YYYY,2025-10-22 09:40:06,2025-10-22 09:40:06,101529,3,,0,,4,English,1002367,,0,0,,1,0,,3,394,(GMT 3:00) Eastern African Time (Africa/Addis_Ababa),True
2134,@EG@72925f5e7289d979396aa1e461b3f278,,Mobile phone repair shop,1112,Kenya,1002366,,KES,77,Kenyan Shilling,KES,,dd/MM/yyyy,2,,,2025-10-22 05:00:00,"#,###.##",DD/MM/YYYY,2025-10-22 09:23:29,2025-10-22 09:23:29,101528,6,,0,,4,English,1002366,,0,0,,1,0,,3,394,(GMT 3:00) Eastern African Time (Africa/Addis_Ababa),True
2133,@EG@0466c70989a38aa605758e8084c417a1,,GNG,1112,Kenya,1002365,,KES,77,Kenyan Shilling,KES,,dd/MM/yyyy,2,,,2025-10-22 05:00:00,"#,###.##",DD/MM/YYYY,2025-10-22 09:19:08,2025-10-22 09:19:08,101527,6,,0,,4,English,1002365,,0,0,,1,0,,3,394,(GMT 3:00) Eastern African Time (Africa/Addis_Ababa),True
2132,@EG@ec7fd9f44e446b16ecdda94bd687473c,,feysal derow,1112,Kenya,1002364,,KES,77,Kenyan Shilling,KES,,dd/MM/yyyy,2,,,2025-10-22 05:00:00,"#,###.##",DD/MM/YYYY,2025-10-22 09:06:38,2025-10-22 09:06:38,101526,4,,0,,4,English,1002364,,0,0,,1,0,,3,394,(GMT 3:00) Eastern African Time (Africa/Addis_Ababa),True
2131,@EG@ab2e69cd0eb3a3bbb6545910b80bcb3a,,Kiwi,1112,Kenya,1002363,,KES,77,Kenyan Shilling,KES,,dd/MM/yyyy,2,,,2025-10-22 05:00:00,"#,###.##",DD/MM/YYYY,2025-10-22 09:03:49,2025-10-22 09:03:49,101525,7,,0,,4,English,1002363,,0,0,,1,0,,3,394,(GMT 3:00) Eastern African Time (Africa/Addis_Ababa),True
2130,@EG@df2af81a62099823918b31585889682f,,Rayner,1112,Kenya,1002362,,KES,77,Kenyan Shilling,KES,,dd/MM/yyyy,2,,,2025-10-22 05:00:00,"#,###.##",DD/MM/YYYY,2025-10-22 08:29:09,2025-10-22 08:29:09,101524,25,,0,,4,English,1002362,,0,0,,1,0,,3,394,(GMT 3:00) Eastern African Time (Africa/Addis_Ababa),True
2127,@EG@b7df3b54cdd952853b601720c068eda8,,Nicholas Temui,1112,Kenya,1002359,,KES,77,Kenyan Shilling,KES,,dd/MM/yyyy,2,,,2025-10-22 05:00:00,"#,###.##",DD/MM/YYYY,2025-10-22 05:42:18,2025-10-22 05:42:18,101523,7,,0,,4,English,1002359,,0,0,,1,0,,3,394,(GMT 3:00) Eastern African Time (Africa/Addis_Ababa),True
2126,@EG@824fcff267f64b5dd64977e902cd61f4,,Cleanhut detergents,1112,Kenya,1002358,,KES,77,Kenyan Shilling,KES,,dd/MM/yyyy,2,,,2025-10-22 05:00:00,"#,###.##",DD/MM/YYYY,2025-10-22 05:12:47,2025-10-22 05:12:47,101522,3,,0,,4,English,1002358,,0,0,,1,0,,3,394,(GMT 3:00) Eastern African Time (Africa/Addis_Ababa),True
2123,@EG@2c467d085cb1e4cee7d9c82fb155ff8d,,Joseph Muraguri,1112,Kenya,1002355,,KES,77,Kenyan Shilling,KES,,dd/MM/yyyy,2,,,2025-10-22 05:00:00,"#,###.##",DD/MM/YYYY,2025-10-22 02:58:02,2025-10-22 02:58:02,101521,34,,0,,4,English,1002355,,0,0,,1,0,,3,394,(GMT 3:00) Eastern African Time (Africa/Addis_Ababa),True
2122,@EG@552397ae47d2e803eada5a6eddebcbfa,,Privia company,1106,Italy,1002354,,EUR,49,Euro,€,,dd/MM/yyyy,2,,,2025-10-22 07:00:00,"# ###,##",DD/MM/YYYY,2025-10-22 02:50:19,2025-10-22 02:50:19,101520,1,,0,,4,English,1002354,,0,0,,1,0,,1,295,(GMT 1:00) Central European Time (Africa/Algiers),True
2121,@EG@2b85956788f3fbe438ecb543cd2b14ac,,Miracle De dieu,1042,Central African Republic,1002353,,XAF,165,Central African CFA Franc,XAF,,dd/MM/yyyy,2,,,2025-10-22 07:00:00,"# ###,##",DD/MM/YYYY,2025-10-22 02:50:01,2025-10-22 02:50:01,101519,6,,0,,4,English,1002353,,0,0,,1,0,,1,314,(GMT 1:00) GMT+01:00 (Etc/GMT-1),True
2118,@EG@be51796d37c61571c492477d3eec2911,,WAN Hardwares,1112,Kenya,1002350,,KES,77,Kenyan Shilling,KES,,dd/MM/yyyy,2,,,2025-10-22 05:00:00,"#,###.##",DD/MM/YYYY,2025-10-22 02:35:22,2025-10-22 02:35:22,101516,14,,0,,4,English,1002350,,0,0,,1,0,,3,394,(GMT 3:00) Eastern African Time (Africa/Addis_Ababa),True
2117,@EG@7823a1f2b816aeb1d841062817877df1,,Universal cleaners,1112,Kenya,1002349,,KES,77,Kenyan Shilling,KES,,dd/MM/yyyy,2,,,2025-10-22 05:00:00,"#,###.##",DD/MM/YYYY,2025-10-22 02:35:45,2025-10-22 02:35:45,101517,15,,0,,4,English,1002349,,0,0,,1,0,,3,394,(GMT 3:00) Eastern African Time (Africa/Addis_Ababa),True
2116,@EG@5fffced7f3461168f9075b1e7cbec908,,Merveille de DIEU,1039,Canada,1002348,,CAD,27,Canadian Dollar,$,,yyyy-MM-dd,2,,,2025-10-22 13:00:00,"#,###.##",YYYY-MM-DD,2025-10-22 02:38:47,2025-10-22 02:38:47,101518,4,,0,,4,English,1002348,,0,0,,1,0,,-5,110,(GMT -5:00) Eastern Standard Time (America/Atikokan),True
2115,@EG@b6b3434e17556018cee9b2d71c58c0c3,,Collins LUNAR  London,1112,Kenya,1002347,,KES,77,Kenyan Shilling,KES,,dd/MM/yyyy,2,,,2025-10-22 05:00:00,"#,###.##",DD/MM/YYYY,2025-10-22 02:21:25,2025-10-22 02:21:25,101515,3,,0,,4,English,1002347,,0,0,,1,0,,3,394,(GMT 3:00) Eastern African Time (Africa/Addis_Ababa),True
2114,@EG@02cac37f9715a0668f9424602a9065d6,,Canada,1112,Kenya,1002346,,KES,77,Kenyan Shilling,KES,,dd/MM/yyyy,2,,,2025-10-22 05:00:00,"#,###.##",DD/MM/YYYY,2025-10-22 02:08:20,2025-10-22 02:08:20,101514,30,,0,,4,English,1002346,,0,0,,1,0,,3,394,(GMT 3:00) Eastern African Time (Africa/Addis_Ababa),True
2112,@EG@9ec942a95b75409c5af6cf9331b7a696,,Jackson  etabo john,1112,Kenya,1002344,,KES,77,Kenyan Shilling,KES,,dd/MM/yyyy,2,,,2025-10-22 05:00:00,"#,###.##",DD/MM/YYYY,2025-10-22 01:54:33,2025-10-22 01:54:33,101513,7,,0,,4,English,1002344,,0,0,,1,0,,3,394,(GMT 3:00) Eastern African Time (Africa/Addis_Ababa),True
2111,@EG@dcceea7b82821566c14d6a49e0d23c63,,Olkikoro supermarket,1112,Kenya,1002343,,KES,77,Kenyan Shilling,KES,,dd/MM/yyyy,2,,,2025-10-22 05:00:00,"#,###.##",DD/MM/YYYY,2025-10-22 01:29:21,2025-10-22 01:29:21,101512,7,,0,,4,English,1002343,,0,0,,1,0,,3,394,(GMT 3:00) Eastern African Time (Africa/Addis_Ababa),True
2109,@EG@a0072a9207bf058760f91d92c3327b83,,Charles,1112,Kenya,1002341,,KES,77,Kenyan Shilling,KES,,dd/MM/yyyy,2,,,2025-10-22 05:00:00,"#,###.##",DD/MM/YYYY,2025-10-22 01:23:01,2025-10-22 01:23:01,101511,22,,0,,4,English,1002341,,0,0,,1,0,,3,394,(GMT 3:00) Eastern African Time (Africa/Addis_Ababa),True
2108,@EG@2389f8f00f7467bd255dfe17178a1ccc,,Muthuri enterprises,1112,Kenya,1002340,,KES,77,Kenyan Shilling,KES,,dd/MM/yyyy,2,,,2025-10-22 05:00:00,"#,###.##",DD/MM/YYYY,2025-10-22 01:13:02,2025-10-22 01:13:02,101510,22,,0,,4,English,1002340,,0,0,,1,0,,3,394,(GMT 3:00) Eastern African Time (Africa/Addis_Ababa),True
2107,@EG@c42746094002c4391d23ddcb2a6b686d,,Hassan Adan,1112,Kenya,1002339,,KES,77,Kenyan Shilling,KES,,dd/MM/yyyy,2,,,2025-10-22 05:00:00,"#,###.##",DD/MM/YYYY,2025-10-22 00:46:11,2025-10-22 00:46:11,101509,6,,0,,4,English,1002339,,0,0,,1,0,,3,394,(GMT 3:00) Eastern African Time (Africa/Addis_Ababa),True
2106,@EG@124183f532bb069ea098c6b967239e96,,Wanga Peter,1112,Kenya,1002338,,KES,77,Kenyan Shilling,KES,,dd/MM/yyyy,2,,,2025-10-22 05:00:00,"#,###.##",DD/MM/YYYY,2025-10-22 00:43:06,2025-10-22 00:43:06,101508,3,,0,,4,English,1002338,,0,0,,1,0,,3,394,(GMT 3:00) Eastern African Time (Africa/Addis_Ababa),True
2105,@EG@3a66cea46bd819db9a6bfa7a15740775,,Fieldmakerting,1112,Kenya,1002337,,KES,77,Kenyan Shilling,KES,,dd/MM/yyyy,2,,,2025-10-22 05:00:00,"#,###.##",DD/MM/YYYY,2025-10-22 00:20:10,2025-10-22 00:20:10,101507,34,,0,,4,English,1002337,,0,0,,1,0,,3,394,(GMT 3:00) Eastern African Time (Africa/Addis_Ababa),True
2103,@EG@7f928da52cfd4d320d234939dc0035e7,,Franshia Akuti,1112,Kenya,1002335,,KES,77,Kenyan Shilling,KES,,dd/MM/yyyy,2,,,2025-10-21 05:00:00,"#,###.##",DD/MM/YYYY,2025-10-21 23:27:24,2025-10-21 23:27:24,101506,1,,0,,4,English,1002335,,0,0,,1,0,,3,394,(GMT 3:00) Eastern African Time (Africa/Addis_Ababa),True
2102,@EG@4f55eebcbfbd799e23d034da175f46b8,,Biometric Technology Limited,1112,Kenya,1002334,,KES,77,Kenyan Shilling,KES,,dd/MM/yyyy,2,,,2025-10-21 05:00:00,"#,###.##",DD/MM/YYYY,2025-10-21 23:21:42,2025-10-21 23:21:42,101505,15,,0,,4,English,1002334,,0,0,,1,0,,3,394,(GMT 3:00) Eastern African Time (Africa/Addis_Ababa),True
2100,@EG@4987a540c9721871b5890d1380c49c60,,Flora's investment,1112,Kenya,1002332,,KES,77,Kenyan Shilling,KES,,dd/MM/yyyy,2,,,2025-10-21 05:00:00,"#,###.##",DD/MM/YYYY,2025-10-21 22:17:33,2025-10-21 22:17:33,101504,1,,0,,4,English,1002332,,0,0,,1,0,,3,394,(GMT 3:00) Eastern African Time (Africa/Addis_Ababa),True
2099,@EG@982473cb6773af20ab8881908144850d,,Eli eli nen,1112,Kenya,1002331,,KES,77,Kenyan Shilling,KES,,dd/MM/yyyy,2,,,2025-10-21 05:00:00,"#,###.##",DD/MM/YYYY,2025-10-21 22:13:35,2025-10-21 22:13:35,101503,5,,0,,4,English,1002331,,0,0,,1,0,,3,394,(GMT 3:00) Eastern African Time (Africa/Addis_Ababa),True
2097,@EG@74eb9bccb98dd057fc09f9819de11238,,godacodetech,1210,Tanzania,1002329,,TZS,152,Tanzanian Shilling,TZS,,dd/MM/yyyy,2,,,2025-10-21 05:00:00,"# ###,##",DD/MM/YYYY,2025-10-21 21:49:51,2025-10-21 21:49:51,101502,2,,0,,4,English,1002329,,0,0,,1,0,,3,394,(GMT 3:00) Eastern African Time (Africa/Addis_Ababa),True
2096,@EG@50678c14cd89c166405c7dd6e67cfb89,,Flavor FlenzyFruit palour,1112,Kenya,1002328,,KES,77,Kenyan Shilling,KES,,dd/MM/yyyy,2,,,2025-10-21 05:00:00,"#,###.##",DD/MM/YYYY,2025-10-21 21:42:49,2025-10-21 21:42:49,101501,7,,0,,4,English,1002328,,0,0,,1,0,,3,394,(GMT 3:00) Eastern African Time (Africa/Addis_Ababa),True
2092,@EG@b9e988fc43e3c947d0e54f8589013c02,,Mwalimu sacoo,1112,Kenya,1002324,,KES,77,Kenyan Shilling,KES,,dd/MM/yyyy,2,,,2025-10-21 05:00:00,"#,###.##",DD/MM/YYYY,2025-10-21 21:30:59,2025-10-21 21:30:59,101500,5,,0,,4,English,1002324,,0,0,,1,0,,3,394,(GMT 3:00) Eastern African Time (Africa/Addis_Ababa),True
2091,@EG@9ff1169b65c094674de9a4ad2839a3d1,,David Kamau,1039,Canada,1002323,,CAD,27,Canadian Dollar,$,,yyyy-MM-dd,2,,,2025-10-21 13:00:00,"#,###.##",YYYY-MM-DD,2025-10-21 21:27:25,2025-10-21 21:27:25,101499,2,,0,,4,English,1002323,,0,0,,1,0,,-5,110,(GMT -5:00) Eastern Standard Time (America/Atikokan),True
2090,@EG@ba5d69ffb5ad18fddaeb004075924e72,,itanga mart limited,1112,Kenya,1002322,,KES,77,Kenyan Shilling,KES,,dd/MM/yyyy,2,,,2025-10-21 05:00:00,"#,###.##",DD/MM/YYYY,2025-10-21 21:13:03,2025-10-21 21:13:03,101498,34,,0,,4,English,1002322,,0,0,,1,0,,3,394,(GMT 3:00) Eastern African Time (Africa/Addis_Ababa),True
2089,@EG@17fd4b351f265e64412a6f78658402b1,,Mlingoti,1112,Kenya,1002321,,KES,77,Kenyan Shilling,KES,,dd/MM/yyyy,2,,,2025-10-21 05:00:00,"#,###.##",DD/MM/YYYY,2025-10-21 20:53:35,2025-10-21 20:53:35,101497,14,,0,,4,English,1002321,,0,0,,1,0,,3,394,(GMT 3:00) Eastern African Time (Africa/Addis_Ababa),True
2088,@EG@3e4eda4c72e7bd37604908280f47a799,,BURDAN PLACE,1112,Kenya,1002320,,KES,77,Kenyan Shilling,KES,,dd/MM/yyyy,2,,,2025-10-21 05:00:00,"#,###.##",DD/MM/YYYY,2025-10-21 20:45:59,2025-10-21 20:45:59,101496,14,,0,,4,English,1002320,,0,0,,1,0,,3,394,(GMT 3:00) Eastern African Time (Africa/Addis_Ababa),True
2087,@EG@6415b75630569d36398ae4eabfa4687e,,Epz,1112,Kenya,1002319,,KES,77,Kenyan Shilling,KES,,dd/MM/yyyy,2,,,2025-10-21 05:00:00,"#,###.##",DD/MM/YYYY,2025-10-21 20:14:32,2025-10-21 20:14:32,101495,3,,0,,4,English,1002319,,0,0,,1,0,,3,394,(GMT 3:00) Eastern African Time (Africa/Addis_Ababa),True
2086,@EG@e3ffd72de476e296d54c3089e2be5c1e,,growth,1112,Kenya,1002318,,KES,77,Kenyan Shilling,KES,,dd/MM/yyyy,2,,,2025-10-21 05:00:00,"#,###.##",DD/MM/YYYY,2025-10-21 20:11:40,2025-10-21 20:11:40,101494,7,,0,,4,English,1002318,,0,0,,1,0,,3,394,(GMT 3:00) Eastern African Time (Africa/Addis_Ababa),True
2085,@EG@4b3dc3290ce38f8aa4f31b8115084203,,Magunas,1003,Albania,1002317,,ALL,3,Albanian Lek,Lek,,dd/MM/yyyy,2,,,2025-10-21 07:00:00,# ###.##,DD/MM/YYYY,2025-10-21 20:11:26,2025-10-21 20:11:26,101493,1,,0,,4,English,1002317,,0,0,,1,0,,1,295,(GMT 1:00) Central European Time (Africa/Algiers),True
2084,@EG@7a6a75bc26318dc3ca6bdae96cdf1a93,,Kevin Macharia,1039,Canada,1002316,,CAD,27,Canadian Dollar,$,,yyyy-MM-dd,2,,,2025-10-21 13:00:00,"#,###.##",YYYY-MM-DD,2025-10-21 20:06:30,2025-10-21 20:06:30,101492,4,,0,,4,English,1002316,,0,0,,1,0,,-5,110,(GMT -5:00) Eastern Standard Time (America/Atikokan),True
2083,@EG@9b1460727d1963a1e7259681c82c7498,,Toyota Kenya,1112,Kenya,1002315,,KES,77,Kenyan Shilling,KES,,dd/MM/yyyy,2,,,2025-10-21 05:00:00,"#,###.##",DD/MM/YYYY,2025-10-21 19:39:11,2025-10-21 19:39:11,101491,6,,0,,4,English,1002315,,0,0,,1,0,,3,394,(GMT 3:00) Eastern African Time (Africa/Addis_Ababa),True
2081,@EG@8f9e90c664dcde7c72c0d76ee37647f8,,Warari enterprise,1112,Kenya,1002313,,KES,77,Kenyan Shilling,KES,,dd/MM/yyyy,2,,,2025-10-21 05:00:00,"#,###.##",DD/MM/YYYY,2025-10-21 19:10:24,2025-10-21 19:10:24,101490,14,,0,,4,English,1002313,,0,0,,1,0,,3,394,(GMT 3:00) Eastern African Time (Africa/Addis_Ababa),True
2080,@EG@65aa9ecca966a4270d89ebaddcc7563f,,Christine Awuor Okoth,1112,Kenya,1002312,,KES,77,Kenyan Shilling,KES,,dd/MM/yyyy,2,,,2025-10-21 05:00:00,"#,###.##",DD/MM/YYYY,2025-10-21 19:01:55,2025-10-21 19:01:55,101489,7,,0,,4,English,1002312,,0,0,,1,0,,3,394,(GMT 3:00) Eastern African Time (Africa/Addis_Ababa),True
2079,@EG@97a54bdb85abdf00876c8a1e6214eded,,Book cooperative company,1112,Kenya,1002311,,KES,77,Kenyan Shilling,KES,,dd/MM/yyyy,2,,,2025-10-21 05:00:00,"#,###.##",DD/MM/YYYY,2025-10-21 18:24:29,2025-10-21 18:24:29,101488,4,,0,,4,English,1002311,,0,0,,1,0,,3,394,(GMT 3:00) Eastern African Time (Africa/Addis_Ababa),True
2078,@EG@a7dbf71e1a4c31e336b90030359bcce8,,Joseph Nzuki,1112,Kenya,1002310,,KES,77,Kenyan Shilling,KES,,dd/MM/yyyy,2,,,2025-10-21 05:00:00,"#,###.##",DD/MM/YYYY,2025-10-21 18:22:56,2025-10-21 18:22:56,101487,4,,0,,4,English,1002310,,0,0,,1,0,,3,394,(GMT 3:00) Eastern African Time (Africa/Addis_Ababa),True
2076,@EG@9d198502d69d5b1703f494fdf509936a,,Marina Somoka,1210,Tanzania,1002308,,TZS,152,Tanzanian Shilling,TZS,,dd/MM/yyyy,2,,,2025-10-21 05:00:00,"# ###,##",DD/MM/YYYY,2025-10-21 18:12:15,2025-10-21 18:12:15,101486,10,,0,,4,English,1002308,,0,0,,1,0,,3,394,(GMT 3:00) Eastern African Time (Africa/Addis_Ababa),True
2075,@EG@eec6ea1df875efeaf1f0d7018ac965fd,,Rosetom ltd,1112,Kenya,1002307,,KES,77,Kenyan Shilling,KES,,dd/MM/yyyy,2,,,2025-10-21 05:00:00,"#,###.##",DD/MM/YYYY,2025-10-21 18:07:40,2025-10-21 18:07:40,101485,7,,0,,4,English,1002307,,0,0,,1,0,,3,394,(GMT 3:00) Eastern African Time (Africa/Addis_Ababa),True
2074,@EG@eb4abf05a4c53412ce93ce46f9591af8,,Lonnyz,1112,Kenya,1002306,,KES,77,Kenyan Shilling,KES,,dd/MM/yyyy,2,,,2025-10-21 05:00:00,"#,###.##",DD/MM/YYYY,2025-10-21 17:58:47,2025-10-21 17:58:47,101484,34,,0,,4,English,1002306,,0,0,,1,0,,3,394,(GMT 3:00) Eastern African Time (Africa/Addis_Ababa),True
2073,@EG@b1faaf759bba820991b879fc4001aa1e,,Mega 5,1112,Kenya,1002305,,KES,77,Kenyan Shilling,KES,,dd/MM/yyyy,2,,,2025-10-21 05:00:00,"#,###.##",DD/MM/YYYY,2025-10-21 17:54:25,2025-10-21 17:54:25,101483,34,,0,,4,English,1002305,,0,0,,1,0,,3,394,(GMT 3:00) Eastern African Time (Africa/Addis_Ababa),True
2072,@EG@cfebd5388a30427ee9e15ff9214f2f95,,Hilary 254,1112,Kenya,1002304,,KES,77,Kenyan Shilling,KES,,dd/MM/yyyy,2,,,2025-10-21 05:00:00,"#,###.##",DD/MM/YYYY,2025-10-21 17:50:37,2025-10-21 17:50:37,101482,7,,0,,4,English,1002304,,0,0,,1,0,,3,394,(GMT 3:00) Eastern African Time (Africa/Addis_Ababa),True
2071,@EG@42a844ddb250013584560352b1f366c4,,Winny Queen,1112,Kenya,1002303,,KES,77,Kenyan Shilling,KES,,dd/MM/yyyy,2,,,2025-10-21 05:00:00,"#,###.##",DD/MM/YYYY,2025-10-21 17:10:11,2025-10-21 17:10:11,101481,7,,0,,4,English,1002303,,0,0,,1,0,,3,394,(GMT 3:00) Eastern African Time (Africa/Addis_Ababa),True
2070,@EG@e50a952384febc9b6eb9741b2b2e17f8,,Kenjap,1112,Kenya,1002302,,KES,77,Kenyan Shilling,KES,,dd/MM/yyyy,2,,,2025-10-21 05:00:00,"#,###.##",DD/MM/YYYY,2025-10-21 17:00:38,2025-10-21 17:00:38,101480,5,,0,,4,English,1002302,,0,0,,1,0,,3,394,(GMT 3:00) Eastern African Time (Africa/Addis_Ababa),True
2069,@EG@968df029a6435b198a9c27d0c9d9c0c0,,Match making,1112,Kenya,1002301,,KES,77,Kenyan Shilling,KES,,dd/MM/yyyy,2,,,2025-10-21 05:00:00,"#,###.##",DD/MM/YYYY,2025-10-21 16:59:03,2025-10-21 16:59:03,101479,5,,0,,4,English,1002301,,0,0,,1,0,,3,394,(GMT 3:00) Eastern African Time (Africa/Addis_Ababa),True
2068,@EG@ddcbb8d82bb7f3413dfb3694db564f0c,,WILLIAM SAMSON,1112,Kenya,1002300,,KES,77,Kenyan Shilling,KES,,dd/MM/yyyy,2,,,2025-10-21 05:00:00,"#,###.##",DD/MM/YYYY,2025-10-21 16:58:02,2025-10-21 16:58:02,101478,34,,0,,4,English,1002300,,0,0,,1,0,,3,394,(GMT 3:00) Eastern African Time (Africa/Addis_Ababa),True
2067,@EG@57c4a8a29b4b7d5f68c770d77f82a4e5,,Algotech,1112,Kenya,1002299,,KES,77,Kenyan Shilling,KES,,dd/MM/yyyy,2,,,2025-10-21 05:00:00,"#,###.##",DD/MM/YYYY,2025-10-21 16:52:59,2025-10-21 16:52:59,101477,16,,0,,4,English,1002299,,0,0,,1,0,,3,394,(GMT 3:00) Eastern African Time (Africa/Addis_Ababa),True
2064,@EG@4254c3fd4ab2c1e9ddfd4e19a54a344b,,Karabz,1112,Kenya,1002296,,KES,77,Kenyan Shilling,KES,,dd/MM/yyyy,2,,,2025-10-21 05:00:00,"#,###.##",DD/MM/YYYY,2025-10-21 16:13:26,2025-10-21 16:13:26,101476,5,,0,,4,English,1002296,,0,0,,1,0,,3,394,(GMT 3:00) Eastern African Time (Africa/Addis_Ababa),True
2062,@EG@fec787e9a5509d4416c303524cc7627c,,Zambuyu,1112,Kenya,1002293,,KES,77,Kenyan Shilling,KES,,dd/MM/yyyy,2,,,2025-10-21 05:00:00,"#,###.##",DD/MM/YYYY,2025-10-21 15:54:19,2025-10-21 15:54:19,101473,7,,0,,4,English,1002293,,0,0,,1,0,,3,394,(GMT 3:00) Eastern African Time (Africa/Addis_Ababa),True
2061,@EG@a247a602688f74ccd529b43c127ebd4e,,HESBEN ELECTRICAL COMPANY,1035,Burkina Faso,1002292,,XOF,168,CFA Franc BCEAO,XOF,,dd/MM/yyyy,2,,,2025-10-21 08:00:00,"#,###.##",DD/MM/YYYY,2025-10-21 15:47:44,2025-10-21 15:47:44,101472,22,,0,,4,English,1002292,,0,0,,1,0,,0,244,(GMT 0:00) Greenwich Mean Time (Africa/Abidjan),True
2058,@EG@4db5939840a3f46cf9737c50b67f19a8,,Dennis Wamugo,1112,Kenya,1002289,,KES,77,Kenyan Shilling,KES,,dd/MM/yyyy,2,,,2025-10-21 05:00:00,"#,###.##",DD/MM/YYYY,2025-10-21 15:01:02,2025-10-21 15:01:02,101471,7,,0,,4,English,1002289,,0,0,,1,0,,3,394,(GMT 3:00) Eastern African Time (Africa/Addis_Ababa),True
2057,@EG@73b449b860f8e07aa01134410e092064,,Bundo,1039,Canada,1002288,,CAD,27,Canadian Dollar,$,,yyyy-MM-dd,2,,,2025-10-21 13:00:00,"#,###.##",YYYY-MM-DD,2025-10-21 14:56:50,2025-10-21 14:56:50,101470,5,,0,,4,English,1002288,,0,0,,1,0,,-5,110,(GMT -5:00) Eastern Standard Time (America/Atikokan),True
2055,@EG@ca9337ad36681ed4a5fd936cb61abe00,,Nagolie,1112,Kenya,1002286,,KES,77,Kenyan Shilling,KES,,dd/MM/yyyy,2,,,2025-10-21 05:00:00,"#,###.##",DD/MM/YYYY,2025-10-21 14:34:39,2025-10-21 14:34:39,101469,6,,0,,4,English,1002286,,0,0,,1,0,,3,394,(GMT 3:00) Eastern African Time (Africa/Addis_Ababa),True
2053,@EG@43a42583ce68d5da780d436d1dee9616,https://static.kilimax.com/enterprise_2053/company_101468/logo/20240428_160658.jpg,Vintage Classics Collection,1112,Kenya,1002284,,KES,77,Kenyan Shilling,KES,,dd/MM/yyyy,2,,,2025-10-01 05:00:00,"#,###.##",DD/MM/YYYY,2025-10-21 14:03:58,2025-10-21 14:03:58,101468,14,,0,,4,English,1002284,,0,0,,1,0,,3,394,(GMT 3:00) Eastern African Time (Africa/Addis_Ababa),True
2052,@EG@68205846c01aefb20652f693d025fe27,,mkopa,1002,Aland Islands,1002283,,EUR,49,Euro,€,,dd/MM/yyyy,2,,,2025-10-21 06:00:00,"#.###,##",DD/MM/YYYY,2025-10-21 14:02:12,2025-10-21 14:02:12,101467,34,,0,,4,English,1002283,,0,0,,1,0,,2,360,(GMT 2:00) Eastern European Time (Africa/Tripoli),True
2049,@EG@17ee045c8f71014032640c94c381de18,,Jopo limited,1112,Kenya,1002280,,KES,77,Kenyan Shilling,KES,,dd/MM/yyyy,2,,,2025-10-21 05:00:00,"#,###.##",DD/MM/YYYY,2025-10-21 13:46:33,2025-10-21 13:46:33,101466,7,,0,,4,English,1002280,,0,0,,1,0,,3,394,(GMT 3:00) Eastern African Time (Africa/Addis_Ababa),True
2048,@EG@0b08bccb59791193c44ea661fba2bd88,,B$M,1112,Kenya,1002279,,KES,77,Kenyan Shilling,KES,,dd/MM/yyyy,2,,,2025-10-21 05:00:00,"#,###.##",DD/MM/YYYY,2025-10-21 13:28:31,2025-10-21 13:28:31,101465,5,,0,,4,English,1002279,,0,0,,1,0,,3,394,(GMT 3:00) Eastern African Time (Africa/Addis_Ababa),True
2047,@EG@f7ffc1f2cbb4142821ed1e5e4f5b03d2,,Ace radiator,1112,Kenya,1002278,,KES,77,Kenyan Shilling,KES,,dd/MM/yyyy,2,,,2025-10-21 05:00:00,"#,###.##",DD/MM/YYYY,2025-10-21 13:24:29,2025-10-21 13:24:29,101464,22,,0,,4,English,1002278,,0,0,,1,0,,3,394,(GMT 3:00) Eastern African Time (Africa/Addis_Ababa),True
2044,@EG@7126b8609e2475666ebe783527826fe8,,Dorcas Muthoni,1112,Kenya,1002275,,KES,77,Kenyan Shilling,KES,,dd/MM/yyyy,2,,,2025-10-21 05:00:00,"#,###.##",DD/MM/YYYY,2025-10-21 13:18:56,2025-10-21 13:18:56,101463,3,,0,,4,English,1002275,,0,0,,1,0,,3,394,(GMT 3:00) Eastern African Time (Africa/Addis_Ababa),True
2043,@EG@fb9ba1efdd78bd80e637f99c591b5aea,,Wilfred boko,1112,Kenya,1002274,,KES,77,Kenyan Shilling,KES,,dd/MM/yyyy,2,,,2025-10-21 05:00:00,"#,###.##",DD/MM/YYYY,2025-10-21 13:10:17,2025-10-21 13:10:17,101462,1,,0,,4,English,1002274,,0,0,,1,0,,3,394,(GMT 3:00) Eastern African Time (Africa/Addis_Ababa),True
2042,@EG@c24b67d3b6e0f0db84696ed7b364e29d,,Mamc,1112,Kenya,1002273,,KES,77,Kenyan Shilling,KES,,dd/MM/yyyy,2,,,2025-10-21 05:00:00,"#,###.##",DD/MM/YYYY,2025-10-21 12:51:03,2025-10-21 12:51:03,101461,32,,0,,4,English,1002273,,0,0,,1,0,,3,394,(GMT 3:00) Eastern African Time (Africa/Addis_Ababa),True
2041,@EG@4bc50cc5b07bb073fdb9301377878d7f,,Meta,1112,Kenya,1002272,,KES,77,Kenyan Shilling,KES,,dd/MM/yyyy,2,,,2025-10-21 05:00:00,"#,###.##",DD/MM/YYYY,2025-10-21 12:38:10,2025-10-21 12:38:10,101460,15,,0,,4,English,1002272,,0,0,,1,0,,3,394,(GMT 3:00) Eastern African Time (Africa/Addis_Ababa),True
2040,@EG@1224180469db699ed2fe335a8ad5012e,,Babu ttijara,1112,Kenya,1002271,,KES,77,Kenyan Shilling,KES,,dd/MM/yyyy,2,,,2025-10-21 05:00:00,"#,###.##",DD/MM/YYYY,2025-10-21 12:24:07,2025-10-21 12:24:07,101459,3,,0,,4,English,1002271,,0,0,,1,0,,3,394,(GMT 3:00) Eastern African Time (Africa/Addis_Ababa),True
2039,@EG@05dc9719a024906d4eb99a4940e14f9b,,Maggie,1112,Kenya,1002270,,KES,77,Kenyan Shilling,KES,,dd/MM/yyyy,2,,,2025-10-21 05:00:00,"#,###.##",DD/MM/YYYY,2025-10-21 12:21:22,2025-10-21 12:21:22,101458,1,,0,,4,English,1002270,,0,0,,1,0,,3,394,(GMT 3:00) Eastern African Time (Africa/Addis_Ababa),True
2038,@EG@1d82267d3b7a59fb42165a6d051d8e3c,,Machakos Medical Technical Training College,1112,Kenya,1002269,,KES,77,Kenyan Shilling,KES,,dd/MM/yyyy,2,,,2025-10-21 05:00:00,"#,###.##",DD/MM/YYYY,2025-10-21 12:21:22,2025-10-21 12:21:22,101457,4,,0,,4,English,1002269,,0,0,,1,0,,3,394,(GMT 3:00) Eastern African Time (Africa/Addis_Ababa),True
2036,@EG@fc025ce0c51ec321b2d302c67baee481,,Liwel,1112,Kenya,1002267,,KES,77,Kenyan Shilling,KES,,dd/MM/yyyy,2,,,2025-10-21 05:00:00,"#,###.##",DD/MM/YYYY,2025-10-21 11:53:27,2025-10-21 11:53:27,101456,2,,0,,4,English,1002267,,0,0,,1,0,,3,394,(GMT 3:00) Eastern African Time (Africa/Addis_Ababa),True
2035,@EG@8d01bdb02d9b011fc0392ff41808961f,,Maurice Oduor Obok,1112,Kenya,1002266,,KES,77,Kenyan Shilling,KES,,dd/MM/yyyy,2,,,2025-10-21 05:00:00,"#,###.##",DD/MM/YYYY,2025-10-21 11:51:22,2025-10-21 11:51:22,101455,34,,0,,4,English,1002266,,0,0,,1,0,,3,394,(GMT 3:00) Eastern African Time (Africa/Addis_Ababa),True
2033,@EG@d64b6e1e4bb09a301422c34df45c6eef,,Sitati stores,1112,Kenya,1002264,,KES,77,Kenyan Shilling,KES,,dd/MM/yyyy,2,,,2025-10-21 05:00:00,"#,###.##",DD/MM/YYYY,2025-10-21 11:45:24,2025-10-21 11:45:24,101453,14,,0,,4,English,1002264,,0,0,,1,0,,3,394,(GMT 3:00) Eastern African Time (Africa/Addis_Ababa),True
2032,@EG@5c5bb71547ddd97605d8ab2ad28fe9e9,,Chrimer,1112,Kenya,1002263,,KES,77,Kenyan Shilling,KES,,dd/MM/yyyy,2,,,2025-10-21 05:00:00,"#,###.##",DD/MM/YYYY,2025-10-21 11:34:14,2025-10-21 11:34:14,101452,7,,0,,4,English,1002263,,0,0,,1,0,,3,394,(GMT 3:00) Eastern African Time (Africa/Addis_Ababa),True
2031,@EG@ebac62e116f7eedaf244a4cbb3e21188,,Josigana,1112,Kenya,1002262,,KES,77,Kenyan Shilling,KES,,dd/MM/yyyy,2,,,2025-10-21 05:00:00,"#,###.##",DD/MM/YYYY,2025-10-21 11:15:25,2025-10-21 11:15:25,101451,2,,0,,4,English,1002262,,0,0,,1,0,,3,394,(GMT 3:00) Eastern African Time (Africa/Addis_Ababa),True
2030,@EG@1fee8ae604c91e9616e2c2389cd33a0d,,Jonnas car selling company,1112,Kenya,1002261,,KES,77,Kenyan Shilling,KES,,dd/MM/yyyy,2,,,2025-10-21 05:00:00,"#,###.##",DD/MM/YYYY,2025-10-21 11:09:47,2025-10-21 11:09:47,101450,1,,0,,4,English,1002261,,0,0,,1,0,,3,394,(GMT 3:00) Eastern African Time (Africa/Addis_Ababa),True
2029,@EG@556551d13ad95c3195f677abcbf5e7c7,,Zuricrochets,1112,Kenya,1002260,,KES,77,Kenyan Shilling,KES,,dd/MM/yyyy,2,,,2025-10-21 05:00:00,"#,###.##",DD/MM/YYYY,2025-10-21 10:52:43,2025-10-21 10:52:43,101449,21,,0,,4,English,1002260,,0,0,,1,0,,3,394,(GMT 3:00) Eastern African Time (Africa/Addis_Ababa),True
2028,@EG@83904ce4b1d60f1ce40bc41bfa5483d5,,No job,1112,Kenya,1002259,,KES,77,Kenyan Shilling,KES,,dd/MM/yyyy,2,,,2025-10-21 05:00:00,"#,###.##",DD/MM/YYYY,2025-10-21 10:10:57,2025-10-21 10:10:57,101448,4,,0,,4,English,1002259,,0,0,,1,0,,3,394,(GMT 3:00) Eastern African Time (Africa/Addis_Ababa),True
2027,@EG@3d4bc1a879388f77e44f3b3265046f9a,,Clinton Lekishon,1112,Kenya,1002258,,KES,77,Kenyan Shilling,KES,,dd/MM/yyyy,2,,,2025-10-21 05:00:00,"#,###.##",DD/MM/YYYY,2025-10-21 09:53:21,2025-10-21 09:53:21,101447,30,,0,,4,English,1002258,,0,0,,1,0,,3,394,(GMT 3:00) Eastern African Time (Africa/Addis_Ababa),True
2026,@EG@a9eddebef3d04c25af897d267845556b,,Joash Magembe,1112,Kenya,1002257,,KES,77,Kenyan Shilling,KES,,dd/MM/yyyy,2,,,2025-10-21 05:00:00,"#,###.##",DD/MM/YYYY,2025-10-21 09:49:34,2025-10-21 09:49:34,101446,7,,0,,4,English,1002257,,0,0,,1,0,,3,394,(GMT 3:00) Eastern African Time (Africa/Addis_Ababa),True
2020,@EG@b60643bc0e021b32399e2ceccc37d087,,Exduxos,1112,Kenya,1002251,,KES,77,Kenyan Shilling,KES,,dd/MM/yyyy,2,,,2025-10-21 05:00:00,"#,###.##",DD/MM/YYYY,2025-10-21 08:53:50,2025-10-21 08:53:50,101445,6,,0,,4,English,1002251,,0,0,,1,0,,3,394,(GMT 3:00) Eastern African Time (Africa/Addis_Ababa),True
2017,@EG@f83639324b44ff5066db6acda47ec6e6,,Jazz restaurant,1112,Kenya,1002248,,KES,77,Kenyan Shilling,KES,,dd/MM/yyyy,2,,,2025-10-21 05:00:00,"#,###.##",DD/MM/YYYY,2025-10-21 08:15:54,2025-10-21 08:15:54,101444,7,,0,,4,English,1002248,,0,0,,1,0,,3,394,(GMT 3:00) Eastern African Time (Africa/Addis_Ababa),True
2015,@EG@4fae52078de25db8242941bb709482ce,,MARAMART,1112,Kenya,1002246,,KES,77,Kenyan Shilling,KES,,dd/MM/yyyy,2,,,2025-10-21 05:00:00,"#,###.##",DD/MM/YYYY,2025-10-21 07:48:37,2025-10-21 07:48:37,101443,3,,0,,4,English,1002246,,0,0,,1,0,,3,394,(GMT 3:00) Eastern African Time (Africa/Addis_Ababa),True
2014,@EG@6486f728b7755b261e8a96f3c976d8b9,,Fredrick,1112,Kenya,1002245,,KES,77,Kenyan Shilling,KES,,dd/MM/yyyy,2,,,2025-10-21 05:00:00,"#,###.##",DD/MM/YYYY,2025-10-21 07:22:00,2025-10-21 07:22:00,101442,9,,0,,4,English,1002245,,0,0,,1,0,,3,394,(GMT 3:00) Eastern African Time (Africa/Addis_Ababa),True
2013,@EG@91299eea9173f14691f2e09165908dd5,,Truth wifi,1112,Kenya,1002244,,KES,77,Kenyan Shilling,KES,,dd/MM/yyyy,2,,,2025-10-21 05:00:00,"#,###.##",DD/MM/YYYY,2025-10-21 06:43:30,2025-10-21 06:43:30,101440,34,,0,,4,English,1002244,,0,0,,1,0,,3,394,(GMT 3:00) Eastern African Time (Africa/Addis_Ababa),True
2012,@EG@858b144c5f3e4b7576894bf99a65f690,,Volunteer,1112,Kenya,1002243,,KES,77,Kenyan Shilling,KES,,dd/MM/yyyy,2,,,2025-10-21 05:00:00,"#,###.##",DD/MM/YYYY,2025-10-21 06:43:41,2025-10-21 06:43:41,101441,16,,0,,4,English,1002243,,0,0,,1,0,,3,394,(GMT 3:00) Eastern African Time (Africa/Addis_Ababa),True
2011,@EG@3cc6868909eab3947ceb3ec4da8a8538,,Plugins Broadband,1112,Kenya,1002242,,KES,77,Kenyan Shilling,KES,,dd/MM/yyyy,2,,,2025-10-21 05:00:00,"#,###.##",DD/MM/YYYY,2025-10-21 06:29:08,2025-10-21 06:29:08,101439,34,,0,,4,English,1002242,,0,0,,1,0,,3,394,(GMT 3:00) Eastern African Time (Africa/Addis_Ababa),True
2009,@EG@7c9977dd6115c49b7785be37f56a0ee1,,Alex wawire,1112,Kenya,1002240,,KES,77,Kenyan Shilling,KES,,dd/MM/yyyy,2,,,2025-10-21 05:00:00,"#,###.##",DD/MM/YYYY,2025-10-21 05:28:08,2025-10-21 05:28:08,101437,5,,0,,4,English,1002240,,0,0,,1,0,,3,394,(GMT 3:00) Eastern African Time (Africa/Addis_Ababa),True
2008,@EG@3cd744439185640405766ee6964ad809,,Marovok campany,1112,Kenya,1002239,,KES,77,Kenyan Shilling,KES,,dd/MM/yyyy,2,,,2025-10-21 05:00:00,"#,###.##",DD/MM/YYYY,2025-10-21 05:29:18,2025-10-21 05:29:18,101438,7,,0,,4,English,1002239,,0,0,,1,0,,3,394,(GMT 3:00) Eastern African Time (Africa/Addis_Ababa),True
2007,@EG@12a08df66be604ec97d6c4c6939abe8b,,Samo Logistics Consultancy Ltd,1112,Kenya,1002238,,KES,77,Kenyan Shilling,KES,,dd/MM/yyyy,2,,,2025-10-21 05:00:00,"#,###.##",DD/MM/YYYY,2025-10-21 05:15:04,2025-10-21 05:15:04,101436,34,,0,,4,English,1002238,,0,0,,1,0,,3,394,(GMT 3:00) Eastern African Time (Africa/Addis_Ababa),True
2006,@EG@4f53069cbe66b545a6119fb281391ba5,,Mamafua cleaning services,1112,Kenya,1002237,,KES,77,Kenyan Shilling,KES,,dd/MM/yyyy,2,,,2025-10-21 05:00:00,"#,###.##",DD/MM/YYYY,2025-10-21 04:52:48,2025-10-21 04:52:48,101435,15,,0,,4,English,1002237,,0,0,,1,0,,3,394,(GMT 3:00) Eastern African Time (Africa/Addis_Ababa),True
2005,@EG@d92e4cf26ebef0d1f4238be4dfa968fa,,Vincent,1112,Kenya,1002236,,KES,77,Kenyan Shilling,KES,,dd/MM/yyyy,2,,,2025-10-21 05:00:00,"#,###.##",DD/MM/YYYY,2025-10-21 04:50:07,2025-10-21 04:50:07,101434,3,,0,,4,English,1002236,,0,0,,1,0,,3,394,(GMT 3:00) Eastern African Time (Africa/Addis_Ababa),True
2003,@EG@193431a338d545c046d74c3d585d3c57,,Heloman Priscilla,1112,Kenya,1002234,,KES,77,Kenyan Shilling,KES,,dd/MM/yyyy,2,,,2025-10-21 05:00:00,"#,###.##",DD/MM/YYYY,2025-10-21 04:20:58,2025-10-21 04:20:58,101433,1,,0,,4,English,1002234,,0,0,,1,0,,3,394,(GMT 3:00) Eastern African Time (Africa/Addis_Ababa),True
2002,@EG@eb64bce5e43b90cf18db658ea6aaa023,,Rizmaiz,1112,Kenya,1002233,,KES,77,Kenyan Shilling,KES,,dd/MM/yyyy,2,,,2025-10-21 05:00:00,"#,###.##",DD/MM/YYYY,2025-10-21 03:52:41,2025-10-21 03:52:41,101432,15,,0,,4,English,1002233,,0,0,,1,0,,3,394,(GMT 3:00) Eastern African Time (Africa/Addis_Ababa),True
2001,@EG@797afdeb1a3bd7c4b542280cd0109182,,Swiftflow solutions,1112,Kenya,1002232,,KES,77,Kenyan Shilling,KES,,dd/MM/yyyy,2,,,2025-10-21 05:00:00,"#,###.##",DD/MM/YYYY,2025-10-21 03:44:21,2025-10-21 03:44:21,101431,34,,0,,4,English,1002232,,0,0,,1,0,,3,394,(GMT 3:00) Eastern African Time (Africa/Addis_Ababa),True
2000,@EG@ec3a009dc96e8a9e9a12a6eda6b05aa5,,Lawrence Namorukai,1112,Kenya,1002231,,KES,77,Kenyan Shilling,KES,,dd/MM/yyyy,2,,,2025-10-21 05:00:00,"#,###.##",DD/MM/YYYY,2025-10-21 03:27:15,2025-10-21 03:27:15,101430,4,,0,,4,English,1002231,,0,0,,1,0,,3,394,(GMT 3:00) Eastern African Time (Africa/Addis_Ababa),True
1999,@EG@fa0b488fbc088d5af557f79bd4645bfe,,Simcom,1112,Kenya,1002230,,KES,77,Kenyan Shilling,KES,,dd/MM/yyyy,2,,,2025-10-21 05:00:00,"#,###.##",DD/MM/YYYY,2025-10-21 03:11:03,2025-10-21 03:11:03,101429,22,,0,,4,English,1002230,,0,0,,1,0,,3,394,(GMT 3:00) Eastern African Time (Africa/Addis_Ababa),True
1997,@EG@8a32e2cb4dee9e1fcd2d4f36234323cc,,Mwafrika Sellers,1112,Kenya,1002228,,KES,77,Kenyan Shilling,KES,,dd/MM/yyyy,2,,,2025-10-21 05:00:00,"#,###.##",DD/MM/YYYY,2025-10-21 02:48:52,2025-10-21 02:48:52,101428,15,,0,,4,English,1002228,,0,0,,1,0,,3,394,(GMT 3:00) Eastern African Time (Africa/Addis_Ababa),True
1996,@EG@d6f675ea74cf5a54fb1ff9d9f9c16b5b,,Wakali electronics,1112,Kenya,1002227,,KES,77,Kenyan Shilling,KES,,dd/MM/yyyy,2,,,2025-10-21 05:00:00,"#,###.##",DD/MM/YYYY,2025-10-21 02:38:55,2025-10-21 02:38:55,101427,16,,0,,4,English,1002227,,0,0,,1,0,,3,394,(GMT 3:00) Eastern African Time (Africa/Addis_Ababa),True
1994,@EG@33e326589848773d398e1101a4448327,,Lynnnimo,1112,Kenya,1002225,,KES,77,Kenyan Shilling,KES,,dd/MM/yyyy,2,,,2025-10-21 05:00:00,"#,###.##",DD/MM/YYYY,2025-10-21 02:04:38,2025-10-21 02:04:38,101426,10,,0,,4,English,1002225,,0,0,,1,0,,3,394,(GMT 3:00) Eastern African Time (Africa/Addis_Ababa),True
1992,@EG@54a3a56d91f6cd24cf892369d5ac456f,,Thierry,1112,Kenya,1002223,,KES,77,Kenyan Shilling,KES,,dd/MM/yyyy,2,,,2025-10-21 05:00:00,"#,###.##",DD/MM/YYYY,2025-10-21 02:01:55,2025-10-21 02:01:55,101425,2,,0,,4,English,1002223,,0,0,,1,0,,3,394,(GMT 3:00) Eastern African Time (Africa/Addis_Ababa),True
1990,@EG@df74a452c5f827aa34d0a6018e8ddcc2,,maezmeila,1112,Kenya,1002221,,KES,77,Kenyan Shilling,KES,,dd/MM/yyyy,2,,,2025-10-21 05:00:00,"#,###.##",DD/MM/YYYY,2025-10-21 01:50:39,2025-10-21 01:50:39,101424,7,,0,,4,English,1002221,,0,0,,1,0,,3,394,(GMT 3:00) Eastern African Time (Africa/Addis_Ababa),True
1989,@EG@dfff5c3aaa96996fe35f2846cb61ce30,,Vincent Baite,1112,Kenya,1002220,,KES,77,Kenyan Shilling,KES,,dd/MM/yyyy,2,,,2025-10-21 05:00:00,"#,###.##",DD/MM/YYYY,2025-10-21 01:30:18,2025-10-21 01:30:18,101423,4,,0,,4,English,1002220,,0,0,,1,0,,3,394,(GMT 3:00) Eastern African Time (Africa/Addis_Ababa),True
1987,@EG@9b3da4a9cdf16c63bfecdf6dadba12f5,,Hi-Tech communication,1112,Kenya,1002218,,KES,77,Kenyan Shilling,KES,,dd/MM/yyyy,2,,,2025-10-21 05:00:00,"#,###.##",DD/MM/YYYY,2025-10-21 01:07:20,2025-10-21 01:07:20,101422,3,,0,,4,English,1002218,,0,0,,1,0,,3,394,(GMT 3:00) Eastern African Time (Africa/Addis_Ababa),True
1985,@EG@cee68839dba688de3d62c0d562edbe5f,,Charles Kigo,1112,Kenya,1002216,,KES,77,Kenyan Shilling,KES,,dd/MM/yyyy,2,,,2025-10-21 05:00:00,"#,###.##",DD/MM/YYYY,2025-10-21 01:00:58,2025-10-21 01:00:58,101421,16,,0,,4,English,1002216,,0,0,,1,0,,3,394,(GMT 3:00) Eastern African Time (Africa/Addis_Ababa),True
1983,@EG@9b30facfa13a511868e2d14dd177c0a4,,Judvi shop,1112,Kenya,1002214,,KES,77,Kenyan Shilling,KES,,dd/MM/yyyy,2,,,2025-10-21 05:00:00,"#,###.##",DD/MM/YYYY,2025-10-21 00:28:24,2025-10-21 00:28:24,101420,30,,0,,4,English,1002214,,0,0,,1,0,,3,394,(GMT 3:00) Eastern African Time (Africa/Addis_Ababa),True
1982,@EG@377ea6243a5983da24d8e5178a58831a,,Kones,1112,Kenya,1002213,,KES,77,Kenyan Shilling,KES,,dd/MM/yyyy,2,,,2025-10-21 05:00:00,"#,###.##",DD/MM/YYYY,2025-10-21 00:24:07,2025-10-21 00:24:07,101419,1,,0,,4,English,1002213,,0,0,,1,0,,3,394,(GMT 3:00) Eastern African Time (Africa/Addis_Ababa),True
1980,@EG@b38cd780721c405eae2cc539b9f0c57c,,Equity,1112,Kenya,1002211,,KES,77,Kenyan Shilling,KES,,dd/MM/yyyy,2,,,2025-10-20 05:00:00,"#,###.##",DD/MM/YYYY,2025-10-20 23:54:04,2025-10-20 23:54:04,101418,7,,0,,4,English,1002211,,0,0,,1,0,,3,394,(GMT 3:00) Eastern African Time (Africa/Addis_Ababa),True
1979,@EG@f9232ed643ac7bfd7904cf7ec910db9d,,Bonan,1112,Kenya,1002210,,KES,77,Kenyan Shilling,KES,,dd/MM/yyyy,2,,,2025-10-20 05:00:00,"#,###.##",DD/MM/YYYY,2025-10-20 23:25:54,2025-10-20 23:25:54,101417,1,,0,,4,English,1002210,,0,0,,1,0,,3,394,(GMT 3:00) Eastern African Time (Africa/Addis_Ababa),True
1978,@EG@693931889c89f2d6095955b96a8d0558,,Store,1112,Kenya,1002209,,KES,77,Kenyan Shilling,KES,,dd/MM/yyyy,2,,,2025-10-20 05:00:00,"#,###.##",DD/MM/YYYY,2025-10-20 23:18:57,2025-10-20 23:18:57,101416,1,,0,,4,English,1002209,,0,0,,1,0,,3,394,(GMT 3:00) Eastern African Time (Africa/Addis_Ababa),True
1977,@EG@7f76fe42a84fffd76c20e500b413bae2,,Anfield,1112,Kenya,1002208,,KES,77,Kenyan Shilling,KES,,dd/MM/yyyy,2,,,2025-10-20 05:00:00,"#,###.##",DD/MM/YYYY,2025-10-20 23:16:01,2025-10-20 23:16:01,101415,1,,0,,4,English,1002208,,0,0,,1,0,,3,394,(GMT 3:00) Eastern African Time (Africa/Addis_Ababa),True
1976,@EG@2ab513c4779dc056f932433024809a89,,Wa Rayan,1112,Kenya,1002207,,KES,77,Kenyan Shilling,KES,,dd/MM/yyyy,2,,,2025-10-20 05:00:00,"#,###.##",DD/MM/YYYY,2025-10-20 23:13:59,2025-10-20 23:13:59,101414,14,,0,,4,English,1002207,,0,0,,1,0,,3,394,(GMT 3:00) Eastern African Time (Africa/Addis_Ababa),True
1975,@EG@aae2f67a7347e57713ac32f9f64c47e8,,Kirui holding,1112,Kenya,1002206,,KES,77,Kenyan Shilling,KES,,dd/MM/yyyy,2,,,2025-10-20 05:00:00,"#,###.##",DD/MM/YYYY,2025-10-20 23:06:33,2025-10-20 23:06:33,101413,30,,0,,4,English,1002206,,0,0,,1,0,,3,394,(GMT 3:00) Eastern African Time (Africa/Addis_Ababa),True
1974,@EG@dca40ede9ef4263057bdfe815ed6a3bc,,lanyashop,1112,Kenya,1002205,,KES,77,Kenyan Shilling,KES,,dd/MM/yyyy,2,,,2025-10-20 05:00:00,"#,###.##",DD/MM/YYYY,2025-10-20 22:59:33,2025-10-20 22:59:33,101412,7,,0,,4,English,1002205,,0,0,,1,0,,3,394,(GMT 3:00) Eastern African Time (Africa/Addis_Ababa),True
1973,@EG@1db54de693c1d1c59befa015414ef4d3,,Marine,1112,Kenya,1002204,,KES,77,Kenyan Shilling,KES,,dd/MM/yyyy,2,,,2025-10-20 05:00:00,"#,###.##",DD/MM/YYYY,2025-10-20 22:55:04,2025-10-20 22:55:04,101411,2,,0,,4,English,1002204,,0,0,,1,0,,3,394,(GMT 3:00) Eastern African Time (Africa/Addis_Ababa),True
1972,@EG@ccc62705ef3b27a6468d925172a2e20d,,bricks,1112,Kenya,1002203,,KES,77,Kenyan Shilling,KES,,dd/MM/yyyy,2,,,2025-10-20 05:00:00,"#,###.##",DD/MM/YYYY,2025-10-20 22:48:55,2025-10-20 22:48:55,101410,1,,0,,4,English,1002203,,0,0,,1,0,,3,394,(GMT 3:00) Eastern African Time (Africa/Addis_Ababa),True
1971,@EG@a205c1d454e058ba7e6774adc7a1d743,,Tatoo,1223,United Kingdom,1002202,,GBP,52,Pound Sterling,£,,dd/MM/yyyy,2,,,2025-10-20 08:00:00,"#,###.##",DD/MM/YYYY,2025-10-20 22:44:22,2025-10-20 22:44:22,101409,1,,0,,4,English,1002202,,0,0,,1,0,,0,244,(GMT 0:00) Greenwich Mean Time (Africa/Abidjan),True
1970,@EG@6ee90250a8dfeecd7d9c1d799ce7b255,,Amalo supermarket,1112,Kenya,1002201,,KES,77,Kenyan Shilling,KES,,dd/MM/yyyy,2,,,2025-10-20 05:00:00,"#,###.##",DD/MM/YYYY,2025-10-20 22:30:24,2025-10-20 22:30:24,101408,7,,0,,4,English,1002201,,0,0,,1,0,,3,394,(GMT 3:00) Eastern African Time (Africa/Addis_Ababa),True
1969,@EG@7b146dc937684ba4a83b960781ed559f,,Kavesa Sylvia,1112,Kenya,1002200,,KES,77,Kenyan Shilling,KES,,dd/MM/yyyy,2,,,2025-10-20 05:00:00,"#,###.##",DD/MM/YYYY,2025-10-20 22:21:08,2025-10-20 22:21:08,101407,1,,0,,4,English,1002200,,0,0,,1,0,,3,394,(GMT 3:00) Eastern African Time (Africa/Addis_Ababa),True
1968,@EG@7d8bda782541f5e37d0a395889bb652c,,Lewis,1112,Kenya,1002199,,KES,77,Kenyan Shilling,KES,,dd/MM/yyyy,2,,,2025-10-20 05:00:00,"#,###.##",DD/MM/YYYY,2025-10-20 22:19:40,2025-10-20 22:19:40,101406,34,,0,,4,English,1002199,,0,0,,1,0,,3,394,(GMT 3:00) Eastern African Time (Africa/Addis_Ababa),True
1967,@EG@bca3e27830401a71f5beb99fdc8fa7d6,,Kps,1112,Kenya,1002198,,KES,77,Kenyan Shilling,KES,,dd/MM/yyyy,2,,,2025-10-20 05:00:00,"#,###.##",DD/MM/YYYY,2025-10-20 21:48:46,2025-10-20 21:48:46,101405,7,,0,,4,English,1002198,,0,0,,1,0,,3,394,(GMT 3:00) Eastern African Time (Africa/Addis_Ababa),True
1966,@EG@09cb335e7b66b3057775011926c1f3a1,,Dove ranger ltd ,1112,Kenya,1002197,,KES,77,Kenyan Shilling,KES,,dd/MM/yyyy,2,,,2025-10-20 05:00:00,"#,###.##",DD/MM/YYYY,2025-10-20 21:43:33,2025-10-20 21:43:33,101403,22,,0,,4,English,1002197,,0,0,,1,0,,3,394,(GMT 3:00) Eastern African Time (Africa/Addis_Ababa),True
1965,@EG@bfe99979aabeb48e95677ca5eb8ab0ad,,Kai company,1112,Kenya,1002196,,KES,77,Kenyan Shilling,KES,,dd/MM/yyyy,2,,,2025-10-20 05:00:00,"#,###.##",DD/MM/YYYY,2025-10-20 21:44:22,2025-10-20 21:44:22,101404,15,,0,,4,English,1002196,,0,0,,1,0,,3,394,(GMT 3:00) Eastern African Time (Africa/Addis_Ababa),True
1964,@EG@66cfdca4f9337135cbaacd7e34b416b6,,Martin electronics,1112,Kenya,1002195,,KES,77,Kenyan Shilling,KES,,dd/MM/yyyy,2,,,2025-10-20 05:00:00,"#,###.##",DD/MM/YYYY,2025-10-20 21:42:32,2025-10-20 21:42:32,101402,1,,0,,4,English,1002195,,0,0,,1,0,,3,394,(GMT 3:00) Eastern African Time (Africa/Addis_Ababa),True
1962,@EG@92b51ed241be89d3474f3700c5e843d2,,Samuel Maina,1031,Brazil,1002193,,BRL,21,Brazilian Real,R$,,dd/MM/yyyy,2,,,2025-10-20 11:00:00,"#,###.##",DD/MM/YYYY,2025-10-20 21:38:17,2025-10-20 21:38:17,101401,1,,0,,4,English,1002193,,0,0,,1,0,,-3,203,(GMT -3:00) Brasilia Time (America/Araguaina),True
1960,@EG@8824f6d530348b700a829fd7b54b55a0,,Memo mini shop,1112,Kenya,1002191,,KES,77,Kenyan Shilling,KES,,dd/MM/yyyy,2,,,2025-10-20 05:00:00,"#,###.##",DD/MM/YYYY,2025-10-20 21:07:43,2025-10-20 21:07:43,101400,1,,0,,4,English,1002191,,0,0,,1,0,,3,394,(GMT 3:00) Eastern African Time (Africa/Addis_Ababa),True
1959,@EG@6f81e751e6290dc5af364e3b2ea534be,,GOODMAN ENGINEERING WORK ,1112,Kenya,1002190,,KES,77,Kenyan Shilling,KES,,dd/MM/yyyy,2,,,2025-10-20 05:00:00,"#,###.##",DD/MM/YYYY,2025-10-20 20:53:30,2025-10-20 20:53:30,101399,22,,0,,4,English,1002190,,0,0,,1,0,,3,394,(GMT 3:00) Eastern African Time (Africa/Addis_Ababa),True
1958,@EG@95f9fb855e0e33177ccda3829deb280a,,Elizabeth Nathan,1210,Tanzania,1002189,,TZS,152,Tanzanian Shilling,TZS,,dd/MM/yyyy,2,,,2025-10-20 05:00:00,"# ###,##",DD/MM/YYYY,2025-10-20 20:42:39,2025-10-20 20:42:39,101398,16,,0,,4,English,1002189,,0,0,,1,0,,3,394,(GMT 3:00) Eastern African Time (Africa/Addis_Ababa),True
1957,@EG@d7acde2a41d3b5a999476931a4ada3d1,,Tfc,1112,Kenya,1002188,,KES,77,Kenyan Shilling,KES,,dd/MM/yyyy,2,,,2025-10-20 05:00:00,"#,###.##",DD/MM/YYYY,2025-10-20 20:31:59,2025-10-20 20:31:59,101397,6,,0,,4,English,1002188,,0,0,,1,0,,3,394,(GMT 3:00) Eastern African Time (Africa/Addis_Ababa),True
1956,@EG@af072a99a63fc3bbf6f7395ce0b7711f,,Fancy boutique,1112,Kenya,1002187,,KES,77,Kenyan Shilling,KES,,dd/MM/yyyy,2,,,2025-10-20 05:00:00,"#,###.##",DD/MM/YYYY,2025-10-20 20:24:58,2025-10-20 20:24:58,101396,14,,0,,4,English,1002187,,0,0,,1,0,,3,394,(GMT 3:00) Eastern African Time (Africa/Addis_Ababa),True
1955,@EG@1eb128e951da28ca724be1d3384a6677,,Retail shop,1039,Canada,1002186,,CAD,27,Canadian Dollar,$,,yyyy-MM-dd,2,,,2025-10-20 13:00:00,"#,###.##",YYYY-MM-DD,2025-10-20 20:12:46,2025-10-20 20:12:46,101395,1,,0,,4,English,1002186,,0,0,,1,0,,-5,110,(GMT -5:00) Eastern Standard Time (America/Atikokan),True
1954,@EG@5c2ee94281528ced4bb565459215903d,,Kilimax limited,1112,Kenya,1002185,,KES,77,Kenyan Shilling,KES,,dd/MM/yyyy,2,,,2025-10-20 05:00:00,"#,###.##",DD/MM/YYYY,2025-10-20 20:09:25,2025-10-20 20:09:25,101393,4,,0,,4,English,1002185,,0,0,,1,0,,3,394,(GMT 3:00) Eastern African Time (Africa/Addis_Ababa),True
1953,@EG@df3c940bd0b03c1e2e947fa0af2f2997,,Enock,1033,Brunei,1002184,,BND,18,Brunei Dollar,$,,dd/MM/yyyy,2,,,2025-10-20 00:00:00,# ###.##,DD/MM/YYYY,2025-10-20 20:09:49,2025-10-20 20:09:49,101394,5,,0,,4,English,1002184,,0,0,,1,0,,8,485,(GMT 8:00) Brunei Time (Asia/Brunei),True
1951,@EG@59fd33e78318050dd4095be47e89781c,,Ibrahim,1112,Kenya,1002182,,KES,77,Kenyan Shilling,KES,,dd/MM/yyyy,2,,,2025-10-20 05:00:00,"#,###.##",DD/MM/YYYY,2025-10-20 20:07:16,2025-10-20 20:07:16,101392,18,,0,,4,English,1002182,,0,0,,1,0,,3,394,(GMT 3:00) Eastern African Time (Africa/Addis_Ababa),True
1950,@EG@62d97e9af5f53ed969cad462a05a2b9d,,Greal foden,1112,Kenya,1002181,,KES,77,Kenyan Shilling,KES,,dd/MM/yyyy,2,,,2025-10-20 05:00:00,"#,###.##",DD/MM/YYYY,2025-10-20 20:04:53,2025-10-20 20:04:53,101391,15,,0,,4,English,1002181,,0,0,,1,0,,3,394,(GMT 3:00) Eastern African Time (Africa/Addis_Ababa),True
1949,@EG@ffe2c94f367c77f42df7bc00fb5eeb4d,,Emmanuel Wekesa Wasike,1112,Kenya,1002180,,KES,77,Kenyan Shilling,KES,,dd/MM/yyyy,2,,,2025-10-20 05:00:00,"#,###.##",DD/MM/YYYY,2025-10-20 20:01:32,2025-10-20 20:01:32,101390,2,,0,,4,English,1002180,,0,0,,1,0,,3,394,(GMT 3:00) Eastern African Time (Africa/Addis_Ababa),True
1948,@EG@40cc65774ea2304fbf7b19692e6df43c,,Charo kombe company,1112,Kenya,1002179,,KES,77,Kenyan Shilling,KES,,dd/MM/yyyy,2,,,2025-10-20 05:00:00,"#,###.##",DD/MM/YYYY,2025-10-20 19:52:44,2025-10-20 19:52:44,101389,1,,0,,4,English,1002179,,0,0,,1,0,,3,394,(GMT 3:00) Eastern African Time (Africa/Addis_Ababa),True
1947,@EG@4748b0f0ccf733c52afe1289b3204489,,Kuria Merchants,1112,Kenya,1002178,,KES,77,Kenyan Shilling,KES,,dd/MM/yyyy,2,,,2025-10-20 05:00:00,"#,###.##",DD/MM/YYYY,2025-10-20 19:49:05,2025-10-20 19:49:05,101388,3,,0,,4,English,1002178,,0,0,,1,0,,3,394,(GMT 3:00) Eastern African Time (Africa/Addis_Ababa),True
1943,@EG@0f97a25a4f938ac82f4555ec32b97732,,Kipchimat,1112,Kenya,1002174,,KES,77,Kenyan Shilling,KES,,dd/MM/yyyy,2,,,2025-10-20 05:00:00,"#,###.##",DD/MM/YYYY,2025-10-20 19:31:19,2025-10-20 19:31:19,101387,1,,0,,4,English,1002174,,0,0,,1,0,,3,394,(GMT 3:00) Eastern African Time (Africa/Addis_Ababa),True
1942,@EG@2856e2c17a34426af450b8ef402218b7,,Monocos,1112,Kenya,1002173,,KES,77,Kenyan Shilling,KES,,dd/MM/yyyy,2,,,2025-10-20 05:00:00,"#,###.##",DD/MM/YYYY,2025-10-20 19:14:05,2025-10-20 19:14:05,101386,14,,0,,4,English,1002173,,0,0,,1,0,,3,394,(GMT 3:00) Eastern African Time (Africa/Addis_Ababa),True
1941,@EG@75306ea9f0949936942d9534384bcedf,,MOI university,1112,Kenya,1002172,,KES,77,Kenyan Shilling,KES,,dd/MM/yyyy,2,,,2025-10-20 05:00:00,"#,###.##",DD/MM/YYYY,2025-10-20 19:04:56,2025-10-20 19:04:56,101384,4,,0,,4,English,1002172,,0,0,,1,0,,3,394,(GMT 3:00) Eastern African Time (Africa/Addis_Ababa),True
1939,@EG@0d2643a06c80864cdab486562ced8717,,Chege Bedan entertainment,1112,Kenya,1002170,,KES,77,Kenyan Shilling,KES,,dd/MM/yyyy,2,,,2025-10-20 05:00:00,"#,###.##",DD/MM/YYYY,2025-10-20 19:09:58,2025-10-20 19:09:58,101385,7,,0,,4,English,1002170,,0,0,,1,0,,3,394,(GMT 3:00) Eastern African Time (Africa/Addis_Ababa),True
1938,@EG@d05c8326e4c7c8fea3e349da430cac76,,Killmall,1112,Kenya,1002169,,KES,77,Kenyan Shilling,KES,,dd/MM/yyyy,2,,,2025-10-20 05:00:00,"#,###.##",DD/MM/YYYY,2025-10-20 18:47:04,2025-10-20 18:47:04,101383,2,,0,,4,English,1002169,,0,0,,1,0,,3,394,(GMT 3:00) Eastern African Time (Africa/Addis_Ababa),True
1937,@EG@ba49b43919b1c8168729cd5a2e132c8c,,LUCY WANJIRA NDUNGU,1112,Kenya,1002168,,KES,77,Kenyan Shilling,KES,,dd/MM/yyyy,2,,,2025-10-20 05:00:00,"#,###.##",DD/MM/YYYY,2025-10-20 18:46:01,2025-10-20 18:46:01,101382,2,,0,,4,English,1002168,,0,0,,1,0,,3,394,(GMT 3:00) Eastern African Time (Africa/Addis_Ababa),True
1935,@EG@fa20b61a60c90ddc3645cfb9d95ca4d0,,Bomori plaza,1106,Italy,1002166,,EUR,49,Euro,€,,dd/MM/yyyy,2,,,2025-10-20 07:00:00,"# ###,##",DD/MM/YYYY,2025-10-20 18:36:57,2025-10-20 18:36:57,101381,3,,0,,4,English,1002166,,0,0,,1,0,,1,295,(GMT 1:00) Central European Time (Africa/Algiers),True
1934,@EG@4af0839492c7def78858c21bd0b11d43,,Betika,1112,Kenya,1002165,,KES,77,Kenyan Shilling,KES,,dd/MM/yyyy,2,,,2025-10-20 05:00:00,"#,###.##",DD/MM/YYYY,2025-10-20 18:26:33,2025-10-20 18:26:33,101380,1,,0,,4,English,1002165,,0,0,,1,0,,3,394,(GMT 3:00) Eastern African Time (Africa/Addis_Ababa),True
1933,@EG@f8b23d30fe65336405730486581011b4,,douhaichao-t2,1045,China,1002164,,CNY,34,Yuan Renminbi,CNY,,yyyy-MM-dd,2,,,2025-10-20 00:00:00,"#,###.##",YYYY-MM-DD,2025-10-20 18:20:00,2025-10-20 18:20:00,101379,4,,0,,4,English,1002164,,0,0,,1,0,,8,486,(GMT 8:00) China Standard Time (Asia/Chongqing),True
1929,@EG@92365d166af6fb05adc8fcd67e9cee7e,,UNIQUE COLLECTIONS,1112,Kenya,1002160,,KES,77,Kenyan Shilling,KES,,dd/MM/yyyy,2,,,2025-10-20 05:00:00,"#,###.##",DD/MM/YYYY,2025-10-20 18:08:16,2025-10-20 18:08:16,101378,14,,0,,4,English,1002160,,0,0,,1,0,,3,394,(GMT 3:00) Eastern African Time (Africa/Addis_Ababa),True
1927,@EG@76d92dc903930089e99a09d29754ddc1,,Menengai,1112,Kenya,1002158,,KES,77,Kenyan Shilling,KES,,dd/MM/yyyy,2,,,2025-10-20 05:00:00,"#,###.##",DD/MM/YYYY,2025-10-20 17:40:24,2025-10-20 17:40:24,101377,32,,0,,4,English,1002158,,0,0,,1,0,,3,394,(GMT 3:00) Eastern African Time (Africa/Addis_Ababa),True
1926,@EG@ef4b0693f03e099dd318cefa6008cbbd,,Abdirahman7kng,1195,Somalia,1002157,,SOS,135,Somali Shilling,S,,dd/MM/yyyy,2,,,2025-10-20 05:00:00,"#,###.##",DD/MM/YYYY,2025-10-20 17:38:15,2025-10-20 17:38:15,101376,5,,0,,4,English,1002157,,0,0,,1,0,,3,410,(GMT 3:00) GMT+03:00 (Etc/GMT-3),True
1925,@EG@eddaabecd6c6682eadc2b33121a19c90,,Mugukim wholesale,1112,Kenya,1002156,,KES,77,Kenyan Shilling,KES,,dd/MM/yyyy,2,,,2025-10-20 05:00:00,"#,###.##",DD/MM/YYYY,2025-10-20 17:28:20,2025-10-20 17:28:20,101375,3,,0,,4,English,1002156,,0,0,,1,0,,3,394,(GMT 3:00) Eastern African Time (Africa/Addis_Ababa),True
1924,@EG@f080230530d3d4f4fb7a4cedfa3ae50d,,Data entry,1112,Kenya,1002155,,KES,77,Kenyan Shilling,KES,,dd/MM/yyyy,2,,,2025-10-20 05:00:00,"#,###.##",DD/MM/YYYY,2025-10-20 17:20:32,2025-10-20 17:20:32,101374,16,,0,,4,English,1002155,,0,0,,1,0,,3,394,(GMT 3:00) Eastern African Time (Africa/Addis_Ababa),True
1923,@EG@5e2830a86e612ab79cf6f4f6df27e678,,Rockye Mungai,1112,Kenya,1002154,,KES,77,Kenyan Shilling,KES,,dd/MM/yyyy,2,,,2025-10-20 05:00:00,"#,###.##",DD/MM/YYYY,2025-10-20 16:25:17,2025-10-20 16:25:17,101373,7,,0,,4,English,1002154,,0,0,,1,0,,3,394,(GMT 3:00) Eastern African Time (Africa/Addis_Ababa),True
1922,@EG@36b5cbc47b4f297f030b4fb6c113d761,,Furniture palace ,1112,Kenya,1002153,,KES,77,Kenyan Shilling,KES,,dd/MM/yyyy,2,,,2025-10-20 05:00:00,"#,###.##",DD/MM/YYYY,2025-10-20 16:24:27,2025-10-20 16:24:27,101372,1,,0,,4,English,1002153,,0,0,,1,0,,3,394,(GMT 3:00) Eastern African Time (Africa/Addis_Ababa),True
1920,@EG@c853ca62f0977bbb301ae92cad0703f1,,Jc Sam,1112,Kenya,1002151,,KES,77,Kenyan Shilling,KES,,dd/MM/yyyy,2,,,2025-10-20 05:00:00,"#,###.##",DD/MM/YYYY,2025-10-20 16:08:13,2025-10-20 16:08:13,101371,3,,0,,4,English,1002151,,0,0,,1,0,,3,394,(GMT 3:00) Eastern African Time (Africa/Addis_Ababa),True
1919,@EG@de4de638c381b11ac4794be2bb46dc8a,,Thomas Kuti,1112,Kenya,1002150,,KES,77,Kenyan Shilling,KES,,dd/MM/yyyy,2,,,2025-10-20 05:00:00,"#,###.##",DD/MM/YYYY,2025-10-20 15:57:21,2025-10-20 15:57:21,101370,22,,0,,4,English,1002150,,0,0,,1,0,,3,394,(GMT 3:00) Eastern African Time (Africa/Addis_Ababa),True
1915,@EG@d1c08f875ecab4547ff924cbc54f95cf,,George Kamau,1112,Kenya,1002146,,KES,77,Kenyan Shilling,KES,,dd/MM/yyyy,2,,,2025-10-20 05:00:00,"#,###.##",DD/MM/YYYY,2025-10-20 14:53:33,2025-10-20 14:53:33,101369,7,,0,,4,English,1002146,,0,0,,1,0,,3,394,(GMT 3:00) Eastern African Time (Africa/Addis_Ababa),True
1913,@EG@cffbcf7107c89bef4714783c9bb50f98,,Trapkid Musa,1112,Kenya,1002144,,KES,77,Kenyan Shilling,KES,,dd/MM/yyyy,2,,,2025-10-20 05:00:00,"#,###.##",DD/MM/YYYY,2025-10-20 14:44:08,2025-10-20 14:44:08,101368,1,,0,,4,English,1002144,,0,0,,1,0,,3,394,(GMT 3:00) Eastern African Time (Africa/Addis_Ababa),True
1912,@EG@6b107e0ba84265727cfc025031f0bfc2,,Dennis electricals,1112,Kenya,1002143,,KES,77,Kenyan Shilling,KES,,dd/MM/yyyy,2,,,2025-10-20 05:00:00,"#,###.##",DD/MM/YYYY,2025-10-20 14:40:06,2025-10-20 14:40:06,101367,22,,0,,4,English,1002143,,0,0,,1,0,,3,394,(GMT 3:00) Eastern African Time (Africa/Addis_Ababa),True
1910,@EG@b4e144be447484a875a04f60ae6783eb,,NYS,1112,Kenya,1002141,,KES,77,Kenyan Shilling,KES,,dd/MM/yyyy,2,,,2025-10-20 05:00:00,"#,###.##",DD/MM/YYYY,2025-10-20 14:23:47,2025-10-20 14:23:47,101366,7,,0,,4,English,1002141,,0,0,,1,0,,3,394,(GMT 3:00) Eastern African Time (Africa/Addis_Ababa),True
1909,@EG@20a0f2782f24dd003aa498019cc4a2db,,Null,1112,Kenya,1002140,,KES,77,Kenyan Shilling,KES,,dd/MM/yyyy,2,,,2025-10-20 05:00:00,"#,###.##",DD/MM/YYYY,2025-10-20 14:10:33,2025-10-20 14:10:33,101365,2,,0,,4,English,1002140,,0,0,,1,0,,3,394,(GMT 3:00) Eastern African Time (Africa/Addis_Ababa),True
1908,@EG@ce16a41ac209d9ddbda3da3a94e0985a,,Eutycus wanjau,1112,Kenya,1002139,,KES,77,Kenyan Shilling,KES,,dd/MM/yyyy,2,,,2025-10-20 05:00:00,"#,###.##",DD/MM/YYYY,2025-10-20 14:02:33,2025-10-20 14:02:33,101364,1,,0,,4,English,1002139,,0,0,,1,0,,3,394,(GMT 3:00) Eastern African Time (Africa/Addis_Ababa),True
1907,@EG@3293c25bef8f345b9842d722371ab7c3,,Gladys company,1112,Kenya,1002138,,KES,77,Kenyan Shilling,KES,,dd/MM/yyyy,2,,,2025-10-20 05:00:00,"#,###.##",DD/MM/YYYY,2025-10-20 14:00:51,2025-10-20 14:00:51,101363,4,,0,,4,English,1002138,,0,0,,1,0,,3,394,(GMT 3:00) Eastern African Time (Africa/Addis_Ababa),True
1906,@EG@d487cd0fdb55a44a834d39fe2a1d4c15,,Intercity secure home ltd,1112,Kenya,1002137,,KES,77,Kenyan Shilling,KES,,dd/MM/yyyy,2,,,2025-10-20 05:00:00,"#,###.##",DD/MM/YYYY,2025-10-20 13:49:39,2025-10-20 13:49:39,101362,15,,0,,4,English,1002137,,0,0,,1,0,,3,394,(GMT 3:00) Eastern African Time (Africa/Addis_Ababa),True
1904,@EG@d370709bfe46d5faac6e7149ef958c29,,Buffalo's,1112,Kenya,1002135,,KES,77,Kenyan Shilling,KES,,dd/MM/yyyy,2,,,2025-10-20 05:00:00,"#,###.##",DD/MM/YYYY,2025-10-20 13:45:35,2025-10-20 13:45:35,101361,34,,0,,4,English,1002135,,0,0,,1,0,,3,394,(GMT 3:00) Eastern African Time (Africa/Addis_Ababa),True
1903,@EG@8a316fffa3a9b220aed7c4f0d587db9c,,James Gmwangi,1112,Kenya,1002134,,KES,77,Kenyan Shilling,KES,,dd/MM/yyyy,2,,,2025-10-20 05:00:00,"#,###.##",DD/MM/YYYY,2025-10-20 13:39:12,2025-10-20 13:39:12,101360,3,,0,,4,English,1002134,,0,0,,1,0,,3,394,(GMT 3:00) Eastern African Time (Africa/Addis_Ababa),True
1902,@EG@1dd85055deb4a7f415f536b27780d4c4,,Oscar Ozzy Osman,1112,Kenya,1002133,,KES,77,Kenyan Shilling,KES,,dd/MM/yyyy,2,,,2025-10-20 05:00:00,"#,###.##",DD/MM/YYYY,2025-10-20 13:33:11,2025-10-20 13:33:11,101359,4,,0,,4,English,1002133,,0,0,,1,0,,3,394,(GMT 3:00) Eastern African Time (Africa/Addis_Ababa),True
1901,@EG@f2c0a3f19611521310fe2a4480055bf3,,Brian Onchore,1112,Kenya,1002132,,KES,77,Kenyan Shilling,KES,,dd/MM/yyyy,2,,,2025-10-20 05:00:00,"#,###.##",DD/MM/YYYY,2025-10-20 13:20:25,2025-10-20 13:20:25,101358,1,,0,,4,English,1002132,,0,0,,1,0,,3,394,(GMT 3:00) Eastern African Time (Africa/Addis_Ababa),True
1899,@EG@1a42ba3b34f5ab76f3e81feba447e374,,IMARA HOLDINGS LIMITED,1221,Uganda,1002130,,UGX,154,Ugandan Shilling,UGX,,dd/MM/yyyy,2,,,2025-10-20 05:00:00,# ###.##,DD/MM/YYYY,2025-10-20 13:00:18,2025-10-20 13:00:18,101357,1,,0,,4,English,1002130,,0,0,,1,0,,3,394,(GMT 3:00) Eastern African Time (Africa/Addis_Ababa),True
1898,@EG@3a060bd1f999dfbd5a5ae94adef13c64,,Felixo,1112,Kenya,1002129,,KES,77,Kenyan Shilling,KES,,dd/MM/yyyy,2,,,2025-10-20 05:00:00,"#,###.##",DD/MM/YYYY,2025-10-20 12:38:18,2025-10-20 12:38:18,101356,3,,0,,4,English,1002129,,0,0,,1,0,,3,394,(GMT 3:00) Eastern African Time (Africa/Addis_Ababa),True
1893,@EG@91ddb349171acd51495acdb4d54b95f2,,The triple A arts design shop,1112,Kenya,1002124,,KES,77,Kenyan Shilling,KES,,dd/MM/yyyy,2,,,2025-10-20 05:00:00,"#,###.##",DD/MM/YYYY,2025-10-20 11:23:47,2025-10-20 11:23:47,101355,5,,0,,4,English,1002124,,0,0,,1,0,,3,394,(GMT 3:00) Eastern African Time (Africa/Addis_Ababa),True
1891,@EG@41ec444debe671ccfd90e66889faa208,,Hellen adongo,1112,Kenya,1002122,,KES,77,Kenyan Shilling,KES,,dd/MM/yyyy,2,,,2025-10-20 05:00:00,"#,###.##",DD/MM/YYYY,2025-10-20 10:56:06,2025-10-20 10:56:06,101354,4,,0,,4,English,1002122,,0,0,,1,0,,3,394,(GMT 3:00) Eastern African Time (Africa/Addis_Ababa),True
1889,@EG@87f0e46bc7adac3eda9d5287eabc761e,,Kevin ouma,1112,Kenya,1002120,,KES,77,Kenyan Shilling,KES,,dd/MM/yyyy,2,,,2025-10-20 05:00:00,"#,###.##",DD/MM/YYYY,2025-10-20 10:50:08,2025-10-20 10:50:08,101353,16,,0,,4,English,1002120,,0,0,,1,0,,3,394,(GMT 3:00) Eastern African Time (Africa/Addis_Ababa),True
1885,@EG@c8300b370508ccbfa92009c0ff821ccc,,Jones,1112,Kenya,1002116,,KES,77,Kenyan Shilling,KES,,dd/MM/yyyy,2,,,2025-10-20 05:00:00,"#,###.##",DD/MM/YYYY,2025-10-20 09:39:49,2025-10-20 09:39:49,101352,4,,0,,4,English,1002116,,0,0,,1,0,,3,394,(GMT 3:00) Eastern African Time (Africa/Addis_Ababa),True
1884,@EG@2b86167c72e17f4b8592077f91b008cb,,Haircut style,1112,Kenya,1002115,,KES,77,Kenyan Shilling,KES,,dd/MM/yyyy,2,,,2025-10-20 05:00:00,"#,###.##",DD/MM/YYYY,2025-10-20 08:59:22,2025-10-20 08:59:22,101351,5,,0,,4,English,1002115,,0,0,,1,0,,3,394,(GMT 3:00) Eastern African Time (Africa/Addis_Ababa),True
1882,@EG@97f98a44211e9fd4ca07c551e7bca9d6,,Manthisjob,1039,Canada,1002113,,CAD,27,Canadian Dollar,$,,yyyy-MM-dd,2,,,2025-10-20 13:00:00,"#,###.##",YYYY-MM-DD,2025-10-20 08:52:51,2025-10-20 08:52:51,101350,6,,0,,4,English,1002113,,0,0,,1,0,,-5,110,(GMT -5:00) Eastern Standard Time (America/Atikokan),True
1879,@EG@8815d0b6d7782c6543a5d12a179f7901,,Boma  home,1112,Kenya,1002110,,KES,77,Kenyan Shilling,KES,,dd/MM/yyyy,2,,,2025-10-20 05:00:00,"#,###.##",DD/MM/YYYY,2025-10-20 07:52:06,2025-10-20 07:52:06,101349,1,,0,,4,English,1002110,,0,0,,1,0,,3,394,(GMT 3:00) Eastern African Time (Africa/Addis_Ababa),True
1878,@EG@eaf65f33d0662468dfcbb23d4505b0ac,,chombo MABAHE,1112,Kenya,1002109,,KES,77,Kenyan Shilling,KES,,dd/MM/yyyy,2,,,2025-10-20 05:00:00,"#,###.##",DD/MM/YYYY,2025-10-20 06:49:48,2025-10-20 06:49:48,101348,1,,0,,4,English,1002109,,0,0,,1,0,,3,394,(GMT 3:00) Eastern African Time (Africa/Addis_Ababa),True
1877,@EG@0ffc6f4d7ffe823b21439f8bfcd94efb,,maxwel mukiri,1112,Kenya,1002108,,KES,77,Kenyan Shilling,KES,,dd/MM/yyyy,2,,,2025-10-20 05:00:00,"#,###.##",DD/MM/YYYY,2025-10-20 06:43:12,2025-10-20 06:43:12,101347,34,,0,,4,English,1002108,,0,0,,1,0,,3,394,(GMT 3:00) Eastern African Time (Africa/Addis_Ababa),True
1876,@EG@882931c0ee8b08f6fa8409fe69467449,,RAMNA INTERNATIONAL MOTORS,1112,Kenya,1002107,,KES,77,Kenyan Shilling,KES,,dd/MM/yyyy,2,,,2025-10-20 05:00:00,"#,###.##",DD/MM/YYYY,2025-10-20 06:30:51,2025-10-20 06:30:51,101346,14,,0,,4,English,1002107,,0,0,,1,0,,3,394,(GMT 3:00) Eastern African Time (Africa/Addis_Ababa),True
1872,@EG@621ad4910204342645f3b21f6b86f04c,,Toyota company,1112,Kenya,1002103,,KES,77,Kenyan Shilling,KES,,dd/MM/yyyy,2,,,2025-10-20 05:00:00,"#,###.##",DD/MM/YYYY,2025-10-20 05:10:27,2025-10-20 05:10:27,101345,2,,0,,4,English,1002103,,0,0,,1,0,,3,394,(GMT 3:00) Eastern African Time (Africa/Addis_Ababa),True
1868,@EG@61b5fbca02ded98ab0fb993981724672,,Pronet Trading,1112,Kenya,1002099,,KES,77,Kenyan Shilling,KES,,dd/MM/yyyy,2,,,2025-10-20 05:00:00,"#,###.##",DD/MM/YYYY,2025-10-20 02:07:41,2025-10-20 02:07:41,101344,15,,0,,4,English,1002099,,0,0,,1,0,,3,394,(GMT 3:00) Eastern African Time (Africa/Addis_Ababa),True
1867,@EG@c910f9707526bd460865653f140539fd,,Mqekp spf four pb,1112,Kenya,1002098,,KES,77,Kenyan Shilling,KES,,dd/MM/yyyy,2,,,2025-10-20 05:00:00,"#,###.##",DD/MM/YYYY,2025-10-20 02:02:33,2025-10-20 02:02:33,101343,34,,0,,4,English,1002098,,0,0,,1,0,,3,394,(GMT 3:00) Eastern African Time (Africa/Addis_Ababa),True
1866,@EG@b337b289a7bf15693cd5707bf58c8053,,Hope,1112,Kenya,1002097,,KES,77,Kenyan Shilling,KES,,dd/MM/yyyy,2,,,2025-10-20 05:00:00,"#,###.##",DD/MM/YYYY,2025-10-20 01:45:49,2025-10-20 01:45:49,101342,9,,0,,4,English,1002097,,0,0,,1,0,,3,394,(GMT 3:00) Eastern African Time (Africa/Addis_Ababa),True
1865,@EG@505300f5fa30c80347e4d613d5d234f2,,William tlimeet,1112,Kenya,1002096,,KES,77,Kenyan Shilling,KES,,dd/MM/yyyy,2,,,2025-10-20 05:00:00,"#,###.##",DD/MM/YYYY,2025-10-20 01:32:28,2025-10-20 01:32:28,101341,6,,0,,4,English,1002096,,0,0,,1,0,,3,394,(GMT 3:00) Eastern African Time (Africa/Addis_Ababa),True
1860,@EG@8612bb467e48e872df098ab257d0e1cd,,Mark Rasha,1112,Kenya,1002091,,KES,77,Kenyan Shilling,KES,,dd/MM/yyyy,2,,,2025-10-20 05:00:00,"#,###.##",DD/MM/YYYY,2025-10-20 00:52:32,2025-10-20 00:52:32,101340,34,,0,,4,English,1002091,,0,0,,1,0,,3,394,(GMT 3:00) Eastern African Time (Africa/Addis_Ababa),True
1857,@EG@da4bd6ecfcb8d67b696530c2377b26bb,,Francis Soghona,1112,Kenya,1002088,,KES,77,Kenyan Shilling,KES,,dd/MM/yyyy,2,,,2025-10-19 05:00:00,"#,###.##",DD/MM/YYYY,2025-10-19 23:56:37,2025-10-19 23:56:37,101339,4,,0,,4,English,1002088,,0,0,,1,0,,3,394,(GMT 3:00) Eastern African Time (Africa/Addis_Ababa),True
1856,@EG@991e074fe64ee96ca0c125d659754593,,Lukas Lukas wasp,1112,Kenya,1002087,,KES,77,Kenyan Shilling,KES,,dd/MM/yyyy,2,,,2025-10-19 05:00:00,"#,###.##",DD/MM/YYYY,2025-10-19 19:49:21,2025-10-19 19:49:21,101338,15,,0,,4,English,1002087,,0,0,,1,0,,3,394,(GMT 3:00) Eastern African Time (Africa/Addis_Ababa),True
1854,@EG@0428859424d303ed20df357e850161c7,,Peris Kerubo,1112,Kenya,1002085,,KES,77,Kenyan Shilling,KES,,dd/MM/yyyy,2,,,2025-10-19 05:00:00,"#,###.##",DD/MM/YYYY,2025-10-19 19:30:26,2025-10-19 19:30:26,101337,4,,0,,4,English,1002085,,0,0,,1,0,,3,394,(GMT 3:00) Eastern African Time (Africa/Addis_Ababa),True
1853,@EG@0e65f2c2708e2476d668399bbd568e16,,Marketing company of software products,1112,Kenya,1002084,,KES,77,Kenyan Shilling,KES,,dd/MM/yyyy,2,,,2025-10-19 05:00:00,"#,###.##",DD/MM/YYYY,2025-10-19 18:40:13,2025-10-19 18:40:13,101336,1,,0,,4,English,1002084,,0,0,,1,0,,3,394,(GMT 3:00) Eastern African Time (Africa/Addis_Ababa),True
1852,@EG@501f6e1530d60e340f3c76beb73ac8b1,,Farmers company,1112,Kenya,1002083,,KES,77,Kenyan Shilling,KES,,dd/MM/yyyy,2,,,2025-10-19 05:00:00,"#,###.##",DD/MM/YYYY,2025-10-19 18:31:10,2025-10-19 18:31:10,101335,1,,0,,4,English,1002083,,0,0,,1,0,,3,394,(GMT 3:00) Eastern African Time (Africa/Addis_Ababa),True
1850,@EG@f99dbb0a09354231dd2fac2871c16bb6,,Maxkili,1112,Kenya,1002081,,KES,77,Kenyan Shilling,KES,,dd/MM/yyyy,2,,,2025-10-19 05:00:00,"#,###.##",DD/MM/YYYY,2025-10-19 17:34:15,2025-10-19 17:34:15,101334,15,,0,,4,English,1002081,,0,0,,1,0,,3,394,(GMT 3:00) Eastern African Time (Africa/Addis_Ababa),True
1849,@EG@0e70c5cf74d11ac0cc832260142200f8,,Qatra quruxey shop,1112,Kenya,1002080,,KES,77,Kenyan Shilling,KES,,dd/MM/yyyy,2,,,2025-10-19 05:00:00,"#,###.##",DD/MM/YYYY,2025-10-19 16:53:27,2025-10-19 16:53:27,101333,3,,0,,4,English,1002080,,0,0,,1,0,,3,394,(GMT 3:00) Eastern African Time (Africa/Addis_Ababa),True
1848,@EG@4d8d224948184d85bf716fb02d703f90,,Bruno Omuna,1112,Kenya,1002079,,KES,77,Kenyan Shilling,KES,,dd/MM/yyyy,2,,,2025-10-19 05:00:00,"#,###.##",DD/MM/YYYY,2025-10-19 16:32:31,2025-10-19 16:32:31,101332,6,,0,,4,English,1002079,,0,0,,1,0,,3,394,(GMT 3:00) Eastern African Time (Africa/Addis_Ababa),True
1847,@EG@b4aa2aaeb4245751eba05dd0e235c670,,Dè kings fittings,1112,Kenya,1002078,,KES,77,Kenyan Shilling,KES,,dd/MM/yyyy,2,,,2025-10-19 05:00:00,"#,###.##",DD/MM/YYYY,2025-10-19 16:15:59,2025-10-19 16:15:59,101331,34,,0,,4,English,1002078,,0,0,,1,0,,3,394,(GMT 3:00) Eastern African Time (Africa/Addis_Ababa),True
1846,@EG@c2155ce076568e4cfa78f40af662514b,,ak,1195,Somalia,1002077,,SOS,135,Somali Shilling,S,,dd/MM/yyyy,2,,,2025-10-19 05:00:00,"#,###.##",DD/MM/YYYY,2025-10-19 16:13:13,2025-10-19 16:13:13,101330,4,,0,,4,English,1002077,,0,0,,1,0,,3,410,(GMT 3:00) GMT+03:00 (Etc/GMT-3),True
1845,@EG@37445ac7b4fb2556a0db3dce01e1cf9e,,Ibrahim Mohamed,1195,Somalia,1002076,,SOS,135,Somali Shilling,S,,dd/MM/yyyy,2,,,2025-10-19 05:00:00,"#,###.##",DD/MM/YYYY,2025-10-19 15:57:53,2025-10-19 15:57:53,101329,4,,0,,4,English,1002076,,0,0,,1,0,,3,410,(GMT 3:00) GMT+03:00 (Etc/GMT-3),True
1844,@EG@5dc8125aba16aeba84e9d12252d459a0,,Evansde Flaxy,1112,Kenya,1002075,,KES,77,Kenyan Shilling,KES,,dd/MM/yyyy,2,,,2025-10-19 05:00:00,"#,###.##",DD/MM/YYYY,2025-10-19 15:21:55,2025-10-19 15:21:55,101328,7,,0,,4,English,1002075,,0,0,,1,0,,3,394,(GMT 3:00) Eastern African Time (Africa/Addis_Ababa),True
1842,@EG@3ce180411093584efdf96770c790aa45,,Amina Abdi,1039,Canada,1002073,,CAD,27,Canadian Dollar,$,,yyyy-MM-dd,2,,,2025-10-19 13:00:00,"#,###.##",YYYY-MM-DD,2025-10-19 13:36:26,2025-10-19 13:36:26,101327,4,,0,,4,English,1002073,,0,0,,1,0,,-5,110,(GMT -5:00) Eastern Standard Time (America/Atikokan),True
1841,@EG@3930b269cdf109f5ee63aeb8b9bbb6a9,,Digital marketer,1112,Kenya,1002072,,KES,77,Kenyan Shilling,KES,,dd/MM/yyyy,2,,,2025-10-19 05:00:00,"#,###.##",DD/MM/YYYY,2025-10-19 13:17:22,2025-10-19 13:17:22,101326,7,,0,,4,English,1002072,,0,0,,1,0,,3,394,(GMT 3:00) Eastern African Time (Africa/Addis_Ababa),True
1838,@EG@6f5e2a1705fdf8312bb06dec8750a968,,God with us,1112,Kenya,1002069,,KES,77,Kenyan Shilling,KES,,dd/MM/yyyy,2,,,2025-10-19 05:00:00,"#,###.##",DD/MM/YYYY,2025-10-19 12:56:53,2025-10-19 12:56:53,101325,1,,0,,4,English,1002069,,0,0,,1,0,,3,394,(GMT 3:00) Eastern African Time (Africa/Addis_Ababa),True
1837,@EG@359712340e2a5d4524f64f6a90fc5436,,Kim,1112,Kenya,1002068,,KES,77,Kenyan Shilling,KES,,dd/MM/yyyy,2,,,2025-10-19 05:00:00,"#,###.##",DD/MM/YYYY,2025-10-19 12:33:35,2025-10-19 12:33:35,101324,7,,0,,4,English,1002068,,0,0,,1,0,,3,394,(GMT 3:00) Eastern African Time (Africa/Addis_Ababa),True
1835,@EG@cddef64e534ee4d2ad4dfaf01b422a35,,Africa health care network,1112,Kenya,1002066,,KES,77,Kenyan Shilling,KES,,dd/MM/yyyy,2,,,2025-10-19 05:00:00,"#,###.##",DD/MM/YYYY,2025-10-19 12:08:09,2025-10-19 12:08:09,101323,10,,0,,4,English,1002066,,0,0,,1,0,,3,394,(GMT 3:00) Eastern African Time (Africa/Addis_Ababa),True
1834,@EG@3a9f31b89568f790ae3f55b86d042454,,Sunrise greens k,1112,Kenya,1002065,,KES,77,Kenyan Shilling,KES,,dd/MM/yyyy,2,,,2025-10-19 05:00:00,"#,###.##",DD/MM/YYYY,2025-10-19 11:46:17,2025-10-19 11:46:17,101322,7,,0,,4,English,1002065,,0,0,,1,0,,3,394,(GMT 3:00) Eastern African Time (Africa/Addis_Ababa),True
1832,@EG@b5eea8bf8836b19c0292657477cb8e93,,Martinale,1112,Kenya,1002063,,KES,77,Kenyan Shilling,KES,,dd/MM/yyyy,2,,,2025-10-19 05:00:00,"#,###.##",DD/MM/YYYY,2025-10-19 11:27:09,2025-10-19 11:27:09,101321,4,,0,,4,English,1002063,,0,0,,1,0,,3,394,(GMT 3:00) Eastern African Time (Africa/Addis_Ababa),True
1825,@EG@4e542763ba34b2448cdfd58257d8e5d3,,Tonny colections,1112,Kenya,1002056,,KES,77,Kenyan Shilling,KES,,dd/MM/yyyy,2,,,2025-10-19 05:00:00,"#,###.##",DD/MM/YYYY,2025-10-19 00:36:55,2025-10-19 00:36:55,101319,34,,0,,4,English,1002056,,0,0,,1,0,,3,394,(GMT 3:00) Eastern African Time (Africa/Addis_Ababa),True
1823,@EG@b77ce59702e28bdf78bae4d8f33f29ac,,Mr Shifa,1112,Kenya,1002054,,KES,77,Kenyan Shilling,KES,,dd/MM/yyyy,2,,,2025-10-18 05:00:00,"#,###.##",DD/MM/YYYY,2025-10-18 23:44:11,2025-10-18 23:44:11,101318,4,,0,,4,English,1002054,,0,0,,1,0,,3,394,(GMT 3:00) Eastern African Time (Africa/Addis_Ababa),True
1822,@EG@99f671a4208d5dd81992493401eefcd6,,Jaymo Deivy,1112,Kenya,1002053,,KES,77,Kenyan Shilling,KES,,dd/MM/yyyy,2,,,2025-10-18 05:00:00,"#,###.##",DD/MM/YYYY,2025-10-18 22:53:27,2025-10-18 22:53:27,101317,2,,0,,4,English,1002053,,0,0,,1,0,,3,394,(GMT 3:00) Eastern African Time (Africa/Addis_Ababa),True
1821,@EG@615a7d2aa92b5476f3c7b5ebecc59ac1,,Iso Juma,1112,Kenya,1002052,,KES,77,Kenyan Shilling,KES,,dd/MM/yyyy,2,,,2025-10-18 05:00:00,"#,###.##",DD/MM/YYYY,2025-10-18 22:43:15,2025-10-18 22:43:15,101316,7,,0,,4,English,1002052,,0,0,,1,0,,3,394,(GMT 3:00) Eastern African Time (Africa/Addis_Ababa),True
1820,@EG@e93dca87d1826274bc0dbdf7a87eaede,,Milka Akoth Okeyo,1112,Kenya,1002051,,KES,77,Kenyan Shilling,KES,,dd/MM/yyyy,2,,,2025-10-18 05:00:00,"#,###.##",DD/MM/YYYY,2025-10-18 22:27:21,2025-10-18 22:27:21,101315,7,,0,,4,English,1002051,,0,0,,1,0,,3,394,(GMT 3:00) Eastern African Time (Africa/Addis_Ababa),True
1819,@EG@7301c630c5375442cf1beb5b86d26ae4,,devick,1112,Kenya,1002050,,KES,77,Kenyan Shilling,KES,,dd/MM/yyyy,2,,,2025-10-18 05:00:00,"#,###.##",DD/MM/YYYY,2025-10-18 21:20:44,2025-10-18 21:20:44,101314,27,,0,,4,English,1002050,,0,0,,1,0,,3,394,(GMT 3:00) Eastern African Time (Africa/Addis_Ababa),True
1818,@EG@c5bc6681ff48fe5721b8f8683d106285,,Jane modern furnitures,1112,Kenya,1002049,,KES,77,Kenyan Shilling,KES,,dd/MM/yyyy,2,,,2025-10-18 05:00:00,"#,###.##",DD/MM/YYYY,2025-10-18 20:25:16,2025-10-18 20:25:16,101313,1,,0,,4,English,1002049,,0,0,,1,0,,3,394,(GMT 3:00) Eastern African Time (Africa/Addis_Ababa),True
1817,@EG@ab1e1927b7ca994edf2bf817af1b8691,,KASPER ELECTRONIC S,1112,Kenya,1002048,,KES,77,Kenyan Shilling,KES,,dd/MM/yyyy,2,,,2025-10-18 05:00:00,"#,###.##",DD/MM/YYYY,2025-10-18 19:39:15,2025-10-18 19:39:15,101312,15,,0,,4,English,1002048,,0,0,,1,0,,3,394,(GMT 3:00) Eastern African Time (Africa/Addis_Ababa),True
1815,@EG@88fd0a90eacb657a7e4935125e8ef7fa,,Millicent ininza,1112,Kenya,1002046,,KES,77,Kenyan Shilling,KES,,dd/MM/yyyy,2,,,2025-10-18 05:00:00,"#,###.##",DD/MM/YYYY,2025-10-18 18:52:51,2025-10-18 18:52:51,101311,1,,0,,4,English,1002046,,0,0,,1,0,,3,394,(GMT 3:00) Eastern African Time (Africa/Addis_Ababa),True
1814,@EG@44829424c07e63e1d704aa91de73535c,,John Machuki,1112,Kenya,1002045,,KES,77,Kenyan Shilling,KES,,dd/MM/yyyy,2,,,2025-10-18 05:00:00,"#,###.##",DD/MM/YYYY,2025-10-18 18:46:19,2025-10-18 18:46:19,101310,4,,0,,4,English,1002045,,0,0,,1,0,,3,394,(GMT 3:00) Eastern African Time (Africa/Addis_Ababa),True
1813,@EG@95c7454cc1d3071d999d42478b106a8b,,ONEINTONE GROUP,1112,Kenya,1002044,,KES,77,Kenyan Shilling,KES,,dd/MM/yyyy,2,,,2025-10-18 05:00:00,"#,###.##",DD/MM/YYYY,2025-10-18 17:47:02,2025-10-18 17:47:02,101309,14,,0,,4,English,1002044,,0,0,,1,0,,3,394,(GMT 3:00) Eastern African Time (Africa/Addis_Ababa),True
1808,@EG@1760ff8223b6c2aee22f72d95a51d120,,Nakuru farm mashines,1112,Kenya,1002039,,KES,77,Kenyan Shilling,KES,,dd/MM/yyyy,2,,,2025-10-18 05:00:00,"#,###.##",DD/MM/YYYY,2025-10-18 16:01:52,2025-10-18 16:01:52,101307,22,,0,,4,English,1002039,,0,0,,1,0,,3,394,(GMT 3:00) Eastern African Time (Africa/Addis_Ababa),True
1805,@EG@335cba267f4ff9d259794552d7cd5a16,,RENXON entertainment,1112,Kenya,1002036,,KES,77,Kenyan Shilling,KES,,dd/MM/yyyy,2,,,2025-10-18 05:00:00,"#,###.##",DD/MM/YYYY,2025-10-18 14:51:22,2025-10-18 14:51:22,101305,5,,0,,4,English,1002036,,0,0,,1,0,,3,394,(GMT 3:00) Eastern African Time (Africa/Addis_Ababa),True
1804,@EG@2d1f08b30a23ad4dbe784eeda41546fc,,Dango enterprises,1112,Kenya,1002035,,KES,77,Kenyan Shilling,KES,,dd/MM/yyyy,2,,,2025-10-18 05:00:00,"#,###.##",DD/MM/YYYY,2025-10-18 14:37:59,2025-10-18 14:37:59,101304,1,,0,,4,English,1002035,,0,0,,1,0,,3,394,(GMT 3:00) Eastern African Time (Africa/Addis_Ababa),True
1802,@EG@910405818c6b613eb54dfe2226ea99f8,,Furaha finds,1112,Kenya,1002033,,KES,77,Kenyan Shilling,KES,,dd/MM/yyyy,2,,,2025-10-18 05:00:00,"#,###.##",DD/MM/YYYY,2025-10-18 14:16:43,2025-10-18 14:16:43,101303,3,,0,,4,English,1002033,,0,0,,1,0,,3,394,(GMT 3:00) Eastern African Time (Africa/Addis_Ababa),True
1801,@EG@0ee4f12983622ada8041c2e4a849ff4a,,Galaxy booking and parcels office,1112,Kenya,1002032,,KES,77,Kenyan Shilling,KES,,dd/MM/yyyy,2,,,2025-10-18 05:00:00,"#,###.##",DD/MM/YYYY,2025-10-18 09:22:13,2025-10-18 09:22:13,101302,1,,0,,4,English,1002032,,0,0,,1,0,,3,394,(GMT 3:00) Eastern African Time (Africa/Addis_Ababa),True
1798,@EG@c16443192f4bd091eec3f127b5a5c3a3,,Very tv,1112,Kenya,1002029,,KES,77,Kenyan Shilling,KES,,dd/MM/yyyy,2,,,2025-10-18 05:00:00,"#,###.##",DD/MM/YYYY,2025-10-18 06:58:30,2025-10-18 06:58:30,101301,1,,0,,4,English,1002029,,0,0,,1,0,,3,394,(GMT 3:00) Eastern African Time (Africa/Addis_Ababa),True
1797,@EG@31ff2fb235b56126a2f205b846b5503e,,Wali Abdullahi,1112,Kenya,1002028,,KES,77,Kenyan Shilling,KES,,dd/MM/yyyy,2,,,2025-10-18 05:00:00,"#,###.##",DD/MM/YYYY,2025-10-18 06:39:36,2025-10-18 06:39:36,101300,3,,0,,4,English,1002028,,0,0,,1,0,,3,394,(GMT 3:00) Eastern African Time (Africa/Addis_Ababa),True
1796,@EG@b1faaace9b625dc2a8a7ca44c0025e55,,Farmer,1112,Kenya,1002027,,KES,77,Kenyan Shilling,KES,,dd/MM/yyyy,2,,,2025-10-18 05:00:00,"#,###.##",DD/MM/YYYY,2025-10-18 04:36:58,2025-10-18 04:36:58,101299,6,,0,,4,English,1002027,,0,0,,1,0,,3,394,(GMT 3:00) Eastern African Time (Africa/Addis_Ababa),True
1795,@EG@fef1288db81ae106f44c190238162a95,,Anfac,1112,Kenya,1002026,,KES,77,Kenyan Shilling,KES,,dd/MM/yyyy,2,,,2025-10-18 05:00:00,"#,###.##",DD/MM/YYYY,2025-10-18 04:28:41,2025-10-18 04:28:41,101298,7,,0,,4,English,1002026,,0,0,,1,0,,3,394,(GMT 3:00) Eastern African Time (Africa/Addis_Ababa),True
1794,@EG@0bc9dd32afa7eff4f44c4a09b6a3ad3a,,Mount Hamon,1039,Canada,1002025,,CAD,27,Canadian Dollar,$,,yyyy-MM-dd,2,,,2025-10-18 13:00:00,"#,###.##",YYYY-MM-DD,2025-10-18 04:25:22,2025-10-18 04:25:22,101297,16,,0,,4,English,1002025,,0,0,,1,0,,-5,110,(GMT -5:00) Eastern Standard Time (America/Atikokan),True
1792,@EG@a010080b76aab7b404b67ca4a5ee804e,,PETAGE STORES,1112,Kenya,1002023,,KES,77,Kenyan Shilling,KES,,dd/MM/yyyy,2,,,2025-10-18 05:00:00,"#,###.##",DD/MM/YYYY,2025-10-18 04:15:05,2025-10-18 04:15:05,101295,3,,0,,4,English,1002023,,0,0,,1,0,,3,394,(GMT 3:00) Eastern African Time (Africa/Addis_Ababa),True
1791,@EG@60f3e4024be669191770af1b6c039af3,,Engineer O'life Electronics and phones,1112,Kenya,1002022,,KES,77,Kenyan Shilling,KES,,dd/MM/yyyy,2,,,2025-10-18 05:00:00,"#,###.##",DD/MM/YYYY,2025-10-18 04:19:22,2025-10-18 04:19:22,101296,34,,0,,4,English,1002022,,0,0,,1,0,,3,394,(GMT 3:00) Eastern African Time (Africa/Addis_Ababa),True
1790,@EG@ab73421b4d4815dee526d08e56257946,,Easy phone centre,1112,Kenya,1002021,,KES,77,Kenyan Shilling,KES,,dd/MM/yyyy,2,,,2025-10-18 05:00:00,"#,###.##",DD/MM/YYYY,2025-10-18 04:02:49,2025-10-18 04:02:49,101294,1,,0,,4,English,1002021,,0,0,,1,0,,3,394,(GMT 3:00) Eastern African Time (Africa/Addis_Ababa),True
1788,@EG@c1c245ba4d4bc2f4206002bd699c4add,,Francis Nyaule,1112,Kenya,1002019,,KES,77,Kenyan Shilling,KES,,dd/MM/yyyy,2,,,2025-10-18 05:00:00,"#,###.##",DD/MM/YYYY,2025-10-18 03:37:06,2025-10-18 03:37:06,101293,14,,0,,4,English,1002019,,0,0,,1,0,,3,394,(GMT 3:00) Eastern African Time (Africa/Addis_Ababa),True
1787,@EG@2a179d6683b10b0b650a436c0a341df9,,Kenneth Kipchumba,1112,Kenya,1002018,,KES,77,Kenyan Shilling,KES,,dd/MM/yyyy,2,,,2025-10-18 05:00:00,"#,###.##",DD/MM/YYYY,2025-10-18 02:45:27,2025-10-18 02:45:27,101292,12,,0,,4,English,1002018,,0,0,,1,0,,3,394,(GMT 3:00) Eastern African Time (Africa/Addis_Ababa),True
1785,@EG@afaa13095fa1882e6e972845a6b90b8c,,Orthomed health supplies,1112,Kenya,1002016,,KES,77,Kenyan Shilling,KES,,dd/MM/yyyy,2,,,2025-10-18 05:00:00,"#,###.##",DD/MM/YYYY,2025-10-18 02:20:23,2025-10-18 02:20:23,101291,10,,0,,4,English,1002016,,0,0,,1,0,,3,394,(GMT 3:00) Eastern African Time (Africa/Addis_Ababa),True
1783,@EG@024b9173596f9a418a7fde430f43801e,,PHONIX PACKAGING LIMITED,1112,Kenya,1002014,,KES,77,Kenyan Shilling,KES,,dd/MM/yyyy,2,,,2025-10-18 05:00:00,"#,###.##",DD/MM/YYYY,2025-10-18 00:53:39,2025-10-18 00:53:39,101289,3,,0,,4,English,1002014,,0,0,,1,0,,3,394,(GMT 3:00) Eastern African Time (Africa/Addis_Ababa),True
1782,@EG@739c6f1e96dd5dab1b9b39d4dc7e0fe5,,Valtour land investment,1112,Kenya,1002013,,KES,77,Kenyan Shilling,KES,,dd/MM/yyyy,2,,,2025-10-18 05:00:00,"#,###.##",DD/MM/YYYY,2025-10-18 00:55:37,2025-10-18 00:55:37,101290,1,,0,,4,English,1002013,,0,0,,1,0,,3,394,(GMT 3:00) Eastern African Time (Africa/Addis_Ababa),True
1781,@EG@f20e7c94de8b941d41bf016333deb03f,,Msofy,1112,Kenya,1002012,,KES,77,Kenyan Shilling,KES,,dd/MM/yyyy,2,,,2025-10-18 05:00:00,"#,###.##",DD/MM/YYYY,2025-10-18 00:29:32,2025-10-18 00:29:32,101288,6,,0,,4,English,1002012,,0,0,,1,0,,3,394,(GMT 3:00) Eastern African Time (Africa/Addis_Ababa),True
1780,@EG@0444445db58a5a3ab91ae257e3f8819a,,Gatobu entertainment,1112,Kenya,1002011,,KES,77,Kenyan Shilling,KES,,dd/MM/yyyy,2,,,2025-10-17 05:00:00,"#,###.##",DD/MM/YYYY,2025-10-17 23:52:20,2025-10-17 23:52:20,101287,1,,0,,4,English,1002011,,0,0,,1,0,,3,394,(GMT 3:00) Eastern African Time (Africa/Addis_Ababa),True
1779,@EG@6ee1323f247b6adee8a8f9c1acc3ee14,,Ibrahim's sales,1112,Kenya,1002010,,KES,77,Kenyan Shilling,KES,,dd/MM/yyyy,2,,,2025-10-17 05:00:00,"#,###.##",DD/MM/YYYY,2025-10-17 23:36:39,2025-10-17 23:36:39,101286,1,,0,,4,English,1002010,,0,0,,1,0,,3,394,(GMT 3:00) Eastern African Time (Africa/Addis_Ababa),True
1776,@EG@8a0385f6a487cbd96da3549a8c413b77,,Accounting solutions,1112,Kenya,1002007,,KES,77,Kenyan Shilling,KES,,dd/MM/yyyy,2,,,2025-10-17 05:00:00,"#,###.##",DD/MM/YYYY,2025-10-17 22:11:55,2025-10-17 22:11:55,101285,3,,0,,4,English,1002007,,0,0,,1,0,,3,394,(GMT 3:00) Eastern African Time (Africa/Addis_Ababa),True
1775,@EG@318540482caec916bc33b7a39a5e88a3,,Hays,1112,Kenya,1002006,,KES,77,Kenyan Shilling,KES,,dd/MM/yyyy,2,,,2025-10-17 05:00:00,"#,###.##",DD/MM/YYYY,2025-10-17 21:47:10,2025-10-17 21:47:10,101284,12,,0,,4,English,1002006,,0,0,,1,0,,3,394,(GMT 3:00) Eastern African Time (Africa/Addis_Ababa),True
1774,@EG@b06a5ff3654793b2fb847612d7265896,,inua jamii,1112,Kenya,1002005,,KES,77,Kenyan Shilling,KES,,dd/MM/yyyy,2,,,2025-10-17 05:00:00,"#,###.##",DD/MM/YYYY,2025-10-17 21:41:52,2025-10-17 21:41:52,101283,1,,0,,4,English,1002005,,0,0,,1,0,,3,394,(GMT 3:00) Eastern African Time (Africa/Addis_Ababa),True
1773,@EG@2282dbd1e0377ea9f633dc82fbed93c2,,Wa ann green grocers and serious.,1112,Kenya,1002004,,KES,77,Kenyan Shilling,KES,,dd/MM/yyyy,2,,,2025-10-17 05:00:00,"#,###.##",DD/MM/YYYY,2025-10-17 21:35:40,2025-10-17 21:35:40,101282,7,,0,,4,English,1002004,,0,0,,1,0,,3,394,(GMT 3:00) Eastern African Time (Africa/Addis_Ababa),True
1770,@EG@e803367ddfe9fc990233a172caa3023c,,Kepcord  micro credit enterprise,1112,Kenya,1002001,,KES,77,Kenyan Shilling,KES,,dd/MM/yyyy,2,,,2025-10-17 05:00:00,"#,###.##",DD/MM/YYYY,2025-10-17 21:01:39,2025-10-17 21:01:39,101280,6,,0,,4,English,1002001,,0,0,,1,0,,3,394,(GMT 3:00) Eastern African Time (Africa/Addis_Ababa),True
1769,@EG@5a6ab7a48c78c3e49597e26642fb4d94,,Duomart electronic,1112,Kenya,1002000,,KES,77,Kenyan Shilling,KES,,dd/MM/yyyy,2,,,2025-10-17 05:00:00,"#,###.##",DD/MM/YYYY,2025-10-17 21:02:46,2025-10-17 21:02:46,101281,33,,0,,4,English,1002000,,0,0,,1,0,,3,394,(GMT 3:00) Eastern African Time (Africa/Addis_Ababa),True
1768,@EG@a073429eca154215cfc321ae7dff9d26,,Bethwel Kiprotich,1112,Kenya,1001999,,KES,77,Kenyan Shilling,KES,,dd/MM/yyyy,2,,,2025-10-17 05:00:00,"#,###.##",DD/MM/YYYY,2025-10-17 20:36:32,2025-10-17 20:36:32,101279,3,,0,,4,English,1001999,,0,0,,1,0,,3,394,(GMT 3:00) Eastern African Time (Africa/Addis_Ababa),True
1767,@EG@c2708b45fbfb6e631e06f77015f80aae,,Conjestina,1112,Kenya,1001998,,KES,77,Kenyan Shilling,KES,,dd/MM/yyyy,2,,,2025-10-17 05:00:00,"#,###.##",DD/MM/YYYY,2025-10-17 20:34:19,2025-10-17 20:34:19,101278,3,,0,,4,English,1001998,,0,0,,1,0,,3,394,(GMT 3:00) Eastern African Time (Africa/Addis_Ababa),True
1765,@EG@3ef1b2afcb2f16955864d2d58c8969a2,,Caneyways int'l,1112,Kenya,1001996,,KES,77,Kenyan Shilling,KES,,dd/MM/yyyy,2,,,2025-10-17 05:00:00,"#,###.##",DD/MM/YYYY,2025-10-17 20:08:19,2025-10-17 20:08:19,101276,3,,0,,4,English,1001996,,0,0,,1,0,,3,394,(GMT 3:00) Eastern African Time (Africa/Addis_Ababa),True
1764,@EG@f89d9ebd10f0a2a7e82f6cbfedc35f27,,Kathy john company,1112,Kenya,1001995,,KES,77,Kenyan Shilling,KES,,dd/MM/yyyy,2,,,2025-10-17 05:00:00,"#,###.##",DD/MM/YYYY,2025-10-17 20:08:42,2025-10-17 20:08:42,101277,27,,0,,4,English,1001995,,0,0,,1,0,,3,394,(GMT 3:00) Eastern African Time (Africa/Addis_Ababa),True
1763,@EG@2940a6718b4d991cd2b1dc6326c8f7aa,,Epsam Global,1112,Kenya,1001994,,KES,77,Kenyan Shilling,KES,,dd/MM/yyyy,2,,,2025-10-17 05:00:00,"#,###.##",DD/MM/YYYY,2025-10-17 20:01:20,2025-10-17 20:01:20,101275,10,,0,,4,English,1001994,,0,0,,1,0,,3,394,(GMT 3:00) Eastern African Time (Africa/Addis_Ababa),True
1762,@EG@ef25dfefc2d3b08a32c3fb2231440196,,Nyama Box,1112,Kenya,1001993,,KES,77,Kenyan Shilling,KES,,dd/MM/yyyy,2,,,2025-10-17 05:00:00,"#,###.##",DD/MM/YYYY,2025-10-17 19:58:06,2025-10-17 19:58:06,101274,30,,0,,4,English,1001993,,0,0,,1,0,,3,394,(GMT 3:00) Eastern African Time (Africa/Addis_Ababa),True
1761,@EG@8d7a79e1f6e3c473d8c0029ffc2b83f7,,Kibako enterprises,1112,Kenya,1001992,,KES,77,Kenyan Shilling,KES,,dd/MM/yyyy,2,,,2025-10-17 05:00:00,"#,###.##",DD/MM/YYYY,2025-10-17 19:51:20,2025-10-17 19:51:20,101273,7,,0,,4,English,1001992,,0,0,,1,0,,3,394,(GMT 3:00) Eastern African Time (Africa/Addis_Ababa),True
1760,@EG@cea2a5cdcde551f898a0e227ef114ade,,frankline lmt ,1112,Kenya,1001991,,KES,77,Kenyan Shilling,KES,,dd/MM/yyyy,2,,,2025-10-17 05:00:00,"#,###.##",DD/MM/YYYY,2025-10-17 19:48:04,2025-10-17 19:48:04,101272,3,,0,,4,English,1001991,,0,0,,1,0,,3,394,(GMT 3:00) Eastern African Time (Africa/Addis_Ababa),True
1759,@EG@734836dedfe1c75ef00a2bba7155f5d4,,Samfix plumbing company,1112,Kenya,1001990,,KES,77,Kenyan Shilling,KES,,dd/MM/yyyy,2,,,2025-10-17 05:00:00,"#,###.##",DD/MM/YYYY,2025-10-17 19:47:15,2025-10-17 19:47:15,101271,27,,0,,4,English,1001990,,0,0,,1,0,,3,394,(GMT 3:00) Eastern African Time (Africa/Addis_Ababa),True
1758,@EG@1f406d7a4357041d2ec6a8a8e390e61c,,John Bowman,1112,Kenya,1001989,,KES,77,Kenyan Shilling,KES,,dd/MM/yyyy,2,,,2025-10-17 05:00:00,"#,###.##",DD/MM/YYYY,2025-10-17 19:36:50,2025-10-17 19:36:50,101270,3,,0,,4,English,1001989,,0,0,,1,0,,3,394,(GMT 3:00) Eastern African Time (Africa/Addis_Ababa),True
1757,@EG@b428843d738c58c594c85dc5a308dfbe,,BFC FIRST FOODS AND HOTEL,1112,Kenya,1001988,,KES,77,Kenyan Shilling,KES,,dd/MM/yyyy,2,,,2025-10-17 05:00:00,"#,###.##",DD/MM/YYYY,2025-10-17 19:19:30,2025-10-17 19:19:30,101269,7,,0,,4,English,1001988,,0,0,,1,0,,3,394,(GMT 3:00) Eastern African Time (Africa/Addis_Ababa),True
1755,@EG@ea315e800c85fb50d5df001075b136fb,,Jackson Ngumo,1112,Kenya,1001986,,KES,77,Kenyan Shilling,KES,,dd/MM/yyyy,2,,,2025-10-17 05:00:00,"#,###.##",DD/MM/YYYY,2025-10-17 17:16:30,2025-10-17 17:16:30,101268,1,,0,,4,English,1001986,,0,0,,1,0,,3,394,(GMT 3:00) Eastern African Time (Africa/Addis_Ababa),True
1754,@EG@096b9883fd0b0b4c1ec82d36c7347163,,TEACHER,1112,Kenya,1001985,,KES,77,Kenyan Shilling,KES,,dd/MM/yyyy,2,,,2025-10-17 05:00:00,"#,###.##",DD/MM/YYYY,2025-10-17 17:13:31,2025-10-17 17:13:31,101267,4,,0,,4,English,1001985,,0,0,,1,0,,3,394,(GMT 3:00) Eastern African Time (Africa/Addis_Ababa),True
1752,@EG@c62b5b2e0619ed52ff89fb2692be8d98,,Bouquet,1112,Kenya,1001983,,KES,77,Kenyan Shilling,KES,,dd/MM/yyyy,2,,,2025-10-17 05:00:00,"#,###.##",DD/MM/YYYY,2025-10-17 16:36:05,2025-10-17 16:36:05,101264,33,,0,,4,English,1001983,,0,0,,1,0,,3,394,(GMT 3:00) Eastern African Time (Africa/Addis_Ababa),True
1751,@EG@344db714252528b861088b88976c20bb,,Malls,1112,Kenya,1001982,,KES,77,Kenyan Shilling,KES,,dd/MM/yyyy,2,,,2025-10-17 05:00:00,"#,###.##",DD/MM/YYYY,2025-10-17 16:33:46,2025-10-17 16:33:46,101263,7,,0,,4,English,1001982,,0,0,,1,0,,3,394,(GMT 3:00) Eastern African Time (Africa/Addis_Ababa),True
1750,@EG@e3d99e543b28f6af24e39cf49f637c29,,G decors,1112,Kenya,1001981,,KES,77,Kenyan Shilling,KES,,dd/MM/yyyy,2,,,2025-10-17 05:00:00,"#,###.##",DD/MM/YYYY,2025-10-17 16:44:04,2025-10-17 16:44:04,101265,14,,0,,4,English,1001981,,0,0,,1,0,,3,394,(GMT 3:00) Eastern African Time (Africa/Addis_Ababa),True
1749,@EG@4edcb5755bf230446c0ec77111105779,,The Beast,1112,Kenya,1001980,,KES,77,Kenyan Shilling,KES,,dd/MM/yyyy,2,,,2025-10-17 05:00:00,"#,###.##",DD/MM/YYYY,2025-10-17 16:27:42,2025-10-17 16:27:42,101262,5,,0,,4,English,1001980,,0,0,,1,0,,3,394,(GMT 3:00) Eastern African Time (Africa/Addis_Ababa),True
1748,@EG@3043e0f229754ba0c169d0082cdb6158,,Juniors retail,1112,Kenya,1001979,,KES,77,Kenyan Shilling,KES,,dd/MM/yyyy,2,,,2025-10-17 05:00:00,"#,###.##",DD/MM/YYYY,2025-10-17 15:12:06,2025-10-17 15:12:06,101261,1,,0,,4,English,1001979,,0,0,,1,0,,3,394,(GMT 3:00) Eastern African Time (Africa/Addis_Ababa),True
1746,@EG@c808b7bfcd6bb2cfd035641eba62c642,,Fredrick Otieno Otieno,1196,South Africa,1001977,,ZAR,171,South African Rand,R,,yyyy-MM-dd,2,,,2025-10-17 06:00:00,"#.###,##",YYYY-MM-DD,2025-10-17 14:38:23,2025-10-17 14:38:23,101260,5,,0,,4,English,1001977,,0,0,,1,0,,2,353,(GMT 2:00) South Africa Standard Time (Africa/Johannesburg),True
1745,@EG@5a9bfa1bcdaa1b224c97f8b79e8bcb53,,yy comedy,1112,Kenya,1001976,,KES,77,Kenyan Shilling,KES,,dd/MM/yyyy,2,,,2025-10-17 05:00:00,"#,###.##",DD/MM/YYYY,2025-10-17 14:12:03,2025-10-17 14:12:03,101259,6,,0,,4,English,1001976,,0,0,,1,0,,3,394,(GMT 3:00) Eastern African Time (Africa/Addis_Ababa),True
1743,@EG@5a79da495158acd1d61a83f3a28c0322,,Yasian,1112,Kenya,1001974,,KES,77,Kenyan Shilling,KES,,dd/MM/yyyy,2,,,2025-10-17 05:00:00,"#,###.##",DD/MM/YYYY,2025-10-17 13:30:14,2025-10-17 13:30:14,101258,1,,0,,4,English,1001974,,0,0,,1,0,,3,394,(GMT 3:00) Eastern African Time (Africa/Addis_Ababa),True
1742,@EG@f717858a62fe46ea92a05d82e3b25201,,dubai nguata,1112,Kenya,1001973,,KES,77,Kenyan Shilling,KES,,dd/MM/yyyy,2,,,2025-10-17 05:00:00,"#,###.##",DD/MM/YYYY,2025-10-17 13:26:41,2025-10-17 13:26:41,101257,14,,0,,4,English,1001973,,0,0,,1,0,,3,394,(GMT 3:00) Eastern African Time (Africa/Addis_Ababa),True
1741,@EG@85109f37fc931bfbe9cca8d1eda80103,,sky lights,1112,Kenya,1001972,,KES,77,Kenyan Shilling,KES,,dd/MM/yyyy,2,,,2025-10-17 05:00:00,"#,###.##",DD/MM/YYYY,2025-10-17 12:51:09,2025-10-17 12:51:09,101256,7,,0,,4,English,1001972,,0,0,,1,0,,3,394,(GMT 3:00) Eastern African Time (Africa/Addis_Ababa),True
1740,@EG@c705865c16ff157f8068733aeccbef2b,,bity,1112,Kenya,1001971,,KES,77,Kenyan Shilling,KES,,dd/MM/yyyy,2,,,2025-10-17 05:00:00,"#,###.##",DD/MM/YYYY,2025-10-17 11:53:02,2025-10-17 11:53:02,101255,7,,0,,4,English,1001971,,0,0,,1,0,,3,394,(GMT 3:00) Eastern African Time (Africa/Addis_Ababa),True
1739,@EG@9b3a485ef94952ac485357e6e7d31585,,Abdulhafid Yassin,1112,Kenya,1001970,,KES,77,Kenyan Shilling,KES,,dd/MM/yyyy,2,,,2025-10-17 05:00:00,"#,###.##",DD/MM/YYYY,2025-10-17 11:46:51,2025-10-17 11:46:51,101254,9,,0,,4,English,1001970,,0,0,,1,0,,3,394,(GMT 3:00) Eastern African Time (Africa/Addis_Ababa),True
1738,@EG@fe35b05c9fcf7e74199dbc752cae37c7,,Nicholas Mutethia,1112,Kenya,1001969,,KES,77,Kenyan Shilling,KES,,dd/MM/yyyy,2,,,2025-10-17 05:00:00,"#,###.##",DD/MM/YYYY,2025-10-17 08:53:05,2025-10-17 08:53:05,101253,6,,0,,4,English,1001969,,0,0,,1,0,,3,394,(GMT 3:00) Eastern African Time (Africa/Addis_Ababa),True
1737,@EG@64b5e8a24f46bbb86d3ca7bb2597f907,,Mama ntilie,1112,Kenya,1001968,,KES,77,Kenyan Shilling,KES,,dd/MM/yyyy,2,,,2025-10-17 05:00:00,"#,###.##",DD/MM/YYYY,2025-10-17 06:08:16,2025-10-17 06:08:16,101252,7,,0,,4,English,1001968,,0,0,,1,0,,3,394,(GMT 3:00) Eastern African Time (Africa/Addis_Ababa),True
1736,@EG@3c410f70f9a061ba64408aa0170ae921,,Doctor Babu nyuki call now whataspp+254798920185 consultation pay now,1112,Kenya,1001967,,KES,77,Kenyan Shilling,KES,,dd/MM/yyyy,2,,,2025-10-17 05:00:00,"#,###.##",DD/MM/YYYY,2025-10-17 05:58:26,2025-10-17 05:58:26,101251,15,,0,,4,English,1001967,,0,0,,1,0,,3,394,(GMT 3:00) Eastern African Time (Africa/Addis_Ababa),True
1734,@EG@232726f7fb0c0cf2da0a6ade8b15cf44,,Jackline amagove,1112,Kenya,1001965,,KES,77,Kenyan Shilling,KES,,dd/MM/yyyy,2,,,2025-10-17 05:00:00,"#,###.##",DD/MM/YYYY,2025-10-17 03:51:29,2025-10-17 03:51:29,101250,3,,0,,4,English,1001965,,0,0,,1,0,,3,394,(GMT 3:00) Eastern African Time (Africa/Addis_Ababa),True
1733,@EG@613643684f97d213e4dd4d96a966b752,,Moreen mwemde,1112,Kenya,1001964,,KES,77,Kenyan Shilling,KES,,dd/MM/yyyy,2,,,2025-10-17 05:00:00,"#,###.##",DD/MM/YYYY,2025-10-17 03:46:43,2025-10-17 03:46:43,101249,7,,0,,4,English,1001964,,0,0,,1,0,,3,394,(GMT 3:00) Eastern African Time (Africa/Addis_Ababa),True
1732,@EG@25897c681c83b1435b2cd9a19a2f2c34,,Abdihamid,1112,Kenya,1001963,,KES,77,Kenyan Shilling,KES,,dd/MM/yyyy,2,,,2025-10-17 05:00:00,"#,###.##",DD/MM/YYYY,2025-10-17 03:45:33,2025-10-17 03:45:33,101248,7,,0,,4,English,1001963,,0,0,,1,0,,3,394,(GMT 3:00) Eastern African Time (Africa/Addis_Ababa),True
1731,@EG@3f3943704a141f2548c1fdb7dc0be1ec,,Abdiraxaman,1250,DR Congo,1001962,,XAF,165,Central African CFA Franc,XAF,,dd/MM/yyyy,2,,,2025-10-17 07:00:00,# ###.##,DD/MM/YYYY,2025-10-17 03:22:40,2025-10-17 03:22:40,101247,2,,0,,4,English,1001962,,0,0,,1,0,,1,296,(GMT 1:00) Western African Time (Africa/Bangui),True
1730,@EG@f172e6e7bdd9799776532da8bd0cff4f,,Joseph,1112,Kenya,1001961,,KES,77,Kenyan Shilling,KES,,dd/MM/yyyy,2,,,2025-10-17 05:00:00,"#,###.##",DD/MM/YYYY,2025-10-17 03:12:35,2025-10-17 03:12:35,101246,27,,0,,4,English,1001961,,0,0,,1,0,,3,394,(GMT 3:00) Eastern African Time (Africa/Addis_Ababa),True
1729,@EG@a700fb601dbbfc39dcf9e2a15fbc6644,,Samson,1112,Kenya,1001960,,KES,77,Kenyan Shilling,KES,,dd/MM/yyyy,2,,,2025-10-17 05:00:00,"#,###.##",DD/MM/YYYY,2025-10-17 03:07:51,2025-10-17 03:07:51,101245,7,,0,,4,English,1001960,,0,0,,1,0,,3,394,(GMT 3:00) Eastern African Time (Africa/Addis_Ababa),True
1727,@EG@cfd6518f4dd689f2f251d73e2e329d12,,Karen akinyi,1112,Kenya,1001958,,KES,77,Kenyan Shilling,KES,,dd/MM/yyyy,2,,,2025-10-17 05:00:00,"#,###.##",DD/MM/YYYY,2025-10-17 02:23:18,2025-10-17 02:23:18,101244,2,,0,,4,English,1001958,,0,0,,1,0,,3,394,(GMT 3:00) Eastern African Time (Africa/Addis_Ababa),True
1726,@EG@db06ad1971a847a6703a285d5299ae9d,,Paul omoit iyese,1112,Kenya,1001957,,KES,77,Kenyan Shilling,KES,,dd/MM/yyyy,2,,,2025-10-17 05:00:00,"#,###.##",DD/MM/YYYY,2025-10-17 02:19:02,2025-10-17 02:19:02,101243,1,,0,,4,English,1001957,,0,0,,1,0,,3,394,(GMT 3:00) Eastern African Time (Africa/Addis_Ababa),True
1725,@EG@f79ea96e446fcb9e6aaccfc5f4e22f9c,,Abiud Masinde,1223,United Kingdom,1001956,,GBP,52,Pound Sterling,£,,dd/MM/yyyy,2,,,2025-10-17 08:00:00,"#,###.##",DD/MM/YYYY,2025-10-17 01:56:57,2025-10-17 01:56:57,101242,1,,0,,4,English,1001956,,0,0,,1,0,,0,244,(GMT 0:00) Greenwich Mean Time (Africa/Abidjan),True
1724,@EG@07418ddd11982889d711f4de8aef17c4,,Trinity shop,1112,Kenya,1001955,,KES,77,Kenyan Shilling,KES,,dd/MM/yyyy,2,,,2025-10-17 05:00:00,"#,###.##",DD/MM/YYYY,2025-10-17 01:24:32,2025-10-17 01:24:32,101241,14,,0,,4,English,1001955,,0,0,,1,0,,3,394,(GMT 3:00) Eastern African Time (Africa/Addis_Ababa),True
1723,@EG@b93f59b0c009c30df1849b175f00c425,,KEVIN GITAU,1112,Kenya,1001954,,KES,77,Kenyan Shilling,KES,,dd/MM/yyyy,2,,,2025-10-17 05:00:00,"#,###.##",DD/MM/YYYY,2025-10-17 00:51:24,2025-10-17 00:51:24,101240,3,,0,,4,English,1001954,,0,0,,1,0,,3,394,(GMT 3:00) Eastern African Time (Africa/Addis_Ababa),True
1721,@EG@39923923dbf1ecf8811c084192ed0af5,,Kelvin Ornamentalbirds,1112,Kenya,1001952,,KES,77,Kenyan Shilling,KES,,dd/MM/yyyy,2,,,2025-10-17 05:00:00,"#,###.##",DD/MM/YYYY,2025-10-17 00:35:40,2025-10-17 00:35:40,101238,30,,0,,4,English,1001952,,0,0,,1,0,,3,394,(GMT 3:00) Eastern African Time (Africa/Addis_Ababa),True
1720,@EG@1fa873c02e2bacf6f76fdd2d2af7c738,,Bubba tech,1112,Kenya,1001951,,KES,77,Kenyan Shilling,KES,,dd/MM/yyyy,2,,,2025-10-17 05:00:00,"#,###.##",DD/MM/YYYY,2025-10-17 00:24:55,2025-10-17 00:24:55,101237,4,,0,,4,English,1001951,,0,0,,1,0,,3,394,(GMT 3:00) Eastern African Time (Africa/Addis_Ababa),True
1719,@EG@588d0378e317027ca0a8c756b6a958e4,,Pevans enterprise ltd,1112,Kenya,1001950,,KES,77,Kenyan Shilling,KES,,dd/MM/yyyy,2,,,2025-10-16 05:00:00,"#,###.##",DD/MM/YYYY,2025-10-16 23:49:26,2025-10-16 23:49:26,101236,30,,0,,4,English,1001950,,0,0,,1,0,,3,394,(GMT 3:00) Eastern African Time (Africa/Addis_Ababa),True
1718,@EG@3e57cafcf96b6801b97a8771cc43b007,,My Name,1112,Kenya,1001949,,KES,77,Kenyan Shilling,KES,,dd/MM/yyyy,2,,,2025-10-16 05:00:00,"#,###.##",DD/MM/YYYY,2025-10-16 23:44:18,2025-10-16 23:44:18,101235,4,,0,,4,English,1001949,,0,0,,1,0,,3,394,(GMT 3:00) Eastern African Time (Africa/Addis_Ababa),True
1717,@EG@045ec9852cadee7a178f6257c23c76d3,,Samsan,1112,Kenya,1001948,,KES,77,Kenyan Shilling,KES,,dd/MM/yyyy,2,,,2025-10-16 05:00:00,"#,###.##",DD/MM/YYYY,2025-10-16 23:38:47,2025-10-16 23:38:47,101234,6,,0,,4,English,1001948,,0,0,,1,0,,3,394,(GMT 3:00) Eastern African Time (Africa/Addis_Ababa),True
1716,@EG@ec08ea447fdbe8801a2f46ebca4b66c9,,Liz general shop,1112,Kenya,1001947,,KES,77,Kenyan Shilling,KES,,dd/MM/yyyy,2,,,2025-10-16 05:00:00,"#,###.##",DD/MM/YYYY,2025-10-16 23:36:30,2025-10-16 23:36:30,101233,7,,0,,4,English,1001947,,0,0,,1,0,,3,394,(GMT 3:00) Eastern African Time (Africa/Addis_Ababa),True
1715,@EG@6f3fd646f3ad33daa795f5858bdb8336,,DAKTARI AMUZA,1112,Kenya,1001946,,KES,77,Kenyan Shilling,KES,,dd/MM/yyyy,2,,,2025-10-16 05:00:00,"#,###.##",DD/MM/YYYY,2025-10-16 23:24:02,2025-10-16 23:24:02,101232,12,,0,,4,English,1001946,,0,0,,1,0,,3,394,(GMT 3:00) Eastern African Time (Africa/Addis_Ababa),True
1714,@EG@56b605368224dfc8dc8c19c61c1473b0,,Versatile Enterprises,1112,Kenya,1001945,,KES,77,Kenyan Shilling,KES,,dd/MM/yyyy,2,,,2025-10-16 05:00:00,"#,###.##",DD/MM/YYYY,2025-10-16 23:20:39,2025-10-16 23:20:39,101231,21,,0,,4,English,1001945,,0,0,,1,0,,3,394,(GMT 3:00) Eastern African Time (Africa/Addis_Ababa),True
1713,@EG@993cf8fde962864f66d19465ea299c40,,Vickaly cosmetics,1112,Kenya,1001944,,KES,77,Kenyan Shilling,KES,,dd/MM/yyyy,2,,,2025-10-16 05:00:00,"#,###.##",DD/MM/YYYY,2025-10-16 23:12:12,2025-10-16 23:12:12,101230,15,,0,,4,English,1001944,,0,0,,1,0,,3,394,(GMT 3:00) Eastern African Time (Africa/Addis_Ababa),True
1711,@EG@9e3d4a26f80327273a64f8c0e093115b,,awkuku cinema,1195,Somalia,1001942,,USD,155,United States Dollar,$,,dd-MM-yyyy,2,,,2025-10-01 05:00:00,"#,###.##",DD-MM-YYYY,2025-10-17 00:40:13,2025-10-17 00:40:13,101239,5,,0,,4,English,1001942,,0,0,,1,0,,3,400,(GMT 3:00) Eastern African Time (Africa/Mogadishu),True
1711,@EG@97075a7bde9add960708b295049ac57d,,liido cinema,1195,Somalia,1001942,,USD,155,United States Dollar,$,,dd/MM/yyyy,2,,,2025-10-01 05:00:00,"#,###.##",DD/MM/YYYY,2025-10-16 22:41:08,2025-10-16 22:41:08,101229,5,,0,,4,English,1001942,,0,0,,1,0,,3,400,(GMT 3:00) Eastern African Time (Africa/Mogadishu),True
1710,@EG@21c6f5260fa671965a5247219833d47b,,Mamatshama@gmail.com,1112,Kenya,1001941,,KES,77,Kenyan Shilling,KES,,dd/MM/yyyy,2,,,2025-10-16 05:00:00,"#,###.##",DD/MM/YYYY,2025-10-16 19:58:39,2025-10-16 19:58:39,101228,3,,0,,4,English,1001941,,0,0,,1,0,,3,394,(GMT 3:00) Eastern African Time (Africa/Addis_Ababa),True
1708,@EG@28044ec435b729c4b602033b09ea1d0c,,UNITED NATIONS,1112,Kenya,1001939,,KES,77,Kenyan Shilling,KES,,dd/MM/yyyy,2,,,2025-10-16 05:00:00,"#,###.##",DD/MM/YYYY,2025-10-16 18:07:54,2025-10-16 18:07:54,101227,1,,0,,4,English,1001939,,0,0,,1,0,,3,394,(GMT 3:00) Eastern African Time (Africa/Addis_Ababa),True
1707,@EG@6836ba17465584cf4f09fe8db93d0ec6,,Lii Gitonga,1112,Kenya,1001938,,KES,77,Kenyan Shilling,KES,,dd/MM/yyyy,2,,,2025-10-16 05:00:00,"#,###.##",DD/MM/YYYY,2025-10-16 17:43:42,2025-10-16 17:43:42,101226,7,,0,,4,English,1001938,,0,0,,1,0,,3,394,(GMT 3:00) Eastern African Time (Africa/Addis_Ababa),True
1706,@EG@8707d14826821eed068d417c7b5b1977,,JeziPoint,1210,Tanzania,1001937,,TZS,152,Tanzanian Shilling,TZS,,dd/MM/yyyy,2,,,2025-10-15 05:00:00,"# ###,##",DD/MM/YYYY,2025-10-15 19:30:39,2025-10-15 19:30:39,101225,14,,0,,4,English,1001937,,0,0,,1,0,,3,394,(GMT 3:00) Eastern African Time (Africa/Addis_Ababa),True
1705,@EG@540b239065d75c9e5047ecd8143179b7,,AHMED MUSE,1112,Kenya,1001936,,KES,77,Kenyan Shilling,KES,,dd/MM/yyyy,2,,,2025-10-15 05:00:00,"#,###.##",DD/MM/YYYY,2025-10-15 17:23:00,2025-10-15 17:23:00,101224,14,,0,,4,English,1001936,,0,0,,1,0,,3,394,(GMT 3:00) Eastern African Time (Africa/Addis_Ababa),True
1704,@EG@02dedf0e61dbdd790fda83ea08b73dfd,,John Njoroge,1112,Kenya,1001935,,KES,77,Kenyan Shilling,KES,,dd/MM/yyyy,2,,,2025-10-15 05:00:00,"#,###.##",DD/MM/YYYY,2025-10-15 02:25:13,2025-10-15 02:25:13,101222,15,,0,,4,English,1001935,,0,0,,1,0,,3,394,(GMT 3:00) Eastern African Time (Africa/Addis_Ababa),True
1703,@EG@246e4cf65e7106d2893c065cab648452,,bdnets LTD,1112,Kenya,1001934,,KES,77,Kenyan Shilling,KES,,dd/MM/yyyy,2,,,2025-10-14 05:00:00,"#,###.##",DD/MM/YYYY,2025-10-14 21:12:43,2025-10-14 21:12:43,101221,27,,0,,4,English,1001934,,0,0,,1,0,,3,394,(GMT 3:00) Eastern African Time (Africa/Addis_Ababa),True
1702,@EG@d7b1b907904cbb8d085dd5e592afed4a,,kilicare,1112,Kenya,1001933,,KES,77,Kenyan Shilling,KES,,dd/MM/yyyy,2,,,2025-10-28 05:00:00,"#,###.##",DD/MM/YYYY,2025-10-28 19:52:24,2025-10-28 19:52:24,101760,1,,0,,4,English,1001933,,0,0,,1,0,,3,394,(GMT 3:00) Eastern African Time (Africa/Addis_Ababa),True
1701,@EG@acf804cf76eb940c7f2ee52c0d86dde4,,qaz,1096,Hong Kong,1001932,,HKD,61,Hong Kong Dollar,HK$,,dd/MM/yyyy,2,,,2025-10-14 00:00:00,"#.###,##",DD/MM/YYYY,2025-10-14 10:51:25,2025-10-14 10:51:25,101218,1,,0,,4,English,1001932,,0,0,,1,0,,8,488,(GMT 8:00) Hong Kong Time (Asia/Hong_Kong),True
1700,@EG@627eef278f92a26586b893f9fb7f3cdc,,Joyce Liu,1096,Hong Kong,1001931,,HKD,61,Hong Kong Dollar,HK$,,dd/MM/yyyy,2,,,2025-10-14 00:00:00,"#.###,##",DD/MM/YYYY,2025-10-14 10:14:44,2025-10-14 10:14:44,101217,1,,0,,4,English,1001931,,0,0,,1,0,,8,488,(GMT 8:00) Hong Kong Time (Asia/Hong_Kong),True
1699,@EG@522cef18aa494298c571d8b4d3628852,,Orantina Enterprises Limited,1112,Kenya,1001930,,KES,77,Kenyan Shilling,KES,,dd/MM/yyyy,2,,,2025-10-14 05:00:00,"#,###.##",DD/MM/YYYY,2025-10-14 00:20:19,2025-10-14 00:20:19,101216,30,,0,,4,English,1001930,,0,0,,1,0,,3,394,(GMT 3:00) Eastern African Time (Africa/Addis_Ababa),True
1697,@EG@8fe6e1d7b0c2221fa5f4453560a03dff,,John small,1112,Kenya,1001928,,KES,77,Kenyan Shilling,KES,,dd/MM/yyyy,2,,,2025-10-12 05:00:00,"#,###.##",DD/MM/YYYY,2025-10-12 04:52:00,2025-10-12 04:52:00,101215,30,,0,,4,English,1001928,,0,0,,1,0,,3,394,(GMT 3:00) Eastern African Time (Africa/Addis_Ababa),True
1696,@EG@bf0dc668f420986106618f831e701037,,Msimbazy Minemba,1112,Kenya,1001927,,KES,77,Kenyan Shilling,KES,,dd/MM/yyyy,2,,,2025-10-12 05:00:00,"#,###.##",DD/MM/YYYY,2025-10-12 03:58:00,2025-10-12 03:58:00,101214,7,,0,,4,English,1001927,,0,0,,1,0,,3,394,(GMT 3:00) Eastern African Time (Africa/Addis_Ababa),True
1695,@EG@2596d6bca85e3fbc14aefd0ee59a7972,,Jinja,1112,Kenya,1001926,,KES,77,Kenyan Shilling,KES,,dd/MM/yyyy,2,,,2025-10-12 05:00:00,"#,###.##",DD/MM/YYYY,2025-10-12 03:57:55,2025-10-12 03:57:55,101213,1,,0,,4,English,1001926,,0,0,,1,0,,3,394,(GMT 3:00) Eastern African Time (Africa/Addis_Ababa),True
1694,@EG@b14a0f4e646f2405eb5facd72a3765d9,,Individual,1112,Kenya,1001925,,KES,77,Kenyan Shilling,KES,,dd/MM/yyyy,2,,,2025-10-12 05:00:00,"#,###.##",DD/MM/YYYY,2025-10-12 03:38:32,2025-10-12 03:38:32,101212,34,,0,,4,English,1001925,,0,0,,1,0,,3,394,(GMT 3:00) Eastern African Time (Africa/Addis_Ababa),True
1693,@EG@4473813be5cc5ade8872fdf29d87855e,,Joseph muimi,1112,Kenya,1001924,,KES,77,Kenyan Shilling,KES,,dd/MM/yyyy,2,,,2025-10-12 05:00:00,"#,###.##",DD/MM/YYYY,2025-10-12 03:34:51,2025-10-12 03:34:51,101211,4,,0,,4,English,1001924,,0,0,,1,0,,3,394,(GMT 3:00) Eastern African Time (Africa/Addis_Ababa),True
1692,@EG@11ff552e8cd2f23f297dd55e2e48dd8c,,Samuel Okinyi,1112,Kenya,1001923,,KES,77,Kenyan Shilling,KES,,dd/MM/yyyy,2,,,2025-10-12 05:00:00,"#,###.##",DD/MM/YYYY,2025-10-12 03:23:03,2025-10-12 03:23:03,101210,4,,0,,4,English,1001923,,0,0,,1,0,,3,394,(GMT 3:00) Eastern African Time (Africa/Addis_Ababa),True
1691,@EG@8a3bb9d18091f63eb4af1f15c06414f9,,Geoffrey otieno,1112,Kenya,1001922,,KES,77,Kenyan Shilling,KES,,dd/MM/yyyy,2,,,2025-10-12 05:00:00,"#,###.##",DD/MM/YYYY,2025-10-12 03:21:41,2025-10-12 03:21:41,101209,1,,0,,4,English,1001922,,0,0,,1,0,,3,394,(GMT 3:00) Eastern African Time (Africa/Addis_Ababa),True
1690,@EG@6c2b7c1fa9fee4a7e57e6a7872719fea,,Frankline Kipkemoi koech,1112,Kenya,1001921,,KES,77,Kenyan Shilling,KES,,dd/MM/yyyy,2,,,2025-10-12 05:00:00,"#,###.##",DD/MM/YYYY,2025-10-12 00:59:11,2025-10-12 00:59:11,101207,6,,0,,4,English,1001921,,0,0,,1,0,,3,394,(GMT 3:00) Eastern African Time (Africa/Addis_Ababa),True
1688,@EG@e687f1453cd0aff459170c18bda9f474,,Binace,1112,Kenya,1001919,,KES,77,Kenyan Shilling,KES,,dd/MM/yyyy,2,,,2025-10-11 05:00:00,"#,###.##",DD/MM/YYYY,2025-10-11 23:27:03,2025-10-11 23:27:03,101206,3,,0,,4,English,1001919,,0,0,,1,0,,3,394,(GMT 3:00) Eastern African Time (Africa/Addis_Ababa),True
1686,@EG@e2495be513f4676e617376df8f784f6a,,Tiso jack of all trade,1112,Kenya,1001917,,KES,77,Kenyan Shilling,KES,,dd/MM/yyyy,2,,,2025-10-11 05:00:00,"#,###.##",DD/MM/YYYY,2025-10-11 21:38:39,2025-10-11 21:38:39,101205,7,,0,,4,English,1001917,,0,0,,1,0,,3,394,(GMT 3:00) Eastern African Time (Africa/Addis_Ababa),True
1685,@EG@fecdd43629be3a68c530838626583151,,NIGGAS COMPANY,1210,Tanzania,1001916,,TZS,152,Tanzanian Shilling,TZS,,dd/MM/yyyy,2,,,2025-10-11 05:00:00,"# ###,##",DD/MM/YYYY,2025-10-11 21:31:15,2025-10-11 21:31:15,101204,6,,0,,4,English,1001916,,0,0,,1,0,,3,394,(GMT 3:00) Eastern African Time (Africa/Addis_Ababa),True
1684,@EG@e74db978150dbf5fa777b5f86e816015,,Mesh poshomill and cereals,1112,Kenya,1001915,,KES,77,Kenyan Shilling,KES,,dd/MM/yyyy,2,,,2025-10-11 05:00:00,"#,###.##",DD/MM/YYYY,2025-10-11 20:24:20,2025-10-11 20:24:20,101202,3,,0,,4,English,1001915,,0,0,,1,0,,3,394,(GMT 3:00) Eastern African Time (Africa/Addis_Ababa),True
1683,@EG@9f3ef54da8a3a4626eb76f67b98d58df,,Inspekta Discount Shop,1112,Kenya,1001914,,KES,77,Kenyan Shilling,KES,,dd/MM/yyyy,2,,,2025-10-11 05:00:00,"#,###.##",DD/MM/YYYY,2025-10-11 20:24:50,2025-10-11 20:24:50,101203,3,,0,,4,English,1001914,,0,0,,1,0,,3,394,(GMT 3:00) Eastern African Time (Africa/Addis_Ababa),True
1682,@EG@19cde5618917deb0217b801e432b25cd,,Kapsot Junior's,1112,Kenya,1001913,,KES,77,Kenyan Shilling,KES,,dd/MM/yyyy,2,,,2025-10-11 05:00:00,"#,###.##",DD/MM/YYYY,2025-10-11 20:02:28,2025-10-11 20:02:28,101201,3,,0,,4,English,1001913,,0,0,,1,0,,3,394,(GMT 3:00) Eastern African Time (Africa/Addis_Ababa),True
1681,@EG@4bfb107c76ed1a0824193290ca4b1e14,,Mfana Tech,1210,Tanzania,1001912,,TZS,152,Tanzanian Shilling,TZS,,dd/MM/yyyy,2,,,2025-10-11 05:00:00,"# ###,##",DD/MM/YYYY,2025-10-11 18:24:44,2025-10-11 18:24:44,101200,16,,0,,4,English,1001912,,0,0,,1,0,,3,394,(GMT 3:00) Eastern African Time (Africa/Addis_Ababa),True
1680,@EG@d19370bed230037c028933f1754cac01,,Shiundu,1112,Kenya,1001911,,KES,77,Kenyan Shilling,KES,,dd/MM/yyyy,2,,,2025-10-11 05:00:00,"#,###.##",DD/MM/YYYY,2025-10-11 18:11:27,2025-10-11 18:11:27,101199,16,,0,,4,English,1001911,,0,0,,1,0,,3,394,(GMT 3:00) Eastern African Time (Africa/Addis_Ababa),True
1679,@EG@d7a69a2244878003ff020a00fdf7153c,,Great Lee,1003,Albania,1001910,,ALL,3,Albanian Lek,Lek,,dd/MM/yyyy,2,,,2025-10-11 07:00:00,# ###.##,DD/MM/YYYY,2025-10-11 17:39:50,2025-10-11 17:39:50,101198,4,,0,,4,English,1001910,,0,0,,1,0,,1,295,(GMT 1:00) Central European Time (Africa/Algiers),True
1677,@EG@e5d71e5d14adf3f35158588ad6450483,,g8,1003,Albania,1001908,,ALL,3,Albanian Lek,Lek,,dd/MM/yyyy,2,,,2025-10-11 07:00:00,# ###.##,DD/MM/YYYY,2025-10-11 17:38:23,2025-10-11 17:38:23,101197,4,,0,,4,English,1001908,,0,0,,1,0,,1,295,(GMT 1:00) Central European Time (Africa/Algiers),True
1676,@EG@75e00674d25d92ac6ab6601bd62251e8,,Gedi business shop retail,1112,Kenya,1001907,,KES,77,Kenyan Shilling,KES,,dd/MM/yyyy,2,,,2025-10-14 05:00:00,"#,###.##",DD/MM/YYYY,2025-10-14 18:01:38,2025-10-14 18:01:38,101220,14,,0,,4,English,1001907,,0,0,,1,0,,3,394,(GMT 3:00) Eastern African Time (Africa/Addis_Ababa),True
1675,@EG@0d43ce29d5f0a61c32e889340b1c596d,,肯尼亚公司,1112,Kenya,1001906,,KES,77,Kenyan Shilling,KES,,dd-MM-yyyy,2,,,2025-10-01 05:00:00,"#,###.##",DD-MM-YYYY,2025-10-15 15:31:20,2025-10-15 15:31:20,101223,,,0,,4,English,1001906,,0,0,,1,0,,3,401,(GMT 3:00) Eastern African Time (Africa/Nairobi),True
1675,@EG@8317b2bb652199c433e8d3a0b46ad2f1,,测试-注册验证20251011,1096,Hong Kong,1001906,,HKD,61,Hong Kong Dollar,HK$,,dd/MM/yyyy,2,,,2025-10-11 00:00:00,"#.###,##",DD/MM/YYYY,2025-10-11 17:00:41,2025-10-11 17:00:41,101196,1,,0,,4,English,1001906,,0,0,,1,0,,8,488,(GMT 8:00) Hong Kong Time (Asia/Hong_Kong),True
1673,@EG@d4b5e1e01425293a2e9bed254a23e475,,Phonefix,1112,Kenya,1001904,,KES,77,Kenyan Shilling,KES,,dd/MM/yyyy,2,,,2025-10-11 05:00:00,"#,###.##",DD/MM/YYYY,2025-10-11 16:23:02,2025-10-11 16:23:02,101194,1,,0,,4,English,1001904,,0,0,,1,0,,3,394,(GMT 3:00) Eastern African Time (Africa/Addis_Ababa),True
1672,@EG@47a16c556e5bcec30a96d8aed45a167a,,Joshua Patrick,1112,Kenya,1001903,,KES,77,Kenyan Shilling,KES,,dd/MM/yyyy,2,,,2025-10-11 05:00:00,"#,###.##",DD/MM/YYYY,2025-10-11 16:01:34,2025-10-11 16:01:34,101193,34,,0,,4,English,1001903,,0,0,,1,0,,3,394,(GMT 3:00) Eastern African Time (Africa/Addis_Ababa),True
1671,@EG@fda38bf59c695c6be8bf9d50645a82b8,,Advertise,1112,Kenya,1001902,,KES,77,Kenyan Shilling,KES,,dd/MM/yyyy,2,,,2025-10-11 05:00:00,"#,###.##",DD/MM/YYYY,2025-10-11 16:01:00,2025-10-11 16:01:00,101192,12,,0,,4,English,1001902,,0,0,,1,0,,3,394,(GMT 3:00) Eastern African Time (Africa/Addis_Ababa),True
1670,@EG@ced718e52ff92c58edacdcd067c8edb5,,Emraan Africa,1112,Kenya,1001901,,KES,77,Kenyan Shilling,KES,,dd/MM/yyyy,2,,,2025-10-11 05:00:00,"#,###.##",DD/MM/YYYY,2025-10-11 15:39:16,2025-10-11 15:39:16,101191,1,,0,,4,English,1001901,,0,0,,1,0,,3,394,(GMT 3:00) Eastern African Time (Africa/Addis_Ababa),True
1669,@EG@440ac77ea293ec4a3ec2ee642a5c9de3,,Jared Ondigo,1112,Kenya,1001900,,KES,77,Kenyan Shilling,KES,,dd/MM/yyyy,2,,,2025-10-11 05:00:00,"#,###.##",DD/MM/YYYY,2025-10-11 12:29:43,2025-10-11 12:29:43,101190,3,,0,,4,English,1001900,,0,0,,1,0,,3,394,(GMT 3:00) Eastern African Time (Africa/Addis_Ababa),True
1667,@EG@b851dfc1506dcb96e0eb8f398dfeab9d,,Mukhama,1112,Kenya,1001898,,KES,77,Kenyan Shilling,KES,,dd/MM/yyyy,2,,,2025-10-11 05:00:00,"#,###.##",DD/MM/YYYY,2025-10-11 12:16:30,2025-10-11 12:16:30,101188,4,,0,,4,English,1001898,,0,0,,1,0,,3,394,(GMT 3:00) Eastern African Time (Africa/Addis_Ababa),True
1665,@EG@52431b3b4a2a4de734afa138b89974e9,,Kempston,1112,Kenya,1001896,,KES,77,Kenyan Shilling,KES,,dd/MM/yyyy,2,,,2025-10-11 05:00:00,"#,###.##",DD/MM/YYYY,2025-10-11 12:13:17,2025-10-11 12:13:17,101187,3,,0,,4,English,1001896,,0,0,,1,0,,3,394,(GMT 3:00) Eastern African Time (Africa/Addis_Ababa),True
1663,@EG@33e52f73aac499d375398a9798cacb3c,,Jose Karanja,1112,Kenya,1001894,,KES,77,Kenyan Shilling,KES,,dd/MM/yyyy,2,,,2025-10-11 05:00:00,"#,###.##",DD/MM/YYYY,2025-10-11 12:08:46,2025-10-11 12:08:46,101186,5,,0,,4,English,1001894,,0,0,,1,0,,3,394,(GMT 3:00) Eastern African Time (Africa/Addis_Ababa),True
1662,@EG@09a28eb280d21a64347a2ea95d9bb8aa,,Nurki,1039,Canada,1001893,,CAD,27,Canadian Dollar,$,,yyyy-MM-dd,2,,,2025-10-11 13:00:00,"#,###.##",YYYY-MM-DD,2025-10-11 12:06:48,2025-10-11 12:06:48,101185,7,,0,,4,English,1001893,,0,0,,1,0,,-5,110,(GMT -5:00) Eastern Standard Time (America/Atikokan),True
1660,@EG@7819073f499e52836ae678ec9af96cda,,Smart choice,1112,Kenya,1001891,,KES,77,Kenyan Shilling,KES,,dd/MM/yyyy,2,,,2025-10-11 05:00:00,"#,###.##",DD/MM/YYYY,2025-10-11 12:03:23,2025-10-11 12:03:23,101184,14,,0,,4,English,1001891,,0,0,,1,0,,3,394,(GMT 3:00) Eastern African Time (Africa/Addis_Ababa),True
1659,@EG@a78cd1095f4b13800807f16dacede252,,Nira boutique,1112,Kenya,1001890,,KES,77,Kenyan Shilling,KES,,dd/MM/yyyy,2,,,2025-10-11 05:00:00,"#,###.##",DD/MM/YYYY,2025-10-11 12:02:33,2025-10-11 12:02:33,101182,3,,0,,4,English,1001890,,0,0,,1,0,,3,394,(GMT 3:00) Eastern African Time (Africa/Addis_Ababa),True
1658,@EG@2547c23299954f3f7bf9460b6f688d12,,Magadi,1112,Kenya,1001889,,KES,77,Kenyan Shilling,KES,,dd/MM/yyyy,2,,,2025-10-11 05:00:00,"#,###.##",DD/MM/YYYY,2025-10-11 12:02:55,2025-10-11 12:02:55,101183,3,,0,,4,English,1001889,,0,0,,1,0,,3,394,(GMT 3:00) Eastern African Time (Africa/Addis_Ababa),True
1657,@EG@dce4dc2ddb57537028d6788f7cf29dc0,,Jakob Okiru,1112,Kenya,1001888,,KES,77,Kenyan Shilling,KES,,dd/MM/yyyy,2,,,2025-10-11 05:00:00,"#,###.##",DD/MM/YYYY,2025-10-11 12:00:13,2025-10-11 12:00:13,101180,1,,0,,4,English,1001888,,0,0,,1,0,,3,394,(GMT 3:00) Eastern African Time (Africa/Addis_Ababa),True
1656,@EG@0cec70ab7d3dae7965b93d3a0e9f9c38,,Snowjack,1112,Kenya,1001887,,KES,77,Kenyan Shilling,KES,,dd/MM/yyyy,2,,,2025-10-11 05:00:00,"#,###.##",DD/MM/YYYY,2025-10-11 12:00:38,2025-10-11 12:00:38,101181,1,,0,,4,English,1001887,,0,0,,1,0,,3,394,(GMT 3:00) Eastern African Time (Africa/Addis_Ababa),True
1654,@EG@ca5bbe2abe4ec54d94bd03c1b825f86a,,Ali Mohamed affey,1112,Kenya,1001885,,KES,77,Kenyan Shilling,KES,,dd/MM/yyyy,2,,,2025-10-11 05:00:00,"#,###.##",DD/MM/YYYY,2025-10-11 11:56:06,2025-10-11 11:56:06,101179,34,,0,,4,English,1001885,,0,0,,1,0,,3,394,(GMT 3:00) Eastern African Time (Africa/Addis_Ababa),True
1651,@EG@f0dfbf0c9e5e685cffc859c075671844,,Babu,1112,Kenya,1001882,,KES,77,Kenyan Shilling,KES,,dd/MM/yyyy,2,,,2025-10-11 05:00:00,"#,###.##",DD/MM/YYYY,2025-10-11 11:41:41,2025-10-11 11:41:41,101178,2,,0,,4,English,1001882,,0,0,,1,0,,3,394,(GMT 3:00) Eastern African Time (Africa/Addis_Ababa),True
1650,@EG@eafb3e8965e9748d4fbe93ea99cc0126,,Chuka company,1112,Kenya,1001881,,KES,77,Kenyan Shilling,KES,,dd/MM/yyyy,2,,,2025-10-11 05:00:00,"#,###.##",DD/MM/YYYY,2025-10-11 11:39:09,2025-10-11 11:39:09,101177,30,,0,,4,English,1001881,,0,0,,1,0,,3,394,(GMT 3:00) Eastern African Time (Africa/Addis_Ababa),True
1648,@EG@ac770a59dd9b3db504730f7b376644fa,,I don't have Company name,1112,Kenya,1001879,,KES,77,Kenyan Shilling,KES,,dd/MM/yyyy,2,,,2025-10-11 05:00:00,"#,###.##",DD/MM/YYYY,2025-10-11 11:34:24,2025-10-11 11:34:24,101176,1,,0,,4,English,1001879,,0,0,,1,0,,3,394,(GMT 3:00) Eastern African Time (Africa/Addis_Ababa),True
1646,@EG@d32863463322d31e00da56c584688c04,,Empires movements,1112,Kenya,1001877,,KES,77,Kenyan Shilling,KES,,dd/MM/yyyy,2,,,2025-10-11 05:00:00,"#,###.##",DD/MM/YYYY,2025-10-11 11:27:25,2025-10-11 11:27:25,101175,1,,0,,4,English,1001877,,0,0,,1,0,,3,394,(GMT 3:00) Eastern African Time (Africa/Addis_Ababa),True
1640,@EG@fafcad525e1ce1c640d757aabd776f98,,Kenya sed company,1112,Kenya,1001871,,KES,77,Kenyan Shilling,KES,,dd/MM/yyyy,2,,,2025-10-11 05:00:00,"#,###.##",DD/MM/YYYY,2025-10-11 11:02:42,2025-10-11 11:02:42,101174,7,,0,,4,English,1001871,,0,0,,1,0,,3,394,(GMT 3:00) Eastern African Time (Africa/Addis_Ababa),True
1638,@EG@cfd9a50e1fa7e073928d8825712dda5f,,Xiza Spatah,1112,Kenya,1001869,,KES,77,Kenyan Shilling,KES,,dd/MM/yyyy,2,,,2025-10-11 05:00:00,"#,###.##",DD/MM/YYYY,2025-10-11 10:54:23,2025-10-11 10:54:23,101173,7,,0,,4,English,1001869,,0,0,,1,0,,3,394,(GMT 3:00) Eastern African Time (Africa/Addis_Ababa),True
1637,@EG@fc83f8232a241a08247c2a814ba5fadd,,Ideal paint,1112,Kenya,1001868,,KES,77,Kenyan Shilling,KES,,dd/MM/yyyy,2,,,2025-10-11 05:00:00,"#,###.##",DD/MM/YYYY,2025-10-11 10:54:15,2025-10-11 10:54:15,101172,32,,0,,4,English,1001868,,0,0,,1,0,,3,394,(GMT 3:00) Eastern African Time (Africa/Addis_Ababa),True
1636,@EG@0263a4a8db64d3678934fbe79fdc881a,,Gilbert langat,1112,Kenya,1001867,,KES,77,Kenyan Shilling,KES,,dd/MM/yyyy,2,,,2025-10-12 05:00:00,"#,###.##",DD/MM/YYYY,2025-10-12 01:36:24,2025-10-12 01:36:24,101208,34,,0,,4,English,1001867,,0,0,,1,0,,3,394,(GMT 3:00) Eastern African Time (Africa/Addis_Ababa),True
1635,@EG@bc1c7ab004f8ebdd9a59432b3cce052e,,Francis shikuku,1112,Kenya,1001866,,KES,77,Kenyan Shilling,KES,,dd/MM/yyyy,2,,,2025-10-11 05:00:00,"#,###.##",DD/MM/YYYY,2025-10-11 10:51:36,2025-10-11 10:51:36,101171,34,,0,,4,English,1001866,,0,0,,1,0,,3,394,(GMT 3:00) Eastern African Time (Africa/Addis_Ababa),True
1634,@EG@bb7259eec5a0b90b14c9e0454b8de2e9,,David Omwata,1112,Kenya,1001865,,KES,77,Kenyan Shilling,KES,,dd/MM/yyyy,2,,,2025-10-11 05:00:00,"#,###.##",DD/MM/YYYY,2025-10-11 10:49:33,2025-10-11 10:49:33,101169,27,,0,,4,English,1001865,,0,0,,1,0,,3,394,(GMT 3:00) Eastern African Time (Africa/Addis_Ababa),True
1633,@EG@a4dfdb811e51e14213e8830d9159cbac,,Kccb Acts,1112,Kenya,1001864,,KES,77,Kenyan Shilling,KES,,dd/MM/yyyy,2,,,2025-10-11 05:00:00,"#,###.##",DD/MM/YYYY,2025-10-11 10:50:34,2025-10-11 10:50:34,101170,10,,0,,4,English,1001864,,0,0,,1,0,,3,394,(GMT 3:00) Eastern African Time (Africa/Addis_Ababa),True
1631,@EG@59073d01aeaf4ff87c9e0d84e7f4c94c,,sheko kwemoi,1112,Kenya,1001862,,KES,77,Kenyan Shilling,KES,,dd/MM/yyyy,2,,,2025-10-11 05:00:00,"#,###.##",DD/MM/YYYY,2025-10-11 10:35:30,2025-10-11 10:35:30,101168,1,,0,,4,English,1001862,,0,0,,1,0,,3,394,(GMT 3:00) Eastern African Time (Africa/Addis_Ababa),True
1629,@EG@cb80c5cca155f13a516d5c1f81addb5a,,Paul Mutuku,1112,Kenya,1001860,,KES,77,Kenyan Shilling,KES,,dd/MM/yyyy,2,,,2025-10-11 05:00:00,"#,###.##",DD/MM/YYYY,2025-10-11 10:31:13,2025-10-11 10:31:13,101166,15,,0,,4,English,1001860,,0,0,,1,0,,3,394,(GMT 3:00) Eastern African Time (Africa/Addis_Ababa),True
1628,@EG@6238574f97a039dc900fad5190c86ac0,,Jackson Kimani,1112,Kenya,1001859,,KES,77,Kenyan Shilling,KES,,dd/MM/yyyy,2,,,2025-10-11 05:00:00,"#,###.##",DD/MM/YYYY,2025-10-11 10:31:22,2025-10-11 10:31:22,101167,15,,0,,4,English,1001859,,0,0,,1,0,,3,394,(GMT 3:00) Eastern African Time (Africa/Addis_Ababa),True
1627,@EG@3f08d656c34342b96219e67c0ba9bd46,,Beauty core,1112,Kenya,1001858,,KES,77,Kenyan Shilling,KES,,dd/MM/yyyy,2,,,2025-10-11 05:00:00,"#,###.##",DD/MM/YYYY,2025-10-11 10:29:43,2025-10-11 10:29:43,101165,3,,0,,4,English,1001858,,0,0,,1,0,,3,394,(GMT 3:00) Eastern African Time (Africa/Addis_Ababa),True
1625,@EG@b0a6daa063071c701a7d33694459c726,,Cornelius Cory,1112,Kenya,1001856,,KES,77,Kenyan Shilling,KES,,dd/MM/yyyy,2,,,2025-10-11 05:00:00,"#,###.##",DD/MM/YYYY,2025-10-11 10:19:51,2025-10-11 10:19:51,101164,6,,0,,4,English,1001856,,0,0,,1,0,,3,394,(GMT 3:00) Eastern African Time (Africa/Addis_Ababa),True
1624,@EG@8137b8243c8960bf64ebc795fa1fa08c,,Gilanis distributors,1112,Kenya,1001855,,KES,77,Kenyan Shilling,KES,,dd/MM/yyyy,2,,,2025-10-11 05:00:00,"#,###.##",DD/MM/YYYY,2025-10-11 10:17:26,2025-10-11 10:17:26,101163,14,,0,,4,English,1001855,,0,0,,1,0,,3,394,(GMT 3:00) Eastern African Time (Africa/Addis_Ababa),True
1623,@EG@1d1d0edc3231b78d2e2234f514db72d0,,The fitness icon coach calvo,1112,Kenya,1001854,,KES,77,Kenyan Shilling,KES,,dd/MM/yyyy,2,,,2025-10-11 05:00:00,"#,###.##",DD/MM/YYYY,2025-10-11 10:13:18,2025-10-11 10:13:18,101162,6,,0,,4,English,1001854,,0,0,,1,0,,3,394,(GMT 3:00) Eastern African Time (Africa/Addis_Ababa),True
1621,@EG@079d81e6da8e26a0626afd8ab91378d3,,Nps,1112,Kenya,1001852,,KES,77,Kenyan Shilling,KES,,dd/MM/yyyy,2,,,2025-10-11 05:00:00,"#,###.##",DD/MM/YYYY,2025-10-11 10:09:29,2025-10-11 10:09:29,101161,12,,0,,4,English,1001852,,0,0,,1,0,,3,394,(GMT 3:00) Eastern African Time (Africa/Addis_Ababa),True
1620,@EG@543c80079e02a250def47aae403481a6,,Orosho,1112,Kenya,1001851,,KES,77,Kenyan Shilling,KES,,dd/MM/yyyy,2,,,2025-10-11 05:00:00,"#,###.##",DD/MM/YYYY,2025-10-11 09:42:26,2025-10-11 09:42:26,101160,16,,0,,4,English,1001851,,0,0,,1,0,,3,394,(GMT 3:00) Eastern African Time (Africa/Addis_Ababa),True
1619,@EG@c563b03e87bf32010f41452bb7f08015,,Winners group,1112,Kenya,1001850,,KES,77,Kenyan Shilling,KES,,dd/MM/yyyy,2,,,2025-10-11 05:00:00,"#,###.##",DD/MM/YYYY,2025-10-11 09:38:45,2025-10-11 09:38:45,101159,3,,0,,4,English,1001850,,0,0,,1,0,,3,394,(GMT 3:00) Eastern African Time (Africa/Addis_Ababa),True
1618,@EG@674d2b91861ec5be68accf6798b8ba50,,Myself,1112,Kenya,1001849,,KES,77,Kenyan Shilling,KES,,dd/MM/yyyy,2,,,2025-10-11 05:00:00,"#,###.##",DD/MM/YYYY,2025-10-11 09:34:44,2025-10-11 09:34:44,101158,1,,0,,4,English,1001849,,0,0,,1,0,,3,394,(GMT 3:00) Eastern African Time (Africa/Addis_Ababa),True
1617,@EG@e70b9599314f7569497fd57b4459d2fc,,CP Ventures,1112,Kenya,1001848,,KES,77,Kenyan Shilling,KES,,dd/MM/yyyy,2,,,2025-10-11 05:00:00,"#,###.##",DD/MM/YYYY,2025-10-11 09:32:28,2025-10-11 09:32:28,101157,6,,0,,4,English,1001848,,0,0,,1,0,,3,394,(GMT 3:00) Eastern African Time (Africa/Addis_Ababa),True
1615,@EG@d617c00f2541d31f2ca0d3292f0d94c8,,Erick Mutua,1112,Kenya,1001846,,KES,77,Kenyan Shilling,KES,,dd/MM/yyyy,2,,,2025-10-11 05:00:00,"#,###.##",DD/MM/YYYY,2025-10-11 09:27:25,2025-10-11 09:27:25,101156,7,,0,,4,English,1001846,,0,0,,1,0,,3,394,(GMT 3:00) Eastern African Time (Africa/Addis_Ababa),True
1614,@EG@6161212d58ad20baf8c8f8a881afc065,,Dickson,1112,Kenya,1001845,,KES,77,Kenyan Shilling,KES,,dd/MM/yyyy,2,,,2025-10-11 05:00:00,"#,###.##",DD/MM/YYYY,2025-10-11 09:25:00,2025-10-11 09:25:00,101155,4,,0,,4,English,1001845,,0,0,,1,0,,3,394,(GMT 3:00) Eastern African Time (Africa/Addis_Ababa),True
1613,@EG@cd77691024d7b334b8aa9a63890279c2,,Albaraka,1112,Kenya,1001844,,KES,77,Kenyan Shilling,KES,,dd/MM/yyyy,2,,,2025-10-11 05:00:00,"#,###.##",DD/MM/YYYY,2025-10-11 08:51:51,2025-10-11 08:51:51,101154,4,,0,,4,English,1001844,,0,0,,1,0,,3,394,(GMT 3:00) Eastern African Time (Africa/Addis_Ababa),True
1612,@EG@76388391bb1bc8b4cfbb8037bd90cc40,,Blessing furniture,1112,Kenya,1001843,,KES,77,Kenyan Shilling,KES,,dd/MM/yyyy,2,,,2025-10-11 05:00:00,"#,###.##",DD/MM/YYYY,2025-10-11 08:50:51,2025-10-11 08:50:51,101153,7,,0,,4,English,1001843,,0,0,,1,0,,3,394,(GMT 3:00) Eastern African Time (Africa/Addis_Ababa),True
1611,@EG@b18d4c6d718ad500625d22b302de20f7,,Emilly John,1112,Kenya,1001842,,KES,77,Kenyan Shilling,KES,,dd/MM/yyyy,2,,,2025-10-11 05:00:00,"#,###.##",DD/MM/YYYY,2025-10-11 08:49:09,2025-10-11 08:49:09,101152,7,,0,,4,English,1001842,,0,0,,1,0,,3,394,(GMT 3:00) Eastern African Time (Africa/Addis_Ababa),True
1610,@EG@17d876ae5ce70db89587ba47ebe5470d,,Clinton Odhiambo,1112,Kenya,1001841,,KES,77,Kenyan Shilling,KES,,dd/MM/yyyy,2,,,2025-10-11 05:00:00,"#,###.##",DD/MM/YYYY,2025-10-11 08:44:36,2025-10-11 08:44:36,101151,4,,0,,4,English,1001841,,0,0,,1,0,,3,394,(GMT 3:00) Eastern African Time (Africa/Addis_Ababa),True
1608,@EG@b15f949f4e4cdd412f3c7cf5a9db65e2,,Orge,1112,Kenya,1001839,,KES,77,Kenyan Shilling,KES,,dd/MM/yyyy,2,,,2025-10-11 05:00:00,"#,###.##",DD/MM/YYYY,2025-10-11 08:41:07,2025-10-11 08:41:07,101150,6,,0,,4,English,1001839,,0,0,,1,0,,3,394,(GMT 3:00) Eastern African Time (Africa/Addis_Ababa),True
1606,@EG@bf7590558f1c24e48ea5ce3c1fb74603,,santa mosomi,1112,Kenya,1001837,,KES,77,Kenyan Shilling,KES,,dd/MM/yyyy,2,,,2025-10-11 05:00:00,"#,###.##",DD/MM/YYYY,2025-10-11 08:40:02,2025-10-11 08:40:02,101149,21,,0,,4,English,1001837,,0,0,,1,0,,3,394,(GMT 3:00) Eastern African Time (Africa/Addis_Ababa),True
1605,@EG@ead7bb8a3d900e28f5c63fd1f909496b,,Sarah tech company,1112,Kenya,1001836,,KES,77,Kenyan Shilling,KES,,dd/MM/yyyy,2,,,2025-10-11 05:00:00,"#,###.##",DD/MM/YYYY,2025-10-11 08:38:02,2025-10-11 08:38:02,101148,4,,0,,4,English,1001836,,0,0,,1,0,,3,394,(GMT 3:00) Eastern African Time (Africa/Addis_Ababa),True
1604,@EG@5f58bb3818ebffd4255f6ae40884ffae,,Tymovic,1112,Kenya,1001835,,KES,77,Kenyan Shilling,KES,,dd/MM/yyyy,2,,,2025-10-11 05:00:00,"#,###.##",DD/MM/YYYY,2025-10-11 08:33:23,2025-10-11 08:33:23,101147,34,,0,,4,English,1001835,,0,0,,1,0,,3,394,(GMT 3:00) Eastern African Time (Africa/Addis_Ababa),True
1603,@EG@b0b3b780d1f9be91203d5ebf2c71653f,,Nyudo 3,1112,Kenya,1001834,,KES,77,Kenyan Shilling,KES,,dd/MM/yyyy,2,,,2025-10-11 05:00:00,"#,###.##",DD/MM/YYYY,2025-10-11 08:24:33,2025-10-11 08:24:33,101146,5,,0,,4,English,1001834,,0,0,,1,0,,3,394,(GMT 3:00) Eastern African Time (Africa/Addis_Ababa),True
1601,@EG@de712bdc01321ea948d223180ca31dd5,,Mary,1112,Kenya,1001832,,KES,77,Kenyan Shilling,KES,,dd/MM/yyyy,2,,,2025-10-11 05:00:00,"#,###.##",DD/MM/YYYY,2025-10-11 08:22:26,2025-10-11 08:22:26,101145,6,,0,,4,English,1001832,,0,0,,1,0,,3,394,(GMT 3:00) Eastern African Time (Africa/Addis_Ababa),True
1600,@EG@1c7929bebd35cbe79786272bf1ff45f1,,Joseph mwangi kamau,1112,Kenya,1001831,,KES,77,Kenyan Shilling,KES,,dd/MM/yyyy,2,,,2025-10-11 05:00:00,"#,###.##",DD/MM/YYYY,2025-10-11 08:20:41,2025-10-11 08:20:41,101144,18,,0,,4,English,1001831,,0,0,,1,0,,3,394,(GMT 3:00) Eastern African Time (Africa/Addis_Ababa),True
1599,@EG@e8f86b20c751204209b35a5fdc54b85e,,Pembe floor mill limited,1112,Kenya,1001830,,KES,77,Kenyan Shilling,KES,,dd/MM/yyyy,2,,,2025-10-11 05:00:00,"#,###.##",DD/MM/YYYY,2025-10-11 08:18:10,2025-10-11 08:18:10,101143,32,,0,,4,English,1001830,,0,0,,1,0,,3,394,(GMT 3:00) Eastern African Time (Africa/Addis_Ababa),True
1598,@EG@228a926ebeb7c8c8464f62ec01d0520b,,Mohamed abdi idow,1005,American Samoa,1001829,,USD,155,United States Dollar,$,,MM/dd/yyyy,2,,,2025-10-11 19:00:00,"#,###.##",MM/DD/YYYY,2025-10-11 08:17:54,2025-10-11 08:17:54,101142,33,,0,,4,English,1001829,,0,0,,1,0,,-11,5,(GMT -11:00) Samoa Standard Time (Pacific/Midway),True
1595,@EG@0d162228b023fe2c35e7b37bf30ba9c4,,joram masha,1112,Kenya,1001826,,KES,77,Kenyan Shilling,KES,,dd/MM/yyyy,2,,,2025-10-11 05:00:00,"#,###.##",DD/MM/YYYY,2025-10-11 08:15:03,2025-10-11 08:15:03,101141,7,,0,,4,English,1001826,,0,0,,1,0,,3,394,(GMT 3:00) Eastern African Time (Africa/Addis_Ababa),True
1594,@EG@07d35c7fa660964d154ee90ba8ad23f8,,Erick wafula Chembukha,1112,Kenya,1001825,,KES,77,Kenyan Shilling,KES,,dd/MM/yyyy,2,,,2025-10-11 05:00:00,"#,###.##",DD/MM/YYYY,2025-10-11 08:11:56,2025-10-11 08:11:56,101140,3,,0,,4,English,1001825,,0,0,,1,0,,3,394,(GMT 3:00) Eastern African Time (Africa/Addis_Ababa),True
1593,@EG@3ff804abb3ffa146ac5e8354c393396b,,Kamba Mutuku,1112,Kenya,1001824,,KES,77,Kenyan Shilling,KES,,dd/MM/yyyy,2,,,2025-10-11 05:00:00,"#,###.##",DD/MM/YYYY,2025-10-11 08:08:09,2025-10-11 08:08:09,101138,1,,0,,4,English,1001824,,0,0,,1,0,,3,394,(GMT 3:00) Eastern African Time (Africa/Addis_Ababa),True
1592,@EG@b6a506f0574023070857960bc98f3829,,MCT Mombasa,1112,Kenya,1001823,,KES,77,Kenyan Shilling,KES,,dd/MM/yyyy,2,,,2025-10-11 05:00:00,"#,###.##",DD/MM/YYYY,2025-10-11 08:10:23,2025-10-11 08:10:23,101139,3,,0,,4,English,1001823,,0,0,,1,0,,3,394,(GMT 3:00) Eastern African Time (Africa/Addis_Ababa),True
1591,@EG@b903e71f735e781844067edaf194a42b,,Donwales engineering solution,1112,Kenya,1001822,,KES,77,Kenyan Shilling,KES,,dd/MM/yyyy,2,,,2025-10-11 05:00:00,"#,###.##",DD/MM/YYYY,2025-10-11 08:04:08,2025-10-11 08:04:08,101137,1,,0,,4,English,1001822,,0,0,,1,0,,3,394,(GMT 3:00) Eastern African Time (Africa/Addis_Ababa),True
1590,@EG@69b0484fc5e4e0bd5d963132de48a75f,,Kianda,1112,Kenya,1001821,,KES,77,Kenyan Shilling,KES,,dd/MM/yyyy,2,,,2025-10-11 05:00:00,"#,###.##",DD/MM/YYYY,2025-10-11 08:01:37,2025-10-11 08:01:37,101135,10,,0,,4,English,1001821,,0,0,,1,0,,3,394,(GMT 3:00) Eastern African Time (Africa/Addis_Ababa),True
1589,@EG@1f099321724779c2c43ce5930481014c,,Black vibe,1112,Kenya,1001820,,KES,77,Kenyan Shilling,KES,,dd/MM/yyyy,2,,,2025-10-11 05:00:00,"#,###.##",DD/MM/YYYY,2025-10-11 08:02:40,2025-10-11 08:02:40,101136,6,,0,,4,English,1001820,,0,0,,1,0,,3,394,(GMT 3:00) Eastern African Time (Africa/Addis_Ababa),True
1588,@EG@1056bb6deaf6725662b137ac2c53e325,,Alex Mwaka,1112,Kenya,1001819,,KES,77,Kenyan Shilling,KES,,dd/MM/yyyy,2,,,2025-10-11 05:00:00,"#,###.##",DD/MM/YYYY,2025-10-11 07:58:19,2025-10-11 07:58:19,101134,1,,0,,4,English,1001819,,0,0,,1,0,,3,394,(GMT 3:00) Eastern African Time (Africa/Addis_Ababa),True
1587,@EG@a4d0e36dc5303b3a0890d44899c2b0c5,,I dont  have yet,1112,Kenya,1001818,,KES,77,Kenyan Shilling,KES,,dd/MM/yyyy,2,,,2025-10-11 05:00:00,"#,###.##",DD/MM/YYYY,2025-10-11 07:56:36,2025-10-11 07:56:36,101132,4,,0,,4,English,1001818,,0,0,,1,0,,3,394,(GMT 3:00) Eastern African Time (Africa/Addis_Ababa),True
1584,@EG@8cfbb410cb1c331a061b2dd2fa8e6a37,,Peace addict,1112,Kenya,1001815,,KES,77,Kenyan Shilling,KES,,dd/MM/yyyy,2,,,2025-10-11 05:00:00,"#,###.##",DD/MM/YYYY,2025-10-11 07:57:11,2025-10-11 07:57:11,101133,21,,0,,4,English,1001815,,0,0,,1,0,,3,394,(GMT 3:00) Eastern African Time (Africa/Addis_Ababa),True
1583,@EG@7346f60d5d56aba070d9ae1c666402ec,,Boniface kimeu,1112,Kenya,1001814,,KES,77,Kenyan Shilling,KES,,dd/MM/yyyy,2,,,2025-10-11 05:00:00,"#,###.##",DD/MM/YYYY,2025-10-11 07:48:13,2025-10-11 07:48:13,101131,7,,0,,4,English,1001814,,0,0,,1,0,,3,394,(GMT 3:00) Eastern African Time (Africa/Addis_Ababa),True
1581,@EG@360dc330bc3f00b124bf64bd348d936f,,VICTOR MAINA,1112,Kenya,1001812,,KES,77,Kenyan Shilling,KES,,dd/MM/yyyy,2,,,2025-10-11 05:00:00,"#,###.##",DD/MM/YYYY,2025-10-11 07:14:08,2025-10-11 07:14:08,101130,3,,0,,4,English,1001812,,0,0,,1,0,,3,394,(GMT 3:00) Eastern African Time (Africa/Addis_Ababa),True
1576,@EG@793656d91a64c626399ee265a6dfbef7,,Davií Dàvíss,1112,Kenya,1001807,,KES,77,Kenyan Shilling,KES,,dd/MM/yyyy,2,,,2025-10-11 05:00:00,"#,###.##",DD/MM/YYYY,2025-10-11 06:47:39,2025-10-11 06:47:39,101129,15,,0,,4,English,1001807,,0,0,,1,0,,3,394,(GMT 3:00) Eastern African Time (Africa/Addis_Ababa),True
1575,@EG@f64cbbd5691ffcb4169037fbc2d68d56,,Leayamiyo,1112,Kenya,1001806,,KES,77,Kenyan Shilling,KES,,dd/MM/yyyy,2,,,2025-10-11 05:00:00,"#,###.##",DD/MM/YYYY,2025-10-11 06:41:23,2025-10-11 06:41:23,101128,7,,0,,4,English,1001806,,0,0,,1,0,,3,394,(GMT 3:00) Eastern African Time (Africa/Addis_Ababa),True
1573,@EG@da596fb3de969e76441992edae9514cc,,Benjo,1112,Kenya,1001804,,KES,77,Kenyan Shilling,KES,,dd/MM/yyyy,2,,,2025-10-11 05:00:00,"#,###.##",DD/MM/YYYY,2025-10-11 06:32:49,2025-10-11 06:32:49,101126,5,,0,,4,English,1001804,,0,0,,1,0,,3,394,(GMT 3:00) Eastern African Time (Africa/Addis_Ababa),True
1572,@EG@c67596864af386b835cc53960a26b1f8,,Tik TikTok,1109,Jersey,1001803,,GBP,52,Pound Sterling,£,,dd/MM/yyyy,2,,,2025-10-11 08:00:00,# ###.##,DD/MM/YYYY,2025-10-11 06:38:13,2025-10-11 06:38:13,101127,3,,0,,4,English,1001803,,0,0,,1,0,,0,244,(GMT 0:00) Greenwich Mean Time (Africa/Abidjan),True
1571,@EG@d2121d8664f22bf6d46b52eb169f56f9,,Julia,1039,Canada,1001802,,CAD,27,Canadian Dollar,$,,yyyy-MM-dd,2,,,2025-10-11 13:00:00,"#,###.##",YYYY-MM-DD,2025-10-11 06:09:15,2025-10-11 06:09:15,101125,1,,0,,4,English,1001802,,0,0,,1,0,,-5,110,(GMT -5:00) Eastern Standard Time (America/Atikokan),True
1568,@EG@ee4ebbaa76829d0f99b393f0ccdbac0b,,Unified poa,1112,Kenya,1001799,,KES,77,Kenyan Shilling,KES,,dd/MM/yyyy,2,,,2025-10-11 05:00:00,"#,###.##",DD/MM/YYYY,2025-10-11 05:35:52,2025-10-11 05:35:52,101124,3,,0,,4,English,1001799,,0,0,,1,0,,3,394,(GMT 3:00) Eastern African Time (Africa/Addis_Ababa),True
1566,@EG@a2f6fcb6ec61c2423f18ec92b6827d61,,Glam by Georgia,1112,Kenya,1001797,,KES,77,Kenyan Shilling,KES,,dd/MM/yyyy,2,,,2025-10-11 05:00:00,"#,###.##",DD/MM/YYYY,2025-10-11 05:17:50,2025-10-11 05:17:50,101123,15,,0,,4,English,1001797,,0,0,,1,0,,3,394,(GMT 3:00) Eastern African Time (Africa/Addis_Ababa),True
1565,@EG@20a62d69b504f37a07170db8a9d9608e,,Dicken Mwendia,1112,Kenya,1001796,,KES,77,Kenyan Shilling,KES,,dd/MM/yyyy,2,,,2025-10-11 05:00:00,"#,###.##",DD/MM/YYYY,2025-10-11 05:09:28,2025-10-11 05:09:28,101121,2,,0,,4,English,1001796,,0,0,,1,0,,3,394,(GMT 3:00) Eastern African Time (Africa/Addis_Ababa),True
1564,@EG@31582f18bace34e000fa2b4930026502,,Suleiman Zuwa,1112,Kenya,1001795,,KES,77,Kenyan Shilling,KES,,dd/MM/yyyy,2,,,2025-10-11 05:00:00,"#,###.##",DD/MM/YYYY,2025-10-11 05:16:31,2025-10-11 05:16:31,101122,7,,0,,4,English,1001795,,0,0,,1,0,,3,394,(GMT 3:00) Eastern African Time (Africa/Addis_Ababa),True
1563,@EG@c725fc76bc60bcf56b721ab454600eb2,,Kipet bett,1112,Kenya,1001794,,KES,77,Kenyan Shilling,KES,,dd/MM/yyyy,2,,,2025-10-11 05:00:00,"#,###.##",DD/MM/YYYY,2025-10-11 05:07:33,2025-10-11 05:07:33,101119,6,,0,,4,English,1001794,,0,0,,1,0,,3,394,(GMT 3:00) Eastern African Time (Africa/Addis_Ababa),True
1562,@EG@5177f60c9cd8dc9d9b1080e6daccb637,,sylvia Adala,1112,Kenya,1001793,,KES,77,Kenyan Shilling,KES,,dd/MM/yyyy,2,,,2025-10-11 05:00:00,"#,###.##",DD/MM/YYYY,2025-10-11 05:08:42,2025-10-11 05:08:42,101120,15,,0,,4,English,1001793,,0,0,,1,0,,3,394,(GMT 3:00) Eastern African Time (Africa/Addis_Ababa),True
1561,@EG@cb4e4de3a6cd5589543704778255da66,,Helinah,1112,Kenya,1001792,,KES,77,Kenyan Shilling,KES,,dd/MM/yyyy,2,,,2025-10-11 05:00:00,"#,###.##",DD/MM/YYYY,2025-10-11 05:07:02,2025-10-11 05:07:02,101118,34,,0,,4,English,1001792,,0,0,,1,0,,3,394,(GMT 3:00) Eastern African Time (Africa/Addis_Ababa),True
1559,@EG@69370071e2eeea1334ad3a194d5ffd52,,Agneta,1112,Kenya,1001790,,KES,77,Kenyan Shilling,KES,,dd/MM/yyyy,2,,,2025-10-11 05:00:00,"#,###.##",DD/MM/YYYY,2025-10-11 05:06:07,2025-10-11 05:06:07,101116,5,,0,,4,English,1001790,,0,0,,1,0,,3,394,(GMT 3:00) Eastern African Time (Africa/Addis_Ababa),True
1558,@EG@d574f7cbc85a29375e9ada14989141c3,,Patrick,1112,Kenya,1001789,,KES,77,Kenyan Shilling,KES,,dd/MM/yyyy,2,,,2025-10-11 05:00:00,"#,###.##",DD/MM/YYYY,2025-10-11 05:06:26,2025-10-11 05:06:26,101117,1,,0,,4,English,1001789,,0,0,,1,0,,3,394,(GMT 3:00) Eastern African Time (Africa/Addis_Ababa),True
1557,@EG@52d5da766ba861d9439339e9a643b2ff,,Emmanuel CEO,1112,Kenya,1001788,,KES,77,Kenyan Shilling,KES,,dd/MM/yyyy,2,,,2025-10-11 05:00:00,"#,###.##",DD/MM/YYYY,2025-10-11 04:59:59,2025-10-11 04:59:59,101115,34,,0,,4,English,1001788,,0,0,,1,0,,3,394,(GMT 3:00) Eastern African Time (Africa/Addis_Ababa),True
1556,@EG@3ec5e31cb7ec29b93193048afb2388a5,,join hanes,1112,Kenya,1001787,,KES,77,Kenyan Shilling,KES,,dd/MM/yyyy,2,,,2025-10-11 05:00:00,"#,###.##",DD/MM/YYYY,2025-10-11 04:31:35,2025-10-11 04:31:35,101114,2,,0,,4,English,1001787,,0,0,,1,0,,3,394,(GMT 3:00) Eastern African Time (Africa/Addis_Ababa),True
1554,@EG@be70852408d3a66760f0897ae42aaf91,,Pan-African,1196,South Africa,1001785,,ZAR,171,South African Rand,R,,yyyy-MM-dd,2,,,2025-10-11 06:00:00,"#.###,##",YYYY-MM-DD,2025-10-11 03:58:26,2025-10-11 03:58:26,101113,2,,0,,4,English,1001785,,0,0,,1,0,,2,353,(GMT 2:00) South Africa Standard Time (Africa/Johannesburg),True
1553,@EG@f799d5cc5c1e121f2eaa62d8d272a938,,Happy foods,1112,Kenya,1001784,,KES,77,Kenyan Shilling,KES,,dd/MM/yyyy,2,,,2025-10-11 05:00:00,"#,###.##",DD/MM/YYYY,2025-10-11 02:46:25,2025-10-11 02:46:25,101112,7,,0,,4,English,1001784,,0,0,,1,0,,3,394,(GMT 3:00) Eastern African Time (Africa/Addis_Ababa),True
1549,@EG@b5be73f24b039908a303be59af50b65a,,Thuksy07 agriculture company,1112,Kenya,1001780,,KES,77,Kenyan Shilling,KES,,dd/MM/yyyy,2,,,2025-10-10 05:00:00,"#,###.##",DD/MM/YYYY,2025-10-10 23:40:58,2025-10-10 23:40:58,101111,7,,0,,4,English,1001780,,0,0,,1,0,,3,394,(GMT 3:00) Eastern African Time (Africa/Addis_Ababa),True
1548,@EG@a17669e6640b1b41e1c5b49d774dd4f3,,Elijah Kalya,1112,Kenya,1001779,,KES,77,Kenyan Shilling,KES,,dd/MM/yyyy,2,,,2025-10-10 05:00:00,"#,###.##",DD/MM/YYYY,2025-10-10 22:33:24,2025-10-10 22:33:24,101110,15,,0,,4,English,1001779,,0,0,,1,0,,3,394,(GMT 3:00) Eastern African Time (Africa/Addis_Ababa),True
1547,@EG@ae08905c14757d26db52e451ee15238c,,Ajiwa limited,1112,Kenya,1001778,,KES,77,Kenyan Shilling,KES,,dd/MM/yyyy,2,,,2025-10-10 05:00:00,"#,###.##",DD/MM/YYYY,2025-10-10 21:50:09,2025-10-10 21:50:09,101109,4,,0,,4,English,1001778,,0,0,,1,0,,3,394,(GMT 3:00) Eastern African Time (Africa/Addis_Ababa),True
1546,@EG@835c4d31ce666abe4187618ec0784f65,,Chemko,1112,Kenya,1001777,,KES,77,Kenyan Shilling,KES,,dd/MM/yyyy,2,,,2025-10-10 05:00:00,"#,###.##",DD/MM/YYYY,2025-10-10 20:02:49,2025-10-10 20:02:49,101108,3,,0,,4,English,1001777,,0,0,,1,0,,3,394,(GMT 3:00) Eastern African Time (Africa/Addis_Ababa),True
1544,@EG@2a338e6f4bc54ac17a1905c3863f8755,,Sato,1112,Kenya,1001775,,KES,77,Kenyan Shilling,KES,,dd/MM/yyyy,2,,,2025-10-10 05:00:00,"#,###.##",DD/MM/YYYY,2025-10-10 18:54:35,2025-10-10 18:54:35,101107,1,,0,,4,English,1001775,,0,0,,1,0,,3,394,(GMT 3:00) Eastern African Time (Africa/Addis_Ababa),True
1543,@EG@7a86b8456f21b30eb47faa6b65f7f462,,justin ouma,1221,Uganda,1001774,,UGX,154,Ugandan Shilling,UGX,,dd/MM/yyyy,2,,,2025-10-10 05:00:00,# ###.##,DD/MM/YYYY,2025-10-10 18:35:12,2025-10-10 18:35:12,101106,14,,0,,4,English,1001774,,0,0,,1,0,,3,394,(GMT 3:00) Eastern African Time (Africa/Addis_Ababa),True
1542,@EG@696caee167d7e1602eb45b9d16de4d20,,dennis karanja,1112,Kenya,1001773,,KES,77,Kenyan Shilling,KES,,dd/MM/yyyy,2,,,2025-10-10 05:00:00,"#,###.##",DD/MM/YYYY,2025-10-10 17:51:16,2025-10-10 17:51:16,101105,32,,0,,4,English,1001773,,0,0,,1,0,,3,394,(GMT 3:00) Eastern African Time (Africa/Addis_Ababa),True
1541,@EG@296aca64d04ece18fed786ef058ed967,,Uniliver company company,1112,Kenya,1001772,,KES,77,Kenyan Shilling,KES,,dd/MM/yyyy,2,,,2025-10-10 05:00:00,"#,###.##",DD/MM/YYYY,2025-10-10 17:39:36,2025-10-10 17:39:36,101104,3,,0,,4,English,1001772,,0,0,,1,0,,3,394,(GMT 3:00) Eastern African Time (Africa/Addis_Ababa),True
1540,@EG@c8eeb4c33fcf60de5cab4c0f37341c0a,,Moscow,1112,Kenya,1001771,,KES,77,Kenyan Shilling,KES,,dd/MM/yyyy,2,,,2025-10-10 05:00:00,"#,###.##",DD/MM/YYYY,2025-10-10 17:33:50,2025-10-10 17:33:50,101103,6,,0,,4,English,1001771,,0,0,,1,0,,3,394,(GMT 3:00) Eastern African Time (Africa/Addis_Ababa),True
1539,@EG@8f7aa5de6ccf32ae71cbc12b2a66161c,,Brian kibaki,1112,Kenya,1001770,,KES,77,Kenyan Shilling,KES,,dd/MM/yyyy,2,,,2025-10-10 05:00:00,"#,###.##",DD/MM/YYYY,2025-10-10 17:28:35,2025-10-10 17:28:35,101102,6,,0,,4,English,1001770,,0,0,,1,0,,3,394,(GMT 3:00) Eastern African Time (Africa/Addis_Ababa),True
1538,@EG@d71c13776ac14040b70d4b467b9b80b8,,Abel Chesundu,1112,Kenya,1001769,,KES,77,Kenyan Shilling,KES,,dd/MM/yyyy,2,,,2025-10-10 05:00:00,"#,###.##",DD/MM/YYYY,2025-10-10 17:28:33,2025-10-10 17:28:33,101101,7,,0,,4,English,1001769,,0,0,,1,0,,3,394,(GMT 3:00) Eastern African Time (Africa/Addis_Ababa),True
1537,@EG@bedc87e801f329822d9cab1e1b239da1,,Blue triangle cement,1112,Kenya,1001768,,KES,77,Kenyan Shilling,KES,,dd/MM/yyyy,2,,,2025-10-10 05:00:00,"#,###.##",DD/MM/YYYY,2025-10-10 17:25:40,2025-10-10 17:25:40,101100,5,,0,,4,English,1001768,,0,0,,1,0,,3,394,(GMT 3:00) Eastern African Time (Africa/Addis_Ababa),True
1534,@EG@dd0abf8698b0600c736d8c0ec1eb3a6f,,Emanuel kipkorir,1112,Kenya,1001765,,KES,77,Kenyan Shilling,KES,,dd/MM/yyyy,2,,,2025-10-10 05:00:00,"#,###.##",DD/MM/YYYY,2025-10-10 17:23:16,2025-10-10 17:23:16,101099,4,,0,,4,English,1001765,,0,0,,1,0,,3,394,(GMT 3:00) Eastern African Time (Africa/Addis_Ababa),True
1533,@EG@7971abac05fb705005dcce4680ef38d8,,Mugoya building contraction,1112,Kenya,1001764,,KES,77,Kenyan Shilling,KES,,dd/MM/yyyy,2,,,2025-10-10 05:00:00,"#,###.##",DD/MM/YYYY,2025-10-10 17:20:25,2025-10-10 17:20:25,101097,5,,0,,4,English,1001764,,0,0,,1,0,,3,394,(GMT 3:00) Eastern African Time (Africa/Addis_Ababa),True
1532,@EG@68c2ca1e5583951e59cbbad551f142f3,,Jordan towers,1112,Kenya,1001763,,KES,77,Kenyan Shilling,KES,,dd/MM/yyyy,2,,,2025-10-10 05:00:00,"#,###.##",DD/MM/YYYY,2025-10-10 17:16:50,2025-10-10 17:16:50,101096,3,,0,,4,English,1001763,,0,0,,1,0,,3,394,(GMT 3:00) Eastern African Time (Africa/Addis_Ababa),True
1531,@EG@c6edbf3a80dbdf3fe5656beaa084a39b,,Lydia company,1112,Kenya,1001762,,KES,77,Kenyan Shilling,KES,,dd/MM/yyyy,2,,,2025-10-10 05:00:00,"#,###.##",DD/MM/YYYY,2025-10-10 17:14:20,2025-10-10 17:14:20,101095,6,,0,,4,English,1001762,,0,0,,1,0,,3,394,(GMT 3:00) Eastern African Time (Africa/Addis_Ababa),True
1529,@EG@bb4997ae330de78f7ffa1235cf8fa587,,Abdikadir hussein,1112,Kenya,1001760,,KES,77,Kenyan Shilling,KES,,dd/MM/yyyy,2,,,2025-10-10 05:00:00,"#,###.##",DD/MM/YYYY,2025-10-10 17:10:03,2025-10-10 17:10:03,101094,1,,0,,4,English,1001760,,0,0,,1,0,,3,394,(GMT 3:00) Eastern African Time (Africa/Addis_Ababa),True
1528,@EG@522e5c7dbb9091d3d5c1d536760cac98,,Not working,1112,Kenya,1001759,,KES,77,Kenyan Shilling,KES,,dd/MM/yyyy,2,,,2025-10-10 05:00:00,"#,###.##",DD/MM/YYYY,2025-10-10 17:03:56,2025-10-10 17:03:56,101093,7,,0,,4,English,1001759,,0,0,,1,0,,3,394,(GMT 3:00) Eastern African Time (Africa/Addis_Ababa),True
1527,@EG@07b6754b7da35d215fdb997cca278084,,Her craft creation,1112,Kenya,1001758,,KES,77,Kenyan Shilling,KES,,dd/MM/yyyy,2,,,2025-10-10 05:00:00,"#,###.##",DD/MM/YYYY,2025-10-10 17:03:26,2025-10-10 17:03:26,101092,21,,0,,4,English,1001758,,0,0,,1,0,,3,394,(GMT 3:00) Eastern African Time (Africa/Addis_Ababa),True
1526,@EG@6928cc96c07437997e5695804ae934d5,,Gabriella Abigael,1112,Kenya,1001757,,KES,77,Kenyan Shilling,KES,,dd/MM/yyyy,2,,,2025-10-10 05:00:00,"#,###.##",DD/MM/YYYY,2025-10-10 16:59:28,2025-10-10 16:59:28,101091,34,,0,,4,English,1001757,,0,0,,1,0,,3,394,(GMT 3:00) Eastern African Time (Africa/Addis_Ababa),True
1525,@EG@535ee1dd76e629c95a1babf147118900,,Salon,1112,Kenya,1001756,,KES,77,Kenyan Shilling,KES,,dd/MM/yyyy,2,,,2025-10-10 05:00:00,"#,###.##",DD/MM/YYYY,2025-10-10 16:57:56,2025-10-10 16:57:56,101090,1,,0,,4,English,1001756,,0,0,,1,0,,3,394,(GMT 3:00) Eastern African Time (Africa/Addis_Ababa),True
1524,@EG@1d7bbde6cd95a0df2ed09bcdbb2211c5,,Margaret,1112,Kenya,1001755,,KES,77,Kenyan Shilling,KES,,dd/MM/yyyy,2,,,2025-10-10 05:00:00,"#,###.##",DD/MM/YYYY,2025-10-10 16:56:21,2025-10-10 16:56:21,101089,34,,0,,4,English,1001755,,0,0,,1,0,,3,394,(GMT 3:00) Eastern African Time (Africa/Addis_Ababa),True
1522,@EG@67a4d682bb29782b740ad44c493953d1,,Agriquip,1112,Kenya,1001753,,KES,77,Kenyan Shilling,KES,,dd/MM/yyyy,2,,,2025-10-10 05:00:00,"#,###.##",DD/MM/YYYY,2025-10-10 16:45:20,2025-10-10 16:45:20,101088,2,,0,,4,English,1001753,,0,0,,1,0,,3,394,(GMT 3:00) Eastern African Time (Africa/Addis_Ababa),True
1521,@EG@00b8fb98b640416b62ebe542bb3c59d1,,Iqra collection,1112,Kenya,1001752,,KES,77,Kenyan Shilling,KES,,dd/MM/yyyy,2,,,2025-10-10 05:00:00,"#,###.##",DD/MM/YYYY,2025-10-10 16:44:54,2025-10-10 16:44:54,101087,7,,0,,4,English,1001752,,0,0,,1,0,,3,394,(GMT 3:00) Eastern African Time (Africa/Addis_Ababa),True
1519,@EG@07664fd78d88103529d42a8a7054df2b,,Kitui,1112,Kenya,1001750,,KES,77,Kenyan Shilling,KES,,dd/MM/yyyy,2,,,2025-10-10 05:00:00,"#,###.##",DD/MM/YYYY,2025-10-10 16:40:00,2025-10-10 16:40:00,101086,4,,0,,4,English,1001750,,0,0,,1,0,,3,394,(GMT 3:00) Eastern African Time (Africa/Addis_Ababa),True
1518,@EG@f03a470d1085ef9e1d29d572dcb6eafa,,Clinton Kiptoo,1112,Kenya,1001749,,KES,77,Kenyan Shilling,KES,,dd/MM/yyyy,2,,,2025-10-10 05:00:00,"#,###.##",DD/MM/YYYY,2025-10-10 16:38:34,2025-10-10 16:38:34,101084,6,,0,,4,English,1001749,,0,0,,1,0,,3,394,(GMT 3:00) Eastern African Time (Africa/Addis_Ababa),True
1517,@EG@940bb99cbea133c0631aa82232c494dc,,Juliwakanairo Juliwakanairo,1112,Kenya,1001748,,KES,77,Kenyan Shilling,KES,,dd/MM/yyyy,2,,,2025-10-10 05:00:00,"#,###.##",DD/MM/YYYY,2025-10-10 16:38:41,2025-10-10 16:38:41,101085,15,,0,,4,English,1001748,,0,0,,1,0,,3,394,(GMT 3:00) Eastern African Time (Africa/Addis_Ababa),True
1516,@EG@2adec6b01231a91814a137e437b5e7d2,,Suzana pub,1112,Kenya,1001747,,KES,77,Kenyan Shilling,KES,,dd/MM/yyyy,2,,,2025-10-10 05:00:00,"#,###.##",DD/MM/YYYY,2025-10-10 16:36:43,2025-10-10 16:36:43,101083,7,,0,,4,English,1001747,,0,0,,1,0,,3,394,(GMT 3:00) Eastern African Time (Africa/Addis_Ababa),True
1514,@EG@1391522a39ba823fcd0adef07fb7ae0d,,Andrew,1112,Kenya,1001745,,KES,77,Kenyan Shilling,KES,,dd/MM/yyyy,2,,,2025-10-10 05:00:00,"#,###.##",DD/MM/YYYY,2025-10-10 16:29:12,2025-10-10 16:29:12,101080,3,,0,,4,English,1001745,,0,0,,1,0,,3,394,(GMT 3:00) Eastern African Time (Africa/Addis_Ababa),True
1511,@EG@de40a9aec1fc278af3a2044c00a9f4ac,,Husseein Isack,1112,Kenya,1001742,,KES,77,Kenyan Shilling,KES,,dd/MM/yyyy,2,,,2025-10-10 05:00:00,"#,###.##",DD/MM/YYYY,2025-10-10 16:24:56,2025-10-10 16:24:56,101079,4,,0,,4,English,1001742,,0,0,,1,0,,3,394,(GMT 3:00) Eastern African Time (Africa/Addis_Ababa),True
1510,@EG@db311d8502bb94d864f83f9daafe96d7,,William Kelly,1005,American Samoa,1001741,,USD,155,United States Dollar,$,,MM/dd/yyyy,2,,,2025-10-10 19:00:00,"#,###.##",MM/DD/YYYY,2025-10-10 16:24:54,2025-10-10 16:24:54,101078,4,,0,,4,English,1001741,,0,0,,1,0,,-11,5,(GMT -11:00) Samoa Standard Time (Pacific/Midway),True
1509,@EG@eec3ed1e124904c8ddf661e22ff250d8,,Eunice stores,1112,Kenya,1001740,,KES,77,Kenyan Shilling,KES,,dd/MM/yyyy,2,,,2025-10-10 05:00:00,"#,###.##",DD/MM/YYYY,2025-10-10 16:22:36,2025-10-10 16:22:36,101077,1,,0,,4,English,1001740,,0,0,,1,0,,3,394,(GMT 3:00) Eastern African Time (Africa/Addis_Ababa),True
1508,@EG@2cf711394f3794116778b18b251a43d9,,Chandaria,1112,Kenya,1001739,,KES,77,Kenyan Shilling,KES,,dd/MM/yyyy,2,,,2025-10-10 05:00:00,"#,###.##",DD/MM/YYYY,2025-10-10 16:17:10,2025-10-10 16:17:10,101076,3,,0,,4,English,1001739,,0,0,,1,0,,3,394,(GMT 3:00) Eastern African Time (Africa/Addis_Ababa),True
1505,@EG@b963164eafe54a937b474087e9b8689a,,Okia Mildred,1112,Kenya,1001736,,KES,77,Kenyan Shilling,KES,,dd/MM/yyyy,2,,,2025-10-10 05:00:00,"#,###.##",DD/MM/YYYY,2025-10-10 16:13:42,2025-10-10 16:13:42,101074,4,,0,,4,English,1001736,,0,0,,1,0,,3,394,(GMT 3:00) Eastern African Time (Africa/Addis_Ababa),True
1502,@EG@c6068d8a2c81f52731db6530a3a99538,,Farmer shop,1112,Kenya,1001733,,KES,77,Kenyan Shilling,KES,,dd/MM/yyyy,2,,,2025-10-10 05:00:00,"#,###.##",DD/MM/YYYY,2025-10-10 16:15:33,2025-10-10 16:15:33,101075,7,,0,,4,English,1001733,,0,0,,1,0,,3,394,(GMT 3:00) Eastern African Time (Africa/Addis_Ababa),True
1501,@EG@c79b2135bc4efe6c952d9805253a70d5,,GIMEL MOTORS,1112,Kenya,1001732,,KES,77,Kenyan Shilling,KES,,dd/MM/yyyy,2,,,2025-10-10 05:00:00,"#,###.##",DD/MM/YYYY,2025-10-10 16:10:27,2025-10-10 16:10:27,101073,1,,0,,4,English,1001732,,0,0,,1,0,,3,394,(GMT 3:00) Eastern African Time (Africa/Addis_Ababa),True
1500,@EG@9510cab6cf3080c24fcee8b1ce9aa208,,Duncan,1112,Kenya,1001731,,KES,77,Kenyan Shilling,KES,,dd/MM/yyyy,2,,,2025-10-10 05:00:00,"#,###.##",DD/MM/YYYY,2025-10-10 16:05:09,2025-10-10 16:05:09,101072,22,,0,,4,English,1001731,,0,0,,1,0,,3,394,(GMT 3:00) Eastern African Time (Africa/Addis_Ababa),True
1499,@EG@53e284311f1203ba8b25f521671ad302,,Nameless,1112,Kenya,1001730,,KES,77,Kenyan Shilling,KES,,dd/MM/yyyy,2,,,2025-10-10 05:00:00,"#,###.##",DD/MM/YYYY,2025-10-10 16:03:50,2025-10-10 16:03:50,101071,7,,0,,4,English,1001730,,0,0,,1,0,,3,394,(GMT 3:00) Eastern African Time (Africa/Addis_Ababa),True
1498,@EG@2521938026e84069c28012bfdb4b4967,,Godbless Hope,1112,Kenya,1001729,,KES,77,Kenyan Shilling,KES,,dd/MM/yyyy,2,,,2025-10-10 05:00:00,"#,###.##",DD/MM/YYYY,2025-10-10 16:00:56,2025-10-10 16:00:56,101070,7,,0,,4,English,1001729,,0,0,,1,0,,3,394,(GMT 3:00) Eastern African Time (Africa/Addis_Ababa),True
1497,@EG@321ffe12c188c0dff2dea1b68be12fc0,,Captain hawk security,1112,Kenya,1001728,,KES,77,Kenyan Shilling,KES,,dd/MM/yyyy,2,,,2025-10-10 05:00:00,"#,###.##",DD/MM/YYYY,2025-10-10 15:56:30,2025-10-10 15:56:30,101069,3,,0,,4,English,1001728,,0,0,,1,0,,3,394,(GMT 3:00) Eastern African Time (Africa/Addis_Ababa),True
1495,@EG@0eb3b22ed6faa3493b07ad1ca7752c99,,Cicilia Bongoye,1112,Kenya,1001726,,KES,77,Kenyan Shilling,KES,,dd/MM/yyyy,2,,,2025-10-10 05:00:00,"#,###.##",DD/MM/YYYY,2025-10-10 15:45:32,2025-10-10 15:45:32,101068,7,,0,,4,English,1001726,,0,0,,1,0,,3,394,(GMT 3:00) Eastern African Time (Africa/Addis_Ababa),True
1493,@EG@302b1dc608fa48b134e54543813b9710,,Duncan Murangiri,1112,Kenya,1001724,,KES,77,Kenyan Shilling,KES,,dd/MM/yyyy,2,,,2025-10-10 05:00:00,"#,###.##",DD/MM/YYYY,2025-10-10 15:43:51,2025-10-10 15:43:51,101067,4,,0,,4,English,1001724,,0,0,,1,0,,3,394,(GMT 3:00) Eastern African Time (Africa/Addis_Ababa),True
1492,@EG@0a5c89e7418d06b5dd10bb8bd83fcb73,,Terry's,1112,Kenya,1001723,,KES,77,Kenyan Shilling,KES,,dd/MM/yyyy,2,,,2025-10-10 05:00:00,"#,###.##",DD/MM/YYYY,2025-10-10 15:40:35,2025-10-10 15:40:35,101066,2,,0,,4,English,1001723,,0,0,,1,0,,3,394,(GMT 3:00) Eastern African Time (Africa/Addis_Ababa),True
1491,@EG@5c64ea28597ebf9277fc35ded7fcdf39,,Billy,1112,Kenya,1001722,,KES,77,Kenyan Shilling,KES,,dd/MM/yyyy,2,,,2025-10-10 05:00:00,"#,###.##",DD/MM/YYYY,2025-10-10 15:39:13,2025-10-10 15:39:13,101065,4,,0,,4,English,1001722,,0,0,,1,0,,3,394,(GMT 3:00) Eastern African Time (Africa/Addis_Ababa),True
1490,@EG@d332c1d4971398378df2001ce913ef90,,David Kanin,1112,Kenya,1001721,,KES,77,Kenyan Shilling,KES,,dd/MM/yyyy,2,,,2025-10-10 05:00:00,"#,###.##",DD/MM/YYYY,2025-10-10 15:38:38,2025-10-10 15:38:38,101064,21,,0,,4,English,1001721,,0,0,,1,0,,3,394,(GMT 3:00) Eastern African Time (Africa/Addis_Ababa),True
1488,@EG@d9006c559a21650ee6237a53a6f5e722,,Tom Lee,1096,Hong Kong,1001719,,HKD,61,Hong Kong Dollar,HK$,,dd/MM/yyyy,2,,,2025-10-11 00:00:00,"#.###,##",DD/MM/YYYY,2025-10-11 16:56:51,2025-10-11 16:56:51,101195,3,,0,,4,English,1001719,,0,0,,1,0,,8,488,(GMT 8:00) Hong Kong Time (Asia/Hong_Kong),True
1487,@EG@b83eb68fc569373ccfc255d7f74e371a,,Lilian,1112,Kenya,1001718,,KES,77,Kenyan Shilling,KES,,dd/MM/yyyy,2,,,2025-10-10 05:00:00,"#,###.##",DD/MM/YYYY,2025-10-10 15:34:05,2025-10-10 15:34:05,101063,4,,0,,4,English,1001718,,0,0,,1,0,,3,394,(GMT 3:00) Eastern African Time (Africa/Addis_Ababa),True
1486,@EG@1580d75a93f08fdfc98fefaf9cd7879b,,Kenya seed company,1112,Kenya,1001717,,KES,77,Kenyan Shilling,KES,,dd/MM/yyyy,2,,,2025-10-10 05:00:00,"#,###.##",DD/MM/YYYY,2025-10-10 15:33:32,2025-10-10 15:33:32,101062,3,,0,,4,English,1001717,,0,0,,1,0,,3,394,(GMT 3:00) Eastern African Time (Africa/Addis_Ababa),True
1485,@EG@2a37b18eb4e30c4977edccf11becd749,,Mtumba bales,1112,Kenya,1001716,,KES,77,Kenyan Shilling,KES,,dd/MM/yyyy,2,,,2025-10-10 05:00:00,"#,###.##",DD/MM/YYYY,2025-10-10 15:32:15,2025-10-10 15:32:15,101061,14,,0,,4,English,1001716,,0,0,,1,0,,3,394,(GMT 3:00) Eastern African Time (Africa/Addis_Ababa),True
1482,@EG@9037f4d2586ee1fa0b2395a70830c1f2,,Stephens Shop,1112,Kenya,1001713,,KES,77,Kenyan Shilling,KES,,dd/MM/yyyy,2,,,2025-10-10 05:00:00,"#,###.##",DD/MM/YYYY,2025-10-10 14:58:33,2025-10-10 14:58:33,101059,3,,0,,4,English,1001713,,0,0,,1,0,,3,394,(GMT 3:00) Eastern African Time (Africa/Addis_Ababa),True
1480,@EG@1bfbb59d7cf72f0961b388fb71987bf0,,Cabdihaab57@gmail.com,1001,Afghanistan,1001711,,AFN,2,Afghan Afghani,AFN,,yyyy-MM-dd,2,,,2025-10-10 03:30:00,"#,###.##",YYYY-MM-DD,2025-10-10 14:40:57,2025-10-10 14:40:57,101058,34,,0,,4,English,1001711,,0,0,,1,0,,4.3,436,(GMT 4:30) Afghanistan Time (Asia/Kabul),True
1478,@EG@bfbd3e2a8875f9f189f10e6aa4bf5aaa,,Cocacola,1112,Kenya,1001709,,KES,77,Kenyan Shilling,KES,,dd/MM/yyyy,2,,,2025-10-10 05:00:00,"#,###.##",DD/MM/YYYY,2025-10-10 14:36:17,2025-10-10 14:36:17,101057,7,,0,,4,English,1001709,,0,0,,1,0,,3,394,(GMT 3:00) Eastern African Time (Africa/Addis_Ababa),True
1477,@EG@28e92a4c28191b97289259a0cef84ca5,,Mutinda,1112,Kenya,1001708,,KES,77,Kenyan Shilling,KES,,dd/MM/yyyy,2,,,2025-10-10 05:00:00,"#,###.##",DD/MM/YYYY,2025-10-10 14:14:05,2025-10-10 14:14:05,101056,7,,0,,4,English,1001708,,0,0,,1,0,,3,394,(GMT 3:00) Eastern African Time (Africa/Addis_Ababa),True
1475,@EG@0bfc705544afe33ea37fdb9497625814,,Navie Pam,1112,Kenya,1001706,,KES,77,Kenyan Shilling,KES,,dd/MM/yyyy,2,,,2025-10-10 05:00:00,"#,###.##",DD/MM/YYYY,2025-10-10 14:12:31,2025-10-10 14:12:31,101055,27,,0,,4,English,1001706,,0,0,,1,0,,3,394,(GMT 3:00) Eastern African Time (Africa/Addis_Ababa),True
1473,@EG@9c7048465c1a79a1bb1e9e2a2d91d8b2,,Boutique,1112,Kenya,1001704,,KES,77,Kenyan Shilling,KES,,dd/MM/yyyy,2,,,2025-10-10 05:00:00,"#,###.##",DD/MM/YYYY,2025-10-10 14:04:54,2025-10-10 14:04:54,101054,3,,0,,4,English,1001704,,0,0,,1,0,,3,394,(GMT 3:00) Eastern African Time (Africa/Addis_Ababa),True
1471,@EG@121f05fdcf846fd9830f79c87de2ffb9,,Abuu bakar,1112,Kenya,1001702,,KES,77,Kenyan Shilling,KES,,dd/MM/yyyy,2,,,2025-10-10 05:00:00,"#,###.##",DD/MM/YYYY,2025-10-10 13:53:09,2025-10-10 13:53:09,101052,34,,0,,4,English,1001702,,0,0,,1,0,,3,394,(GMT 3:00) Eastern African Time (Africa/Addis_Ababa),True
1466,@EG@77fc38e87f2af79a3169debdcfe97e66,,Safariom,1039,Canada,1001697,,CAD,27,Canadian Dollar,$,,yyyy-MM-dd,2,,,2025-10-10 13:00:00,"#,###.##",YYYY-MM-DD,2025-10-10 13:36:25,2025-10-10 13:36:25,101051,1,,0,,4,English,1001697,,0,0,,1,0,,-5,110,(GMT -5:00) Eastern Standard Time (America/Atikokan),True
1464,@EG@98377811f675265df34ef3e07d92c174,,Moses mwangi,1112,Kenya,1001695,,KES,77,Kenyan Shilling,KES,,dd/MM/yyyy,2,,,2025-10-10 05:00:00,"#,###.##",DD/MM/YYYY,2025-10-10 13:30:00,2025-10-10 13:30:00,101050,10,,0,,4,English,1001695,,0,0,,1,0,,3,394,(GMT 3:00) Eastern African Time (Africa/Addis_Ababa),True
1462,@EG@8e25e217002a21e2210a8a08cb284172,,FELISTER ARORI,1112,Kenya,1001693,,KES,77,Kenyan Shilling,KES,,dd/MM/yyyy,2,,,2025-10-10 05:00:00,"#,###.##",DD/MM/YYYY,2025-10-10 13:26:08,2025-10-10 13:26:08,101049,4,,0,,4,English,1001693,,0,0,,1,0,,3,394,(GMT 3:00) Eastern African Time (Africa/Addis_Ababa),True
1461,@EG@10b8a80c13e4c963032297d50ea857fe,,Moses Kepha,1112,Kenya,1001692,,KES,77,Kenyan Shilling,KES,,dd/MM/yyyy,2,,,2025-10-10 05:00:00,"#,###.##",DD/MM/YYYY,2025-10-10 13:24:46,2025-10-10 13:24:46,101048,1,,0,,4,English,1001692,,0,0,,1,0,,3,394,(GMT 3:00) Eastern African Time (Africa/Addis_Ababa),True
1460,@EG@927d2f407daa48a0f66a09e551d50c12,,Linnet kioko,1112,Kenya,1001691,,KES,77,Kenyan Shilling,KES,,dd/MM/yyyy,2,,,2025-10-10 05:00:00,"#,###.##",DD/MM/YYYY,2025-10-10 13:18:37,2025-10-10 13:18:37,101047,4,,0,,4,English,1001691,,0,0,,1,0,,3,394,(GMT 3:00) Eastern African Time (Africa/Addis_Ababa),True
1458,@EG@386aa3eb8d09fb5735bda6a529f94dd4,,Caroyne Coca cola,1112,Kenya,1001689,,KES,77,Kenyan Shilling,KES,,dd/MM/yyyy,2,,,2025-10-10 05:00:00,"#,###.##",DD/MM/YYYY,2025-10-10 13:07:32,2025-10-10 13:07:32,101046,7,,0,,4,English,1001689,,0,0,,1,0,,3,394,(GMT 3:00) Eastern African Time (Africa/Addis_Ababa),True
1457,@EG@c9c7264ec85192974a8f4292853faea3,,Sylvia Wangui,1112,Kenya,1001688,,KES,77,Kenyan Shilling,KES,,dd/MM/yyyy,2,,,2025-10-10 05:00:00,"#,###.##",DD/MM/YYYY,2025-10-10 13:06:34,2025-10-10 13:06:34,101045,7,,0,,4,English,1001688,,0,0,,1,0,,3,394,(GMT 3:00) Eastern African Time (Africa/Addis_Ababa),True
1456,@EG@331b5cbe035641df4a0e185c9d8b182d,,Peter Simiyu,1112,Kenya,1001687,,KES,77,Kenyan Shilling,KES,,dd/MM/yyyy,2,,,2025-10-10 05:00:00,"#,###.##",DD/MM/YYYY,2025-10-10 13:04:52,2025-10-10 13:04:52,101044,34,,0,,4,English,1001687,,0,0,,1,0,,3,394,(GMT 3:00) Eastern African Time (Africa/Addis_Ababa),True
1454,@EG@92a915a0fe549dbcc08c94549cdacd42,,Robert Kiamati,1112,Kenya,1001685,,KES,77,Kenyan Shilling,KES,,dd/MM/yyyy,2,,,2025-10-10 05:00:00,"#,###.##",DD/MM/YYYY,2025-10-10 13:03:47,2025-10-10 13:03:47,101042,22,,0,,4,English,1001685,,0,0,,1,0,,3,394,(GMT 3:00) Eastern African Time (Africa/Addis_Ababa),True
1453,@EG@9001609bf3bb73c2f1c6997bad486e30,,Morris Juma Native,1112,Kenya,1001684,,KES,77,Kenyan Shilling,KES,,dd/MM/yyyy,2,,,2025-10-10 05:00:00,"#,###.##",DD/MM/YYYY,2025-10-10 13:04:19,2025-10-10 13:04:19,101043,27,,0,,4,English,1001684,,0,0,,1,0,,3,394,(GMT 3:00) Eastern African Time (Africa/Addis_Ababa),True
1450,@EG@7a09b8693cd6f61e52410c0063421c38,,AGNES COMPANY,1112,Kenya,1001681,,KES,77,Kenyan Shilling,KES,,dd/MM/yyyy,2,,,2025-10-10 05:00:00,"#,###.##",DD/MM/YYYY,2025-10-10 12:54:23,2025-10-10 12:54:23,101041,6,,0,,4,English,1001681,,0,0,,1,0,,3,394,(GMT 3:00) Eastern African Time (Africa/Addis_Ababa),True
1449,@EG@4abd2e902802a2f5083b12ed3c7d4e2f,,Boaz company,1112,Kenya,1001680,,KES,77,Kenyan Shilling,KES,,dd/MM/yyyy,2,,,2025-10-10 05:00:00,"#,###.##",DD/MM/YYYY,2025-10-10 12:48:20,2025-10-10 12:48:20,101040,5,,0,,4,English,1001680,,0,0,,1,0,,3,394,(GMT 3:00) Eastern African Time (Africa/Addis_Ababa),True
1448,@EG@cedb35d5ca4c9dff957d67b73fc4006e,,Hillary kipkoech Tanui,1112,Kenya,1001679,,KES,77,Kenyan Shilling,KES,,dd/MM/yyyy,2,,,2025-10-10 05:00:00,"#,###.##",DD/MM/YYYY,2025-10-10 12:45:46,2025-10-10 12:45:46,101039,3,,0,,4,English,1001679,,0,0,,1,0,,3,394,(GMT 3:00) Eastern African Time (Africa/Addis_Ababa),True
1447,@EG@68ffc5571d3a9499dba85c48bdaf2836,,Kobujoi,1112,Kenya,1001678,,KES,77,Kenyan Shilling,KES,,dd/MM/yyyy,2,,,2025-10-10 05:00:00,"#,###.##",DD/MM/YYYY,2025-10-10 12:44:58,2025-10-10 12:44:58,101038,3,,0,,4,English,1001678,,0,0,,1,0,,3,394,(GMT 3:00) Eastern African Time (Africa/Addis_Ababa),True
1446,@EG@3490461b932e6334a8c8f96c6f695b6e,,Hospitality management,1112,Kenya,1001677,,KES,77,Kenyan Shilling,KES,,dd/MM/yyyy,2,,,2025-10-10 05:00:00,"#,###.##",DD/MM/YYYY,2025-10-10 12:43:58,2025-10-10 12:43:58,101037,7,,0,,4,English,1001677,,0,0,,1,0,,3,394,(GMT 3:00) Eastern African Time (Africa/Addis_Ababa),True
1445,@EG@aa4ffa9f8d2888a4b07c939056a275db,,Elizabeth Nyanchama,1112,Kenya,1001676,,KES,77,Kenyan Shilling,KES,,dd/MM/yyyy,2,,,2025-10-10 05:00:00,"#,###.##",DD/MM/YYYY,2025-10-10 12:41:42,2025-10-10 12:41:42,101036,7,,0,,4,English,1001676,,0,0,,1,0,,3,394,(GMT 3:00) Eastern African Time (Africa/Addis_Ababa),True
1444,@EG@96e68a49e617b7bc1dc6ea663193daa8,,Kilimal,1112,Kenya,1001675,,KES,77,Kenyan Shilling,KES,,dd/MM/yyyy,2,,,2025-10-10 05:00:00,"#,###.##",DD/MM/YYYY,2025-10-10 12:38:31,2025-10-10 12:38:31,101034,6,,0,,4,English,1001675,,0,0,,1,0,,3,394,(GMT 3:00) Eastern African Time (Africa/Addis_Ababa),True
1443,@EG@db77b4748e3ca015022f5f12ebd67483,,Man g pricenter company,1112,Kenya,1001674,,KES,77,Kenyan Shilling,KES,,dd/MM/yyyy,2,,,2025-10-10 05:00:00,"#,###.##",DD/MM/YYYY,2025-10-10 12:38:46,2025-10-10 12:38:46,101035,5,,0,,4,English,1001674,,0,0,,1,0,,3,394,(GMT 3:00) Eastern African Time (Africa/Addis_Ababa),True
1442,@EG@0c90485b2cb7c1e7b05b4c4664cda4a2,,Collins,1112,Kenya,1001673,,KES,77,Kenyan Shilling,KES,,dd/MM/yyyy,2,,,2025-10-10 05:00:00,"#,###.##",DD/MM/YYYY,2025-10-10 12:37:28,2025-10-10 12:37:28,101033,4,,0,,4,English,1001673,,0,0,,1,0,,3,394,(GMT 3:00) Eastern African Time (Africa/Addis_Ababa),True
1439,@EG@fb43608b2a06e28af77b33b2e59cae53,,Location,1004,Algeria,1001670,,DZD,45,Algerian Dinar,DZD,,dd/MM/yyyy,2,,,2025-10-10 07:00:00,"# ###,##",DD/MM/YYYY,2025-10-10 12:27:18,2025-10-10 12:27:18,101032,4,,0,,4,English,1001670,,0,0,,1,0,,1,295,(GMT 1:00) Central European Time (Africa/Algiers),True
1437,@EG@1bd410f1dbed810e18fc913b1ffe50ba,,Kisii,1112,Kenya,1001668,,KES,77,Kenyan Shilling,KES,,dd/MM/yyyy,2,,,2025-10-10 05:00:00,"#,###.##",DD/MM/YYYY,2025-10-10 12:17:39,2025-10-10 12:17:39,101031,3,,0,,4,English,1001668,,0,0,,1,0,,3,394,(GMT 3:00) Eastern African Time (Africa/Addis_Ababa),True
1435,@EG@67560c40229b72a1460ff607c8310371,,Mpesa,1112,Kenya,1001666,,KES,77,Kenyan Shilling,KES,,dd/MM/yyyy,2,,,2025-10-10 05:00:00,"#,###.##",DD/MM/YYYY,2025-10-10 12:16:43,2025-10-10 12:16:43,101030,7,,0,,4,English,1001666,,0,0,,1,0,,3,394,(GMT 3:00) Eastern African Time (Africa/Addis_Ababa),True
1433,@EG@1069a8b3999f798d39f7fb9041e87bef,,Mary Muthoni,1112,Kenya,1001664,,KES,77,Kenyan Shilling,KES,,dd/MM/yyyy,2,,,2025-10-10 05:00:00,"#,###.##",DD/MM/YYYY,2025-10-10 12:15:51,2025-10-10 12:15:51,101029,5,,0,,4,English,1001664,,0,0,,1,0,,3,394,(GMT 3:00) Eastern African Time (Africa/Addis_Ababa),True
1432,@EG@7cd79ca39290815c6bf6942e2898e25f,,Kilimall,1112,Kenya,1001663,,KES,77,Kenyan Shilling,KES,,dd/MM/yyyy,2,,,2025-10-10 05:00:00,"#,###.##",DD/MM/YYYY,2025-10-10 12:12:46,2025-10-10 12:12:46,101028,7,,0,,4,English,1001663,,0,0,,1,0,,3,394,(GMT 3:00) Eastern African Time (Africa/Addis_Ababa),True
1430,@EG@5602661319780841f3656dbab2ed46f9,,Hildah Muriuki,1112,Kenya,1001661,,KES,77,Kenyan Shilling,KES,,dd/MM/yyyy,2,,,2025-10-10 05:00:00,"#,###.##",DD/MM/YYYY,2025-10-10 12:03:54,2025-10-10 12:03:54,101027,7,,0,,4,English,1001661,,0,0,,1,0,,3,394,(GMT 3:00) Eastern African Time (Africa/Addis_Ababa),True
1428,@EG@1de662a488fefb404506b08f19acfc77,,Nastykidz of mmbasa,1112,Kenya,1001659,,KES,77,Kenyan Shilling,KES,,dd/MM/yyyy,2,,,2025-10-10 05:00:00,"#,###.##",DD/MM/YYYY,2025-10-10 11:52:28,2025-10-10 11:52:28,101025,34,,0,,4,English,1001659,,0,0,,1,0,,3,394,(GMT 3:00) Eastern African Time (Africa/Addis_Ababa),True
1427,@EG@a3f3b074ddec257cc06277c4d6e4407c,,Jiayo international company,1112,Kenya,1001658,,KES,77,Kenyan Shilling,KES,,dd/MM/yyyy,2,,,2025-10-10 05:00:00,"#,###.##",DD/MM/YYYY,2025-10-10 11:50:37,2025-10-10 11:50:37,101024,12,,0,,4,English,1001658,,0,0,,1,0,,3,394,(GMT 3:00) Eastern African Time (Africa/Addis_Ababa),True
1426,@EG@4ae05c0aa2cfd6889a470821a728860c,,Martin sails otsieno,1112,Kenya,1001657,,KES,77,Kenyan Shilling,KES,,dd/MM/yyyy,2,,,2025-10-10 05:00:00,"#,###.##",DD/MM/YYYY,2025-10-10 11:56:57,2025-10-10 11:56:57,101026,1,,0,,4,English,1001657,,0,0,,1,0,,3,394,(GMT 3:00) Eastern African Time (Africa/Addis_Ababa),True
1425,@EG@941f7255126f0006da359336af8aea5a,,Ghood,1112,Kenya,1001656,,KES,77,Kenyan Shilling,KES,,dd/MM/yyyy,2,,,2025-10-10 05:00:00,"#,###.##",DD/MM/YYYY,2025-10-10 11:49:55,2025-10-10 11:49:55,101022,2,,0,,4,English,1001656,,0,0,,1,0,,3,394,(GMT 3:00) Eastern African Time (Africa/Addis_Ababa),True
1423,@EG@e617e2e24c4254c49b123d31940df0c1,,Stephen mramba,1112,Kenya,1001654,,KES,77,Kenyan Shilling,KES,,dd/MM/yyyy,2,,,2025-10-10 05:00:00,"#,###.##",DD/MM/YYYY,2025-10-10 11:50:09,2025-10-10 11:50:09,101023,34,,0,,4,English,1001654,,0,0,,1,0,,3,394,(GMT 3:00) Eastern African Time (Africa/Addis_Ababa),True
1422,@EG@e64a3bd5272cf7f8312749cda362496f,,Brilliant company,1112,Kenya,1001653,,KES,77,Kenyan Shilling,KES,,dd/MM/yyyy,2,,,2025-10-10 05:00:00,"#,###.##",DD/MM/YYYY,2025-10-10 11:40:11,2025-10-10 11:40:11,101021,7,,0,,4,English,1001653,,0,0,,1,0,,3,394,(GMT 3:00) Eastern African Time (Africa/Addis_Ababa),True
1421,@EG@d97ee8cef16e57c460572f88a19bd8a4,,Mohammed toni,1112,Kenya,1001652,,KES,77,Kenyan Shilling,KES,,dd/MM/yyyy,2,,,2025-10-10 05:00:00,"#,###.##",DD/MM/YYYY,2025-10-10 11:35:51,2025-10-10 11:35:51,101020,34,,0,,4,English,1001652,,0,0,,1,0,,3,394,(GMT 3:00) Eastern African Time (Africa/Addis_Ababa),True
1420,@EG@c04a6e07042705d5f6e2f16b5c8d2058,,Naomi Nungari Ndome,1112,Kenya,1001651,,KES,77,Kenyan Shilling,KES,,dd/MM/yyyy,2,,,2025-10-10 05:00:00,"#,###.##",DD/MM/YYYY,2025-10-10 11:34:06,2025-10-10 11:34:06,101019,30,,0,,4,English,1001651,,0,0,,1,0,,3,394,(GMT 3:00) Eastern African Time (Africa/Addis_Ababa),True
1419,@EG@b17880ca3d8136b8859c2d7d036d7eb6,,Vivo energy,1112,Kenya,1001650,,KES,77,Kenyan Shilling,KES,,dd/MM/yyyy,2,,,2025-10-10 05:00:00,"#,###.##",DD/MM/YYYY,2025-10-10 11:30:15,2025-10-10 11:30:15,101018,1,,0,,4,English,1001650,,0,0,,1,0,,3,394,(GMT 3:00) Eastern African Time (Africa/Addis_Ababa),True
1418,@EG@bf974a12a67285eb0b2d990213c9f9f1,,Kizeu & son,1112,Kenya,1001649,,KES,77,Kenyan Shilling,KES,,dd/MM/yyyy,2,,,2025-10-10 05:00:00,"#,###.##",DD/MM/YYYY,2025-10-10 11:29:58,2025-10-10 11:29:58,101017,5,,0,,4,English,1001649,,0,0,,1,0,,3,394,(GMT 3:00) Eastern African Time (Africa/Addis_Ababa),True
1415,@EG@6ecd6238d8fb24a08a9fdba12658a938,,Douglas,1112,Kenya,1001646,,KES,77,Kenyan Shilling,KES,,dd/MM/yyyy,2,,,2025-10-10 05:00:00,"#,###.##",DD/MM/YYYY,2025-10-10 11:28:17,2025-10-10 11:28:17,101016,3,,0,,4,English,1001646,,0,0,,1,0,,3,394,(GMT 3:00) Eastern African Time (Africa/Addis_Ababa),True
1414,@EG@7f72656316e66e90fb4b48c14e916038,,Impala,1112,Kenya,1001645,,KES,77,Kenyan Shilling,KES,,dd/MM/yyyy,2,,,2025-10-10 05:00:00,"#,###.##",DD/MM/YYYY,2025-10-10 11:28:13,2025-10-10 11:28:13,101015,30,,0,,4,English,1001645,,0,0,,1,0,,3,394,(GMT 3:00) Eastern African Time (Africa/Addis_Ababa),True
1412,@EG@fdba3a363155f0f14a4b83fcac7f73c2,,Mafuta LMT,1112,Kenya,1001643,,KES,77,Kenyan Shilling,KES,,dd/MM/yyyy,2,,,2025-10-10 05:00:00,"#,###.##",DD/MM/YYYY,2025-10-10 11:23:41,2025-10-10 11:23:41,101013,4,,0,,4,English,1001643,,0,0,,1,0,,3,394,(GMT 3:00) Eastern African Time (Africa/Addis_Ababa),True
1411,@EG@8087a93ccf295ec961ab58d4ad80fac8,,Senior enterprise,1112,Kenya,1001642,,KES,77,Kenyan Shilling,KES,,dd/MM/yyyy,2,,,2025-10-10 05:00:00,"#,###.##",DD/MM/YYYY,2025-10-10 11:24:18,2025-10-10 11:24:18,101014,1,,0,,4,English,1001642,,0,0,,1,0,,3,394,(GMT 3:00) Eastern African Time (Africa/Addis_Ababa),True
1410,@EG@170fcc4bd57bdb12d686a39d7105b941,,Shiva Mombasa,1112,Kenya,1001641,,KES,77,Kenyan Shilling,KES,,dd/MM/yyyy,2,,,2025-10-10 05:00:00,"#,###.##",DD/MM/YYYY,2025-10-10 11:23:08,2025-10-10 11:23:08,101012,7,,0,,4,English,1001641,,0,0,,1,0,,3,394,(GMT 3:00) Eastern African Time (Africa/Addis_Ababa),True
1408,@EG@01daca07796af3234550e9acd37c97a9,,Sofia Kulisa Bonaya,1112,Kenya,1001639,,KES,77,Kenyan Shilling,KES,,dd/MM/yyyy,2,,,2025-10-10 05:00:00,"#,###.##",DD/MM/YYYY,2025-10-10 11:19:02,2025-10-10 11:19:02,101010,7,,0,,4,English,1001639,,0,0,,1,0,,3,394,(GMT 3:00) Eastern African Time (Africa/Addis_Ababa),True
1407,@EG@29d43a5dc054792fbc9a5c9955efb902,,Novitah Kelly company,1112,Kenya,1001638,,KES,77,Kenyan Shilling,KES,,dd/MM/yyyy,2,,,2025-10-10 05:00:00,"#,###.##",DD/MM/YYYY,2025-10-10 11:18:14,2025-10-10 11:18:14,101009,1,,0,,4,English,1001638,,0,0,,1,0,,3,394,(GMT 3:00) Eastern African Time (Africa/Addis_Ababa),True
1406,@EG@283d293f36bdbaec5561e09af92756d5,,Del Monte limited,1112,Kenya,1001637,,KES,77,Kenyan Shilling,KES,,dd/MM/yyyy,2,,,2025-10-10 05:00:00,"#,###.##",DD/MM/YYYY,2025-10-10 11:19:47,2025-10-10 11:19:47,101011,30,,0,,4,English,1001637,,0,0,,1,0,,3,394,(GMT 3:00) Eastern African Time (Africa/Addis_Ababa),True
1405,@EG@256bd737a0ded7854f9f69d501e17206,,Uzima chicken company,1112,Kenya,1001636,,KES,77,Kenyan Shilling,KES,,dd/MM/yyyy,2,,,2025-10-10 05:00:00,"#,###.##",DD/MM/YYYY,2025-10-10 11:16:37,2025-10-10 11:16:37,101008,1,,0,,4,English,1001636,,0,0,,1,0,,3,394,(GMT 3:00) Eastern African Time (Africa/Addis_Ababa),True
1402,@EG@9b685537464f695dccea609e912cb3b6,,Masonry,1112,Kenya,1001633,,KES,77,Kenyan Shilling,KES,,dd/MM/yyyy,2,,,2025-10-10 05:00:00,"#,###.##",DD/MM/YYYY,2025-10-10 11:08:52,2025-10-10 11:08:52,101007,27,,0,,4,English,1001633,,0,0,,1,0,,3,394,(GMT 3:00) Eastern African Time (Africa/Addis_Ababa),True
1400,@EG@6d88d1a20dbe6a748f053732e0236381,,Grace Wakesho,1112,Kenya,1001631,,KES,77,Kenyan Shilling,KES,,dd/MM/yyyy,2,,,2025-10-10 05:00:00,"#,###.##",DD/MM/YYYY,2025-10-10 11:07:12,2025-10-10 11:07:12,101006,1,,0,,4,English,1001631,,0,0,,1,0,,3,394,(GMT 3:00) Eastern African Time (Africa/Addis_Ababa),True
1399,@EG@12cac2f679dc796de297b19f5e7ef91a,,Creative floorsanding and renovations,1112,Kenya,1001630,,KES,77,Kenyan Shilling,KES,,dd/MM/yyyy,2,,,2025-10-10 05:00:00,"#,###.##",DD/MM/YYYY,2025-10-10 11:06:14,2025-10-10 11:06:14,101005,34,,0,,4,English,1001630,,0,0,,1,0,,3,394,(GMT 3:00) Eastern African Time (Africa/Addis_Ababa),True
1396,@EG@7ed65dd323b41486297ecbc534695e87,,Totol,1112,Kenya,1001627,,KES,77,Kenyan Shilling,KES,,dd/MM/yyyy,2,,,2025-10-10 05:00:00,"#,###.##",DD/MM/YYYY,2025-10-10 10:56:05,2025-10-10 10:56:05,101004,3,,0,,4,English,1001627,,0,0,,1,0,,3,394,(GMT 3:00) Eastern African Time (Africa/Addis_Ababa),True
1394,@EG@f55b0d3033a3dc7694c4b9b734679b31,,Francis oduor otieno,1112,Kenya,1001625,,KES,77,Kenyan Shilling,KES,,dd/MM/yyyy,2,,,2025-10-10 05:00:00,"#,###.##",DD/MM/YYYY,2025-10-10 10:53:59,2025-10-10 10:53:59,101003,30,,0,,4,English,1001625,,0,0,,1,0,,3,394,(GMT 3:00) Eastern African Time (Africa/Addis_Ababa),True
1393,@EG@6d3b20c037f7e8dc9d49b7501b006169,,Violet,1112,Kenya,1001624,,KES,77,Kenyan Shilling,KES,,dd/MM/yyyy,2,,,2025-10-10 05:00:00,"#,###.##",DD/MM/YYYY,2025-10-10 10:50:10,2025-10-10 10:50:10,101002,1,,0,,4,English,1001624,,0,0,,1,0,,3,394,(GMT 3:00) Eastern African Time (Africa/Addis_Ababa),True
1392,@EG@60f4340bcbaf4993593608128471b3e2,,Transline,1112,Kenya,1001623,,KES,77,Kenyan Shilling,KES,,dd/MM/yyyy,2,,,2025-10-10 05:00:00,"#,###.##",DD/MM/YYYY,2025-10-10 10:45:39,2025-10-10 10:45:39,101000,6,,0,,4,English,1001623,,0,0,,1,0,,3,394,(GMT 3:00) Eastern African Time (Africa/Addis_Ababa),True
1391,@EG@884e54cf52914b9bcfa462ff66ed2992,,Dreamline,1112,Kenya,1001622,,KES,77,Kenyan Shilling,KES,,dd/MM/yyyy,2,,,2025-10-10 05:00:00,"#,###.##",DD/MM/YYYY,2025-10-10 10:45:56,2025-10-10 10:45:56,101001,18,,0,,4,English,1001622,,0,0,,1,0,,3,394,(GMT 3:00) Eastern African Time (Africa/Addis_Ababa),True
1389,@EG@16730c504a17668081372f4428f7a0a9,,Peter maganga Maganga,1112,Kenya,1001620,,KES,77,Kenyan Shilling,KES,,dd/MM/yyyy,2,,,2025-10-10 05:00:00,"#,###.##",DD/MM/YYYY,2025-10-10 10:35:34,2025-10-10 10:35:34,100998,5,,0,,4,English,1001620,,0,0,,1,0,,3,394,(GMT 3:00) Eastern African Time (Africa/Addis_Ababa),True
1388,@EG@dc3d8b6f9e23fd6f73b7184a960a0f8a,,Internalfoundation,1112,Kenya,1001619,,KES,77,Kenyan Shilling,KES,,dd/MM/yyyy,2,,,2025-10-10 05:00:00,"#,###.##",DD/MM/YYYY,2025-10-10 10:37:08,2025-10-10 10:37:08,100999,34,,0,,4,English,1001619,,0,0,,1,0,,3,394,(GMT 3:00) Eastern African Time (Africa/Addis_Ababa),True
1387,@EG@c829198d7c7672b4330daa69a4b08769,,Paul Washira,1196,South Africa,1001618,,ZAR,171,South African Rand,R,,yyyy-MM-dd,2,,,2025-10-10 06:00:00,"#.###,##",YYYY-MM-DD,2025-10-10 10:32:24,2025-10-10 10:32:24,100997,5,,0,,4,English,1001618,,0,0,,1,0,,2,353,(GMT 2:00) South Africa Standard Time (Africa/Johannesburg),True
1386,@EG@8784ca510707aa4dc91686242a2ab626,,Abby,1112,Kenya,1001617,,KES,77,Kenyan Shilling,KES,,dd/MM/yyyy,2,,,2025-10-10 05:00:00,"#,###.##",DD/MM/YYYY,2025-10-10 10:26:49,2025-10-10 10:26:49,100996,6,,0,,4,English,1001617,,0,0,,1,0,,3,394,(GMT 3:00) Eastern African Time (Africa/Addis_Ababa),True
1385,@EG@018e6c617707d23980f49b8eab328872,,Pembe Flour Mills LTD.,1112,Kenya,1001616,,KES,77,Kenyan Shilling,KES,,dd/MM/yyyy,2,,,2025-10-10 05:00:00,"#,###.##",DD/MM/YYYY,2025-10-10 10:24:39,2025-10-10 10:24:39,100995,32,,0,,4,English,1001616,,0,0,,1,0,,3,394,(GMT 3:00) Eastern African Time (Africa/Addis_Ababa),True
1382,@EG@f12ec13d9d751eb45f9d8cba72a608a6,,Jona Enterprise,1112,Kenya,1001613,,KES,77,Kenyan Shilling,KES,,dd/MM/yyyy,2,,,2025-10-10 05:00:00,"#,###.##",DD/MM/YYYY,2025-10-10 10:21:24,2025-10-10 10:21:24,100994,16,,0,,4,English,1001613,,0,0,,1,0,,3,394,(GMT 3:00) Eastern African Time (Africa/Addis_Ababa),True
1380,@EG@3b6f6e783358d5895c34f33f77c58d62,,Lintomax,1112,Kenya,1001611,,KES,77,Kenyan Shilling,KES,,dd/MM/yyyy,2,,,2025-10-10 05:00:00,"#,###.##",DD/MM/YYYY,2025-10-10 10:21:17,2025-10-10 10:21:17,100993,4,,0,,4,English,1001611,,0,0,,1,0,,3,394,(GMT 3:00) Eastern African Time (Africa/Addis_Ababa),True
1379,@EG@d600332314de68228eac97ee162657a9,,Newwide Apparel,1112,Kenya,1001610,,KES,77,Kenyan Shilling,KES,,dd/MM/yyyy,2,,,2025-10-10 05:00:00,"#,###.##",DD/MM/YYYY,2025-10-10 10:14:16,2025-10-10 10:14:16,100992,3,,0,,4,English,1001610,,0,0,,1,0,,3,394,(GMT 3:00) Eastern African Time (Africa/Addis_Ababa),True
1378,@EG@7c40e34b34625fa34eec78284f5599e3,,Daniel nzau KALENGA,1112,Kenya,1001609,,KES,77,Kenyan Shilling,KES,,dd/MM/yyyy,2,,,2025-10-10 05:00:00,"#,###.##",DD/MM/YYYY,2025-10-10 09:58:33,2025-10-10 09:58:33,100991,6,,0,,4,English,1001609,,0,0,,1,0,,3,394,(GMT 3:00) Eastern African Time (Africa/Addis_Ababa),True
1377,@EG@66bbcdd4000302c7b298a69c3079e9e6,,Inajib,1112,Kenya,1001608,,KES,77,Kenyan Shilling,KES,,dd/MM/yyyy,2,,,2025-10-10 05:00:00,"#,###.##",DD/MM/YYYY,2025-10-10 09:52:26,2025-10-10 09:52:26,100990,3,,0,,4,English,1001608,,0,0,,1,0,,3,394,(GMT 3:00) Eastern African Time (Africa/Addis_Ababa),True
1371,@EG@b938d2a2b75e5c94375100731fca7d22,,taveeta youth,1112,Kenya,1001602,,KES,77,Kenyan Shilling,KES,,dd/MM/yyyy,2,,,2025-10-10 05:00:00,"#,###.##",DD/MM/YYYY,2025-10-10 09:07:12,2025-10-10 09:07:12,100989,1,,0,,4,English,1001602,,0,0,,1,0,,3,394,(GMT 3:00) Eastern African Time (Africa/Addis_Ababa),True
1370,@EG@73cece05f5aeb99099dd05f8f9f32297,,paul mutiso,1112,Kenya,1001601,,KES,77,Kenyan Shilling,KES,,dd/MM/yyyy,2,,,2025-10-10 05:00:00,"#,###.##",DD/MM/YYYY,2025-10-10 09:05:27,2025-10-10 09:05:27,100988,4,,0,,4,English,1001601,,0,0,,1,0,,3,394,(GMT 3:00) Eastern African Time (Africa/Addis_Ababa),True
1369,@EG@b6f89003c77692f3a0426f8069a83143,,Graford company,1112,Kenya,1001600,,KES,77,Kenyan Shilling,KES,,dd/MM/yyyy,2,,,2025-10-10 05:00:00,"#,###.##",DD/MM/YYYY,2025-10-10 09:05:07,2025-10-10 09:05:07,100987,18,,0,,4,English,1001600,,0,0,,1,0,,3,394,(GMT 3:00) Eastern African Time (Africa/Addis_Ababa),True
1368,@EG@d32fb65983cd0bc5ac76525686a9257c,,Miriam Nicole,1112,Kenya,1001599,,KES,77,Kenyan Shilling,KES,,dd/MM/yyyy,2,,,2025-10-10 05:00:00,"#,###.##",DD/MM/YYYY,2025-10-10 09:00:28,2025-10-10 09:00:28,100986,4,,0,,4,English,1001599,,0,0,,1,0,,3,394,(GMT 3:00) Eastern African Time (Africa/Addis_Ababa),True
1367,@EG@7e31fd7321b84ea943d539ef343e3d30,,Vasbert Lishamba,1112,Kenya,1001598,,KES,77,Kenyan Shilling,KES,,dd/MM/yyyy,2,,,2025-10-10 05:00:00,"#,###.##",DD/MM/YYYY,2025-10-10 08:59:16,2025-10-10 08:59:16,100985,4,,0,,4,English,1001598,,0,0,,1,0,,3,394,(GMT 3:00) Eastern African Time (Africa/Addis_Ababa),True
1366,@EG@080933529340e801141b8a767d75d903,,Fedhalawi,1112,Kenya,1001597,,KES,77,Kenyan Shilling,KES,,dd/MM/yyyy,2,,,2025-10-10 05:00:00,"#,###.##",DD/MM/YYYY,2025-10-10 17:22:38,2025-10-10 17:22:38,101098,7,,0,,4,English,1001597,,0,0,,1,0,,3,394,(GMT 3:00) Eastern African Time (Africa/Addis_Ababa),True
1365,@EG@3c3a8321837de4cb005d5fc8c9ab602d,,Juma mbauro charo,1112,Kenya,1001596,,KES,77,Kenyan Shilling,KES,,dd/MM/yyyy,2,,,2025-10-10 05:00:00,"#,###.##",DD/MM/YYYY,2025-10-10 08:55:23,2025-10-10 08:55:23,100984,30,,0,,4,English,1001596,,0,0,,1,0,,3,394,(GMT 3:00) Eastern African Time (Africa/Addis_Ababa),True
1363,@EG@6ea0346a43d5a3e3ef250621660b2754,,Fardowsa galti,1112,Kenya,1001594,,KES,77,Kenyan Shilling,KES,,dd/MM/yyyy,2,,,2025-10-10 05:00:00,"#,###.##",DD/MM/YYYY,2025-10-10 08:50:04,2025-10-10 08:50:04,100983,2,,0,,4,English,1001594,,0,0,,1,0,,3,394,(GMT 3:00) Eastern African Time (Africa/Addis_Ababa),True
1362,@EG@4c3f7726701efca52c0bf0159fb62c65,,Joy,1112,Kenya,1001593,,KES,77,Kenyan Shilling,KES,,dd/MM/yyyy,2,,,2025-10-10 05:00:00,"#,###.##",DD/MM/YYYY,2025-10-10 08:49:38,2025-10-10 08:49:38,100982,4,,0,,4,English,1001593,,0,0,,1,0,,3,394,(GMT 3:00) Eastern African Time (Africa/Addis_Ababa),True
1361,@EG@476e232b765d0d2aecc011d226bc8d5a,,Hokile,1112,Kenya,1001592,,KES,77,Kenyan Shilling,KES,,dd/MM/yyyy,2,,,2025-10-10 05:00:00,"#,###.##",DD/MM/YYYY,2025-10-10 08:44:57,2025-10-10 08:44:57,100981,4,,0,,4,English,1001592,,0,0,,1,0,,3,394,(GMT 3:00) Eastern African Time (Africa/Addis_Ababa),True
1358,@EG@1cdb84aaebf68ef9b1bfaca5d9f713cb,,Diana Asena,1112,Kenya,1001589,,KES,77,Kenyan Shilling,KES,,dd/MM/yyyy,2,,,2025-10-10 05:00:00,"#,###.##",DD/MM/YYYY,2025-10-10 08:12:36,2025-10-10 08:12:36,100980,7,,0,,4,English,1001589,,0,0,,1,0,,3,394,(GMT 3:00) Eastern African Time (Africa/Addis_Ababa),True
1357,@EG@9e2a9bd37c828c25205ce2dabeeded7a,,ARABBY PLACE,1112,Kenya,1001588,,KES,77,Kenyan Shilling,KES,,dd/MM/yyyy,2,,,2025-10-10 05:00:00,"#,###.##",DD/MM/YYYY,2025-10-10 08:10:55,2025-10-10 08:10:55,100979,7,,0,,4,English,1001588,,0,0,,1,0,,3,394,(GMT 3:00) Eastern African Time (Africa/Addis_Ababa),True
1356,@EG@95e2b4e4d64028c1c96b9cc89959a20b,,Hami Dashy,1112,Kenya,1001587,,KES,77,Kenyan Shilling,KES,,dd/MM/yyyy,2,,,2025-10-10 05:00:00,"#,###.##",DD/MM/YYYY,2025-10-10 07:57:18,2025-10-10 07:57:18,100978,34,,0,,4,English,1001587,,0,0,,1,0,,3,394,(GMT 3:00) Eastern African Time (Africa/Addis_Ababa),True
1355,@EG@eb1ead3e64bfbc0e38b3615f95862694,,Caledian,1196,South Africa,1001586,,ZAR,171,South African Rand,R,,yyyy-MM-dd,2,,,2025-10-10 06:00:00,"#.###,##",YYYY-MM-DD,2025-10-10 07:55:05,2025-10-10 07:55:05,100977,34,,0,,4,English,1001586,,0,0,,1,0,,2,353,(GMT 2:00) South Africa Standard Time (Africa/Johannesburg),True
1354,@EG@46468043f0016efef25438eed5077931,,Donne Auto Garage,1112,Kenya,1001585,,KES,77,Kenyan Shilling,KES,,dd/MM/yyyy,2,,,2025-10-10 05:00:00,"#,###.##",DD/MM/YYYY,2025-10-10 07:52:14,2025-10-10 07:52:14,100975,2,,0,,4,English,1001585,,0,0,,1,0,,3,394,(GMT 3:00) Eastern African Time (Africa/Addis_Ababa),True
1353,@EG@75dac3120c0d94c255a8da488b43df93,,Cool bros,1112,Kenya,1001584,,KES,77,Kenyan Shilling,KES,,dd/MM/yyyy,2,,,2025-10-10 05:00:00,"#,###.##",DD/MM/YYYY,2025-10-10 07:53:14,2025-10-10 07:53:14,100976,7,,0,,4,English,1001584,,0,0,,1,0,,3,394,(GMT 3:00) Eastern African Time (Africa/Addis_Ababa),True
1351,@EG@a830ad578507364e2f1ec0137af7e0b3,,Frederick maina,1112,Kenya,1001582,,KES,77,Kenyan Shilling,KES,,dd/MM/yyyy,2,,,2025-10-10 05:00:00,"#,###.##",DD/MM/YYYY,2025-10-10 07:40:41,2025-10-10 07:40:41,100974,34,,0,,4,English,1001582,,0,0,,1,0,,3,394,(GMT 3:00) Eastern African Time (Africa/Addis_Ababa),True
1350,@EG@134693516657e9fa376f77b76b33108d,,Madiino axmed Cismaan,1195,Somalia,1001581,,SOS,135,Somali Shilling,S,,dd/MM/yyyy,2,,,2025-10-10 05:00:00,"#,###.##",DD/MM/YYYY,2025-10-10 07:22:25,2025-10-10 07:22:25,100973,4,,0,,4,English,1001581,,0,0,,1,0,,3,410,(GMT 3:00) GMT+03:00 (Etc/GMT-3),True
1348,@EG@5e9dadd74898612dec23debcaf7f9d3b,,Nobody,1039,Canada,1001579,,CAD,27,Canadian Dollar,$,,yyyy-MM-dd,2,,,2025-10-10 13:00:00,"#,###.##",YYYY-MM-DD,2025-10-10 07:08:33,2025-10-10 07:08:33,100972,7,,0,,4,English,1001579,,0,0,,1,0,,-5,110,(GMT -5:00) Eastern Standard Time (America/Atikokan),True
1347,@EG@f5d4dc28338281a03c10051b2b4575d5,,Harrison opiyo,1112,Kenya,1001578,,KES,77,Kenyan Shilling,KES,,dd/MM/yyyy,2,,,2025-10-10 05:00:00,"#,###.##",DD/MM/YYYY,2025-10-10 07:07:34,2025-10-10 07:07:34,100971,1,,0,,4,English,1001578,,0,0,,1,0,,3,394,(GMT 3:00) Eastern African Time (Africa/Addis_Ababa),True
1342,@EG@16177efefda5af5cea37c6de562cb7b0,,Daud,1112,Kenya,1001573,,KES,77,Kenyan Shilling,KES,,dd/MM/yyyy,2,,,2025-10-10 05:00:00,"#,###.##",DD/MM/YYYY,2025-10-10 06:43:16,2025-10-10 06:43:16,100970,1,,0,,4,English,1001573,,0,0,,1,0,,3,394,(GMT 3:00) Eastern African Time (Africa/Addis_Ababa),True
1340,@EG@73fa0c67b4436ce1be6d5abe757b309d,,KRA,1112,Kenya,1001571,,KES,77,Kenyan Shilling,KES,,dd/MM/yyyy,2,,,2025-10-10 05:00:00,"#,###.##",DD/MM/YYYY,2025-10-10 06:35:40,2025-10-10 06:35:40,100969,9,,0,,4,English,1001571,,0,0,,1,0,,3,394,(GMT 3:00) Eastern African Time (Africa/Addis_Ababa),True
1339,@EG@3db267399bcd598e4456f1fcd474cc49,,BEFORWAD,1108,Japan,1001570,,JPY,76,Japanese Yen,¥,,yyyy-MM-dd,0,,,2025-10-09 23:00:00,"#.###,##",YYYY-MM-DD,2025-10-10 06:35:30,2025-10-10 06:35:30,100968,1,,0,,4,English,1001570,,0,0,,1,0,,9,514,(GMT 9:00) Japan Standard Time (Asia/Tokyo),True
1338,@EG@4be59477c28159bdc0d1b6367d8f4995,,Mercy Waithera,1112,Kenya,1001569,,KES,77,Kenyan Shilling,KES,,dd/MM/yyyy,2,,,2025-10-10 05:00:00,"#,###.##",DD/MM/YYYY,2025-10-10 06:16:54,2025-10-10 06:16:54,100967,7,,0,,4,English,1001569,,0,0,,1,0,,3,394,(GMT 3:00) Eastern African Time (Africa/Addis_Ababa),True
1337,@EG@f05a2475131eed7fec9a577ebabd1e6a,,Alpha k tailoribg,1112,Kenya,1001568,,KES,77,Kenyan Shilling,KES,,dd/MM/yyyy,2,,,2025-10-10 05:00:00,"#,###.##",DD/MM/YYYY,2025-10-10 06:15:37,2025-10-10 06:15:37,100966,21,,0,,4,English,1001568,,0,0,,1,0,,3,394,(GMT 3:00) Eastern African Time (Africa/Addis_Ababa),True
1336,@EG@bd74f243f880b0de22e10fa037272fa0,,silvester Akongo,1112,Kenya,1001567,,KES,77,Kenyan Shilling,KES,,dd/MM/yyyy,2,,,2025-10-10 05:00:00,"#,###.##",DD/MM/YYYY,2025-10-10 06:07:29,2025-10-10 06:07:29,100965,1,,0,,4,English,1001567,,0,0,,1,0,,3,394,(GMT 3:00) Eastern African Time (Africa/Addis_Ababa),True
1335,@EG@ea00766b34976b982fc9666ca4c8f79b,,Ismax security limited,1112,Kenya,1001566,,KES,77,Kenyan Shilling,KES,,dd/MM/yyyy,2,,,2025-10-10 05:00:00,"#,###.##",DD/MM/YYYY,2025-10-10 06:04:58,2025-10-10 06:04:58,100964,15,,0,,4,English,1001566,,0,0,,1,0,,3,394,(GMT 3:00) Eastern African Time (Africa/Addis_Ababa),True
1334,@EG@f7e64560997884364d1c6adbdff3d13c,,I have not yet find a job in any company,1112,Kenya,1001565,,KES,77,Kenyan Shilling,KES,,dd/MM/yyyy,2,,,2025-10-10 05:00:00,"#,###.##",DD/MM/YYYY,2025-10-10 06:03:28,2025-10-10 06:03:28,100963,3,,0,,4,English,1001565,,0,0,,1,0,,3,394,(GMT 3:00) Eastern African Time (Africa/Addis_Ababa),True
1333,@EG@8a128b9a6e5247041196af6a62064bb2,,Paulyn,1039,Canada,1001564,,CAD,27,Canadian Dollar,$,,yyyy-MM-dd,2,,,2025-10-10 13:00:00,"#,###.##",YYYY-MM-DD,2025-10-10 06:01:35,2025-10-10 06:01:35,100962,5,,0,,4,English,1001564,,0,0,,1,0,,-5,110,(GMT -5:00) Eastern Standard Time (America/Atikokan),True
1332,@EG@0801df310c5dd9647ba5dd0c6ef5ca48,,Viva,1112,Kenya,1001563,,KES,77,Kenyan Shilling,KES,,dd/MM/yyyy,2,,,2025-10-10 05:00:00,"#,###.##",DD/MM/YYYY,2025-10-10 05:56:59,2025-10-10 05:56:59,100961,34,,0,,4,English,1001563,,0,0,,1,0,,3,394,(GMT 3:00) Eastern African Time (Africa/Addis_Ababa),True
1329,@EG@2447cf1f302b28a8c4d44e0c2322d65c,,Green firm printers,1112,Kenya,1001560,,KES,77,Kenyan Shilling,KES,,dd/MM/yyyy,2,,,2025-10-10 05:00:00,"#,###.##",DD/MM/YYYY,2025-10-10 05:41:35,2025-10-10 05:41:35,100960,3,,0,,4,English,1001560,,0,0,,1,0,,3,394,(GMT 3:00) Eastern African Time (Africa/Addis_Ababa),True
1328,@EG@7b857a07dac86658d2644a0f7c899ad1,,Industrial area,1112,Kenya,1001559,,KES,77,Kenyan Shilling,KES,,dd/MM/yyyy,2,,,2025-10-10 05:00:00,"#,###.##",DD/MM/YYYY,2025-10-10 05:41:20,2025-10-10 05:41:20,100959,7,,0,,4,English,1001559,,0,0,,1,0,,3,394,(GMT 3:00) Eastern African Time (Africa/Addis_Ababa),True
1327,@EG@e898c82804d4a4247f5a4f9cb0d1f26b,,Lulu company,1112,Kenya,1001558,,KES,77,Kenyan Shilling,KES,,dd/MM/yyyy,2,,,2025-10-10 05:00:00,"#,###.##",DD/MM/YYYY,2025-10-10 05:34:54,2025-10-10 05:34:54,100958,5,,0,,4,English,1001558,,0,0,,1,0,,3,394,(GMT 3:00) Eastern African Time (Africa/Addis_Ababa),True
1326,@EG@86f9fdb4c796a55a0c2671501304fd61,,Fransisca Bahati,1112,Kenya,1001557,,KES,77,Kenyan Shilling,KES,,dd/MM/yyyy,2,,,2025-10-10 05:00:00,"#,###.##",DD/MM/YYYY,2025-10-10 05:27:10,2025-10-10 05:27:10,100957,7,,0,,4,English,1001557,,0,0,,1,0,,3,394,(GMT 3:00) Eastern African Time (Africa/Addis_Ababa),True
1325,@EG@8cc3a938b0410aeeb04256b2fd34ee66,,CandyCone Delights,1112,Kenya,1001556,,KES,77,Kenyan Shilling,KES,,dd/MM/yyyy,2,,,2025-10-10 05:00:00,"#,###.##",DD/MM/YYYY,2025-10-10 05:25:58,2025-10-10 05:25:58,100956,7,,0,,4,English,1001556,,0,0,,1,0,,3,394,(GMT 3:00) Eastern African Time (Africa/Addis_Ababa),True
1322,@EG@ccdc7b403cba44fb70d59c0fc909c37b,,Joseph Wamboi,1112,Kenya,1001553,,KES,77,Kenyan Shilling,KES,,dd/MM/yyyy,2,,,2025-10-10 05:00:00,"#,###.##",DD/MM/YYYY,2025-10-10 05:23:59,2025-10-10 05:23:59,100955,10,,0,,4,English,1001553,,0,0,,1,0,,3,394,(GMT 3:00) Eastern African Time (Africa/Addis_Ababa),True
1321,@EG@14238d3868914fe351185965973237c6,,Destiny,1112,Kenya,1001552,,KES,77,Kenyan Shilling,KES,,dd/MM/yyyy,2,,,2025-10-10 05:00:00,"#,###.##",DD/MM/YYYY,2025-10-10 05:19:39,2025-10-10 05:19:39,100954,1,,0,,4,English,1001552,,0,0,,1,0,,3,394,(GMT 3:00) Eastern African Time (Africa/Addis_Ababa),True
1319,@EG@9e6b2fbe4d4779a839fbdfdd0a1682e3,,Njoro,1112,Kenya,1001550,,KES,77,Kenyan Shilling,KES,,dd/MM/yyyy,2,,,2025-10-10 05:00:00,"#,###.##",DD/MM/YYYY,2025-10-10 05:16:44,2025-10-10 05:16:44,100952,3,,0,,4,English,1001550,,0,0,,1,0,,3,394,(GMT 3:00) Eastern African Time (Africa/Addis_Ababa),True
1317,@EG@81e93f44c68f4eccc18b2e4fb7a37c6c,,Chapter investment,1112,Kenya,1001548,,KES,77,Kenyan Shilling,KES,,dd/MM/yyyy,2,,,2025-10-10 05:00:00,"#,###.##",DD/MM/YYYY,2025-10-10 05:17:44,2025-10-10 05:17:44,100953,5,,0,,4,English,1001548,,0,0,,1,0,,3,394,(GMT 3:00) Eastern African Time (Africa/Addis_Ababa),True
1316,@EG@c0a70d4bd98ed861fa704db7fab28754,,Salima Wesonga,1112,Kenya,1001547,,KES,77,Kenyan Shilling,KES,,dd/MM/yyyy,2,,,2025-10-10 05:00:00,"#,###.##",DD/MM/YYYY,2025-10-10 05:16:26,2025-10-10 05:16:26,100951,3,,0,,4,English,1001547,,0,0,,1,0,,3,394,(GMT 3:00) Eastern African Time (Africa/Addis_Ababa),True
1314,@EG@35b37c8722070001c5cf09a003f57f1e,,Kenyan wear,1112,Kenya,1001545,,KES,77,Kenyan Shilling,KES,,dd/MM/yyyy,2,,,2025-10-10 05:00:00,"#,###.##",DD/MM/YYYY,2025-10-10 05:13:29,2025-10-10 05:13:29,100950,1,,0,,4,English,1001545,,0,0,,1,0,,3,394,(GMT 3:00) Eastern African Time (Africa/Addis_Ababa),True
1312,@EG@89366efcfc31912d159ab63690e9d3e8,,Dont have,1112,Kenya,1001543,,KES,77,Kenyan Shilling,KES,,dd/MM/yyyy,2,,,2025-10-10 05:00:00,"#,###.##",DD/MM/YYYY,2025-10-10 05:11:16,2025-10-10 05:11:16,100949,4,,0,,4,English,1001543,,0,0,,1,0,,3,394,(GMT 3:00) Eastern African Time (Africa/Addis_Ababa),True
1311,@EG@cf06b02eabc1bff206355091ecec68de,,Lamoo,1112,Kenya,1001542,,KES,77,Kenyan Shilling,KES,,dd/MM/yyyy,2,,,2025-10-10 05:00:00,"#,###.##",DD/MM/YYYY,2025-10-10 05:10:05,2025-10-10 05:10:05,100947,6,,0,,4,English,1001542,,0,0,,1,0,,3,394,(GMT 3:00) Eastern African Time (Africa/Addis_Ababa),True
1310,@EG@6e77ddf9f1408fb3986fefadbd375cf4,,KanjiPlumber company limited,1112,Kenya,1001541,,KES,77,Kenyan Shilling,KES,,dd/MM/yyyy,2,,,2025-10-10 05:00:00,"#,###.##",DD/MM/YYYY,2025-10-10 05:11:14,2025-10-10 05:11:14,100948,27,,0,,4,English,1001541,,0,0,,1,0,,3,394,(GMT 3:00) Eastern African Time (Africa/Addis_Ababa),True
1309,@EG@64c71ec3bd0ee9a42b04d29f2f406049,,Stephen,1112,Kenya,1001540,,KES,77,Kenyan Shilling,KES,,dd/MM/yyyy,2,,,2025-10-10 05:00:00,"#,###.##",DD/MM/YYYY,2025-10-10 05:08:47,2025-10-10 05:08:47,100946,7,,0,,4,English,1001540,,0,0,,1,0,,3,394,(GMT 3:00) Eastern African Time (Africa/Addis_Ababa),True
1308,@EG@b4f22806bc23f57a4c7bcbf06023a140,,Smith murithi,1112,Kenya,1001539,,KES,77,Kenyan Shilling,KES,,dd/MM/yyyy,2,,,2025-10-10 05:00:00,"#,###.##",DD/MM/YYYY,2025-10-10 05:08:36,2025-10-10 05:08:36,100945,4,,0,,4,English,1001539,,0,0,,1,0,,3,394,(GMT 3:00) Eastern African Time (Africa/Addis_Ababa),True
1307,@EG@ed64e96f85f7197533154d86ae6811f9,,Kelvin Nderitu,1112,Kenya,1001538,,KES,77,Kenyan Shilling,KES,,dd/MM/yyyy,2,,,2025-10-10 05:00:00,"#,###.##",DD/MM/YYYY,2025-10-10 05:08:08,2025-10-10 05:08:08,100944,4,,0,,4,English,1001538,,0,0,,1,0,,3,394,(GMT 3:00) Eastern African Time (Africa/Addis_Ababa),True
1306,@EG@dc8f091b0af9070c5e492382cce609d1,,Josephat,1112,Kenya,1001537,,KES,77,Kenyan Shilling,KES,,dd/MM/yyyy,2,,,2025-10-10 05:00:00,"#,###.##",DD/MM/YYYY,2025-10-10 05:08:03,2025-10-10 05:08:03,100943,4,,0,,4,English,1001537,,0,0,,1,0,,3,394,(GMT 3:00) Eastern African Time (Africa/Addis_Ababa),True
1305,@EG@294ea86ad1d2be7c35f786e97591cb81,,Ahmed diamond Ahmed diamond,1112,Kenya,1001536,,KES,77,Kenyan Shilling,KES,,dd/MM/yyyy,2,,,2025-10-10 05:00:00,"#,###.##",DD/MM/YYYY,2025-10-10 05:06:59,2025-10-10 05:06:59,100942,7,,0,,4,English,1001536,,0,0,,1,0,,3,394,(GMT 3:00) Eastern African Time (Africa/Addis_Ababa),True
1304,@EG@fc469190523157261df13250daeed978,,gillbart kirui,1112,Kenya,1001535,,KES,77,Kenyan Shilling,KES,,dd/MM/yyyy,2,,,2025-10-10 05:00:00,"#,###.##",DD/MM/YYYY,2025-10-10 05:05:51,2025-10-10 05:05:51,100941,4,,0,,4,English,1001535,,0,0,,1,0,,3,394,(GMT 3:00) Eastern African Time (Africa/Addis_Ababa),True
1302,@EG@52d9ce146314b228c731b66008350408,,Momentum credit limited,1112,Kenya,1001533,,KES,77,Kenyan Shilling,KES,,dd/MM/yyyy,2,,,2025-10-10 05:00:00,"#,###.##",DD/MM/YYYY,2025-10-10 04:35:32,2025-10-10 04:35:32,100940,6,,0,,4,English,1001533,,0,0,,1,0,,3,394,(GMT 3:00) Eastern African Time (Africa/Addis_Ababa),True
1301,@EG@d038f2f49700cf19fca0d6d6f9f84b68,,Lewis mwirigi,1112,Kenya,1001532,,KES,77,Kenyan Shilling,KES,,dd/MM/yyyy,2,,,2025-10-10 05:00:00,"#,###.##",DD/MM/YYYY,2025-10-10 04:35:06,2025-10-10 04:35:06,100938,4,,0,,4,English,1001532,,0,0,,1,0,,3,394,(GMT 3:00) Eastern African Time (Africa/Addis_Ababa),True
1300,@EG@4d52a68a0e15f3d48a74c020767c889b,,Davidkaranjawambua,1112,Kenya,1001531,,KES,77,Kenyan Shilling,KES,,dd/MM/yyyy,2,,,2025-10-10 05:00:00,"#,###.##",DD/MM/YYYY,2025-10-10 04:35:29,2025-10-10 04:35:29,100939,7,,0,,4,English,1001531,,0,0,,1,0,,3,394,(GMT 3:00) Eastern African Time (Africa/Addis_Ababa),True
1299,@EG@8b15ce3ca4e804c570f1a5d76eb1163b,,Molly,1112,Kenya,1001530,,KES,77,Kenyan Shilling,KES,,dd/MM/yyyy,2,,,2025-10-10 05:00:00,"#,###.##",DD/MM/YYYY,2025-10-10 04:00:14,2025-10-10 04:00:14,100937,7,,0,,4,English,1001530,,0,0,,1,0,,3,394,(GMT 3:00) Eastern African Time (Africa/Addis_Ababa),True
1298,@EG@0b0cddc24ea19d24c2597fc87776b8ff,,Teita estate,1112,Kenya,1001529,,KES,77,Kenyan Shilling,KES,,dd/MM/yyyy,2,,,2025-10-10 05:00:00,"#,###.##",DD/MM/YYYY,2025-10-10 02:57:35,2025-10-10 02:57:35,100936,3,,0,,4,English,1001529,,0,0,,1,0,,3,394,(GMT 3:00) Eastern African Time (Africa/Addis_Ababa),True
1296,@EG@a64a5e07807f88936dad50efe145ee78,,Doctor pack,1112,Kenya,1001527,,KES,77,Kenyan Shilling,KES,,dd/MM/yyyy,2,,,2025-10-10 05:00:00,"#,###.##",DD/MM/YYYY,2025-10-10 01:40:23,2025-10-10 01:40:23,100935,3,,0,,4,English,1001527,,0,0,,1,0,,3,394,(GMT 3:00) Eastern African Time (Africa/Addis_Ababa),True
1294,@EG@94bbd8d180962bf0bceb8f7cb0dbe6ff,,Mason,1112,Kenya,1001525,,KES,77,Kenyan Shilling,KES,,dd/MM/yyyy,2,,,2025-10-10 05:00:00,"#,###.##",DD/MM/YYYY,2025-10-10 00:07:35,2025-10-10 00:07:35,100934,27,,0,,4,English,1001525,,0,0,,1,0,,3,394,(GMT 3:00) Eastern African Time (Africa/Addis_Ababa),True
1293,@EG@817de9217f1ee19eb9d810249ddc807f,,Ronak goga otieno,1112,Kenya,1001524,,KES,77,Kenyan Shilling,KES,,dd/MM/yyyy,2,,,2025-10-10 05:00:00,"#,###.##",DD/MM/YYYY,2025-10-10 00:00:32,2025-10-10 00:00:32,100933,4,,0,,4,English,1001524,,0,0,,1,0,,3,394,(GMT 3:00) Eastern African Time (Africa/Addis_Ababa),True
1292,@EG@14be5d8b098d880d1dd03445c80022ad,,Kasa@4,1112,Kenya,1001523,,KES,77,Kenyan Shilling,KES,,dd/MM/yyyy,2,,,2025-10-09 05:00:00,"#,###.##",DD/MM/YYYY,2025-10-09 23:46:32,2025-10-09 23:46:32,100931,1,,0,,4,English,1001523,,0,0,,1,0,,3,394,(GMT 3:00) Eastern African Time (Africa/Addis_Ababa),True
1291,@EG@4a77247040a89cb313acfcfb7d8c7a60,,Zeal tech,1112,Kenya,1001522,,KES,77,Kenyan Shilling,KES,,dd/MM/yyyy,2,,,2025-10-09 05:00:00,"#,###.##",DD/MM/YYYY,2025-10-09 23:47:22,2025-10-09 23:47:22,100932,1,,0,,4,English,1001522,,0,0,,1,0,,3,394,(GMT 3:00) Eastern African Time (Africa/Addis_Ababa),True
1289,@EG@1dcf247d68eb7257876d28e869075458,,Nan,1112,Kenya,1001520,,KES,77,Kenyan Shilling,KES,,dd/MM/yyyy,2,,,2025-10-09 05:00:00,"#,###.##",DD/MM/YYYY,2025-10-09 21:58:41,2025-10-09 21:58:41,100929,34,,0,,4,English,1001520,,0,0,,1,0,,3,394,(GMT 3:00) Eastern African Time (Africa/Addis_Ababa),True
1288,@EG@346f669e7ae9e876192f95c1e6eb6366,,Jimmy,1112,Kenya,1001519,,KES,77,Kenyan Shilling,KES,,dd/MM/yyyy,2,,,2025-10-09 05:00:00,"#,###.##",DD/MM/YYYY,2025-10-09 21:11:33,2025-10-09 21:11:33,100928,21,,0,,4,English,1001519,,0,0,,1,0,,3,394,(GMT 3:00) Eastern African Time (Africa/Addis_Ababa),True
1287,@EG@986a2c547fd3053f54be6c830278c6b1,,abdirisal Aden iman,1112,Kenya,1001518,,KES,77,Kenyan Shilling,KES,,dd/MM/yyyy,2,,,2025-10-09 05:00:00,"#,###.##",DD/MM/YYYY,2025-10-09 20:50:56,2025-10-09 20:50:56,100927,3,,0,,4,English,1001518,,0,0,,1,0,,3,394,(GMT 3:00) Eastern African Time (Africa/Addis_Ababa),True
1286,@EG@426520575f92f37882b68f41a1ceaeb1,,Tribus Security Guard limited,1112,Kenya,1001517,,KES,77,Kenyan Shilling,KES,,dd/MM/yyyy,2,,,2025-10-09 05:00:00,"#,###.##",DD/MM/YYYY,2025-10-09 20:30:22,2025-10-09 20:30:22,100926,34,,0,,4,English,1001517,,0,0,,1,0,,3,394,(GMT 3:00) Eastern African Time (Africa/Addis_Ababa),True
1284,@EG@887345847dcf8903cab5d06cafdc2a28,,Amosharao,1039,Canada,1001515,,CAD,27,Canadian Dollar,$,,yyyy-MM-dd,2,,,2025-10-09 13:00:00,"#,###.##",YYYY-MM-DD,2025-10-09 20:21:20,2025-10-09 20:21:20,100925,1,,0,,4,English,1001515,,0,0,,1,0,,-5,110,(GMT -5:00) Eastern Standard Time (America/Atikokan),True
1282,@EG@978d83a34e14c1b0cb6f5c3406881452,,JAHAS SOLAR SOLUTIONS,1112,Kenya,1001513,,KES,77,Kenyan Shilling,KES,,dd/MM/yyyy,2,,,2025-10-09 05:00:00,"#,###.##",DD/MM/YYYY,2025-10-09 19:48:16,2025-10-09 19:48:16,100924,22,,0,,4,English,1001513,,0,0,,1,0,,3,394,(GMT 3:00) Eastern African Time (Africa/Addis_Ababa),True
1281,@EG@bbe2ef936f73c38c1ac29464483cdf0b,,FINTUNE,1112,Kenya,1001512,,KES,77,Kenyan Shilling,KES,,dd/MM/yyyy,2,,,2025-10-09 05:00:00,"#,###.##",DD/MM/YYYY,2025-10-09 19:41:34,2025-10-09 19:41:34,100923,3,,0,,4,English,1001512,,0,0,,1,0,,3,394,(GMT 3:00) Eastern African Time (Africa/Addis_Ababa),True
1280,@EG@e4df7284fcf3efee976eddea529908a9,,Tomorrow's leaders Tomorrow leaders organization,1112,Kenya,1001511,,KES,77,Kenyan Shilling,KES,,dd/MM/yyyy,2,,,2025-10-09 05:00:00,"#,###.##",DD/MM/YYYY,2025-10-09 19:32:49,2025-10-09 19:32:49,100922,7,,0,,4,English,1001511,,0,0,,1,0,,3,394,(GMT 3:00) Eastern African Time (Africa/Addis_Ababa),True
1279,@EG@be2e5a4d51f4fcff34215615ea748b47,,ERICK,1112,Kenya,1001510,,KES,77,Kenyan Shilling,KES,,dd/MM/yyyy,2,,,2025-10-09 05:00:00,"#,###.##",DD/MM/YYYY,2025-10-09 17:56:24,2025-10-09 17:56:24,100921,21,,0,,4,English,1001510,,0,0,,1,0,,3,394,(GMT 3:00) Eastern African Time (Africa/Addis_Ababa),True
1278,@EG@982ccd1e236b701b48ac274814123118,,Simon Njogu,1112,Kenya,1001509,,KES,77,Kenyan Shilling,KES,,dd/MM/yyyy,2,,,2025-10-09 05:00:00,"#,###.##",DD/MM/YYYY,2025-10-09 17:27:03,2025-10-09 17:27:03,100920,34,,0,,4,English,1001509,,0,0,,1,0,,3,394,(GMT 3:00) Eastern African Time (Africa/Addis_Ababa),True
1277,@EG@031863d649df626527f43afd5fdd9a13,,Catherine enterprises,1112,Kenya,1001508,,KES,77,Kenyan Shilling,KES,,dd/MM/yyyy,2,,,2025-10-09 05:00:00,"#,###.##",DD/MM/YYYY,2025-10-09 17:02:50,2025-10-09 17:02:50,100919,30,,0,,4,English,1001508,,0,0,,1,0,,3,394,(GMT 3:00) Eastern African Time (Africa/Addis_Ababa),True
1275,@EG@f9d146e4db00897ec0fd716c2acb0859,,Tonny investment,1112,Kenya,1001505,,KES,77,Kenyan Shilling,KES,,dd/MM/yyyy,2,,,2025-10-09 05:00:00,"#,###.##",DD/MM/YYYY,2025-10-09 15:54:46,2025-10-09 15:54:46,100917,18,,0,,4,English,1001505,,0,0,,1,0,,3,394,(GMT 3:00) Eastern African Time (Africa/Addis_Ababa),True
1274,@EG@649f7e53275d4c544b2a589855acf7a8,,Mercy,1112,Kenya,1001504,,KES,77,Kenyan Shilling,KES,,dd/MM/yyyy,2,,,2025-10-09 05:00:00,"#,###.##",DD/MM/YYYY,2025-10-09 15:52:06,2025-10-09 15:52:06,100915,4,,0,,4,English,1001504,,0,0,,1,0,,3,394,(GMT 3:00) Eastern African Time (Africa/Addis_Ababa),True
1273,@EG@9abccadc8ab784b6e8f19ecc0b2a1a42,,Jeffers inn,1112,Kenya,1001503,,KES,77,Kenyan Shilling,KES,,dd/MM/yyyy,2,,,2025-10-09 05:00:00,"#,###.##",DD/MM/YYYY,2025-10-09 15:52:25,2025-10-09 15:52:25,100916,7,,0,,4,English,1001503,,0,0,,1,0,,3,394,(GMT 3:00) Eastern African Time (Africa/Addis_Ababa),True
1272,@EG@2054c6ca1800ff4a39b6ada2f04d82b3,,Beautdan,1112,Kenya,1001502,,KES,77,Kenyan Shilling,KES,,dd/MM/yyyy,2,,,2025-10-09 05:00:00,"#,###.##",DD/MM/YYYY,2025-10-09 15:46:32,2025-10-09 15:46:32,100914,30,,0,,4,English,1001502,,0,0,,1,0,,3,394,(GMT 3:00) Eastern African Time (Africa/Addis_Ababa),True
1269,@EG@ac56b2d93f37272dd711a744bad948d6,,Jill Wanje,1112,Kenya,1001499,,KES,77,Kenyan Shilling,KES,,dd/MM/yyyy,2,,,2025-10-09 05:00:00,"#,###.##",DD/MM/YYYY,2025-10-09 15:41:58,2025-10-09 15:41:58,100913,34,,0,,4,English,1001499,,0,0,,1,0,,3,394,(GMT 3:00) Eastern African Time (Africa/Addis_Ababa),True
1268,@EG@ef51f43fc448e380d08f75aa70609fcb,,Elite,1112,Kenya,1001498,,KES,77,Kenyan Shilling,KES,,dd/MM/yyyy,2,,,2025-10-09 05:00:00,"#,###.##",DD/MM/YYYY,2025-10-09 15:40:13,2025-10-09 15:40:13,100912,1,,0,,4,English,1001498,,0,0,,1,0,,3,394,(GMT 3:00) Eastern African Time (Africa/Addis_Ababa),True
1264,@EG@6b2378e95142de735bf856c0a587d564,,Mama Frida,1112,Kenya,1001494,,KES,77,Kenyan Shilling,KES,,dd/MM/yyyy,2,,,2025-10-09 05:00:00,"#,###.##",DD/MM/YYYY,2025-10-09 15:36:17,2025-10-09 15:36:17,100910,10,,0,,4,English,1001494,,0,0,,1,0,,3,394,(GMT 3:00) Eastern African Time (Africa/Addis_Ababa),True
1263,@EG@64590913f86d3bc697a227fcc5ba84d6,,JEREMIAH,1112,Kenya,1001493,,KES,77,Kenyan Shilling,KES,,dd/MM/yyyy,2,,,2025-10-09 05:00:00,"#,###.##",DD/MM/YYYY,2025-10-09 15:35:11,2025-10-09 15:35:11,100909,30,,0,,4,English,1001493,,0,0,,1,0,,3,394,(GMT 3:00) Eastern African Time (Africa/Addis_Ababa),True
1262,@EG@1c09eac6cc8e8de7558fceb192bcd1cb,,Dyvic construction works and enterprises,1039,Canada,1001492,,CAD,27,Canadian Dollar,$,,yyyy-MM-dd,2,,,2025-10-09 13:00:00,"#,###.##",YYYY-MM-DD,2025-10-09 15:37:20,2025-10-09 15:37:20,100911,22,,0,,4,English,1001492,,0,0,,1,0,,-5,110,(GMT -5:00) Eastern Standard Time (America/Atikokan),True
1261,@EG@3f5a3ef28bac71cfd475c4b97d194165,,Seun Esther,1112,Kenya,1001491,,KES,77,Kenyan Shilling,KES,,dd/MM/yyyy,2,,,2025-10-09 05:00:00,"#,###.##",DD/MM/YYYY,2025-10-09 15:30:01,2025-10-09 15:30:01,100908,7,,0,,4,English,1001491,,0,0,,1,0,,3,394,(GMT 3:00) Eastern African Time (Africa/Addis_Ababa),True
1260,@EG@eda07b4cdb326d6b89820cdc358e5c68,,Pius,1112,Kenya,1001490,,KES,77,Kenyan Shilling,KES,,dd/MM/yyyy,2,,,2025-10-09 05:00:00,"#,###.##",DD/MM/YYYY,2025-10-09 15:28:09,2025-10-09 15:28:09,100907,34,,0,,4,English,1001490,,0,0,,1,0,,3,394,(GMT 3:00) Eastern African Time (Africa/Addis_Ababa),True
1257,@EG@7a95d64bca4a694df324f55740656553,,Stephen Were,1112,Kenya,1001487,,KES,77,Kenyan Shilling,KES,,dd/MM/yyyy,2,,,2025-10-09 05:00:00,"#,###.##",DD/MM/YYYY,2025-10-09 15:27:02,2025-10-09 15:27:02,100906,4,,0,,4,English,1001487,,0,0,,1,0,,3,394,(GMT 3:00) Eastern African Time (Africa/Addis_Ababa),True
1256,@EG@4b37bc00a7c51d96933bd248f33e778c,,LTORI LEKULA,1112,Kenya,1001486,,KES,77,Kenyan Shilling,KES,,dd/MM/yyyy,2,,,2025-10-09 05:00:00,"#,###.##",DD/MM/YYYY,2025-10-09 15:24:05,2025-10-09 15:24:05,100904,4,,0,,4,English,1001486,,0,0,,1,0,,3,394,(GMT 3:00) Eastern African Time (Africa/Addis_Ababa),True
1255,@EG@4cbfff4375440756988840d04d5414af,,Ian Rooney,1112,Kenya,1001485,,KES,77,Kenyan Shilling,KES,,dd/MM/yyyy,2,,,2025-10-09 05:00:00,"#,###.##",DD/MM/YYYY,2025-10-09 15:26:56,2025-10-09 15:26:56,100905,4,,0,,4,English,1001485,,0,0,,1,0,,3,394,(GMT 3:00) Eastern African Time (Africa/Addis_Ababa),True
1254,@EG@b7124245527d33de0bf960916871a72b,,Blue sky company,1112,Kenya,1001484,,KES,77,Kenyan Shilling,KES,,dd/MM/yyyy,2,,,2025-10-09 05:00:00,"#,###.##",DD/MM/YYYY,2025-10-09 15:22:38,2025-10-09 15:22:38,100903,27,,0,,4,English,1001484,,0,0,,1,0,,3,394,(GMT 3:00) Eastern African Time (Africa/Addis_Ababa),True
1250,@EG@c76daa82e271bda42ecdd0d76b874cf2,,Isaac MWANGI ngure,1112,Kenya,1001479,,KES,77,Kenyan Shilling,KES,,dd/MM/yyyy,2,,,2025-10-09 05:00:00,"#,###.##",DD/MM/YYYY,2025-10-09 15:07:50,2025-10-09 15:07:50,100901,1,,0,,4,English,1001479,,0,0,,1,0,,3,394,(GMT 3:00) Eastern African Time (Africa/Addis_Ababa),True
1249,@EG@7ee49b05dcb2556986ccd7831a543af2,,Faris,1112,Kenya,1001478,,KES,77,Kenyan Shilling,KES,,dd/MM/yyyy,2,,,2025-10-09 05:00:00,"#,###.##",DD/MM/YYYY,2025-10-09 15:08:34,2025-10-09 15:08:34,100902,3,,0,,4,English,1001478,,0,0,,1,0,,3,394,(GMT 3:00) Eastern African Time (Africa/Addis_Ababa),True
1248,@EG@cb3053a4c3db2d0957131bdf536d0cf7,,Shem ndere kabichi,1112,Kenya,1001477,,KES,77,Kenyan Shilling,KES,,dd/MM/yyyy,2,,,2025-10-09 05:00:00,"#,###.##",DD/MM/YYYY,2025-10-09 15:03:17,2025-10-09 15:03:17,100899,15,,0,,4,English,1001477,,0,0,,1,0,,3,394,(GMT 3:00) Eastern African Time (Africa/Addis_Ababa),True
1246,@EG@51aaeb6c9f2499dc9a31330ea2606f07,,Patrick Maina,1112,Kenya,1001475,,KES,77,Kenyan Shilling,KES,,dd/MM/yyyy,2,,,2025-10-09 05:00:00,"#,###.##",DD/MM/YYYY,2025-10-09 15:04:00,2025-10-09 15:04:00,100900,7,,0,,4,English,1001475,,0,0,,1,0,,3,394,(GMT 3:00) Eastern African Time (Africa/Addis_Ababa),True
1243,@EG@b4887573cbef0733fbc65445941659c3,,Bhajia' snancks,1112,Kenya,1001472,,KES,77,Kenyan Shilling,KES,,dd/MM/yyyy,2,,,2025-10-09 05:00:00,"#,###.##",DD/MM/YYYY,2025-10-09 14:59:21,2025-10-09 14:59:21,100898,7,,0,,4,English,1001472,,0,0,,1,0,,3,394,(GMT 3:00) Eastern African Time (Africa/Addis_Ababa),True
1242,@EG@c16ad52266324949a2cca08991f73a30,,Lopur bodaboda group,1112,Kenya,1001471,,KES,77,Kenyan Shilling,KES,,dd/MM/yyyy,2,,,2025-10-09 05:00:00,"#,###.##",DD/MM/YYYY,2025-10-09 14:58:44,2025-10-09 14:58:44,100897,2,,0,,4,English,1001471,,0,0,,1,0,,3,394,(GMT 3:00) Eastern African Time (Africa/Addis_Ababa),True
1238,@EG@b7807e8df121df68430bd2716cb75ea8,,Laura's collection,1112,Kenya,1001467,,KES,77,Kenyan Shilling,KES,,dd/MM/yyyy,2,,,2025-10-09 05:00:00,"#,###.##",DD/MM/YYYY,2025-10-09 14:49:14,2025-10-09 14:49:14,100896,7,,0,,4,English,1001467,,0,0,,1,0,,3,394,(GMT 3:00) Eastern African Time (Africa/Addis_Ababa),True
1237,@EG@6f1e485c2f9998b4a6e8f7193c1db389,,kinyua's gee,1112,Kenya,1001466,,KES,77,Kenyan Shilling,KES,,dd/MM/yyyy,2,,,2025-10-09 05:00:00,"#,###.##",DD/MM/YYYY,2025-10-09 14:48:28,2025-10-09 14:48:28,100895,7,,0,,4,English,1001466,,0,0,,1,0,,3,394,(GMT 3:00) Eastern African Time (Africa/Addis_Ababa),True
1236,@EG@dafab9826109d2df2acf4c847745c1de,,Orly White,1112,Kenya,1001465,,KES,77,Kenyan Shilling,KES,,dd/MM/yyyy,2,,,2025-10-09 05:00:00,"#,###.##",DD/MM/YYYY,2025-10-09 14:44:21,2025-10-09 14:44:21,100894,5,,0,,4,English,1001465,,0,0,,1,0,,3,394,(GMT 3:00) Eastern African Time (Africa/Addis_Ababa),True
1234,@EG@70e20b28e2a030b6272ebeb6cbc3d01d,,Rakf,1112,Kenya,1001463,,KES,77,Kenyan Shilling,KES,,dd/MM/yyyy,2,,,2025-10-09 05:00:00,"#,###.##",DD/MM/YYYY,2025-10-09 14:40:12,2025-10-09 14:40:12,100893,14,,0,,4,English,1001463,,0,0,,1,0,,3,394,(GMT 3:00) Eastern African Time (Africa/Addis_Ababa),True
1233,@EG@c9d6b39a7405f4ce5890552234e9b061,,Student,1112,Kenya,1001462,,KES,77,Kenyan Shilling,KES,,dd/MM/yyyy,2,,,2025-10-10 05:00:00,"#,###.##",DD/MM/YYYY,2025-10-10 14:58:57,2025-10-10 14:58:57,101060,4,,0,,4,English,1001462,,0,0,,1,0,,3,394,(GMT 3:00) Eastern African Time (Africa/Addis_Ababa),True
1232,@EG@7b1f87f011ecca42aba933bb4c6e5b70,,Khadija HAMISI kibwana,1112,Kenya,1001461,,KES,77,Kenyan Shilling,KES,,dd/MM/yyyy,2,,,2025-10-09 05:00:00,"#,###.##",DD/MM/YYYY,2025-10-09 14:34:26,2025-10-09 14:34:26,100892,7,,0,,4,English,1001461,,0,0,,1,0,,3,394,(GMT 3:00) Eastern African Time (Africa/Addis_Ababa),True
1231,@EG@abde8dc938af57691f03e5fbfe9b25ae,,Onyi baracks company,1112,Kenya,1001460,,KES,77,Kenyan Shilling,KES,,dd/MM/yyyy,2,,,2025-10-09 05:00:00,"#,###.##",DD/MM/YYYY,2025-10-09 14:33:23,2025-10-09 14:33:23,100891,3,,0,,4,English,1001460,,0,0,,1,0,,3,394,(GMT 3:00) Eastern African Time (Africa/Addis_Ababa),True
1229,@EG@961b716f570487655fed3af9f700e6ee,,ADEYAS FASHION WEAR,1112,Kenya,1001458,,KES,77,Kenyan Shilling,KES,,dd/MM/yyyy,2,,,2025-10-09 05:00:00,"#,###.##",DD/MM/YYYY,2025-10-09 14:31:27,2025-10-09 14:31:27,100890,1,,0,,4,English,1001458,,0,0,,1,0,,3,394,(GMT 3:00) Eastern African Time (Africa/Addis_Ababa),True
1228,@EG@81455416bd931f42a3ebde989f22aad0,,Teresa,1112,Kenya,1001457,,KES,77,Kenyan Shilling,KES,,dd/MM/yyyy,2,,,2025-10-09 05:00:00,"#,###.##",DD/MM/YYYY,2025-10-09 14:29:32,2025-10-09 14:29:32,100888,4,,0,,4,English,1001457,,0,0,,1,0,,3,394,(GMT 3:00) Eastern African Time (Africa/Addis_Ababa),True
1227,@EG@ad4afbaca725ed8c355919f9ce9c979a,,Njeri Alice,1112,Kenya,1001456,,KES,77,Kenyan Shilling,KES,,dd/MM/yyyy,2,,,2025-10-09 05:00:00,"#,###.##",DD/MM/YYYY,2025-10-09 14:30:31,2025-10-09 14:30:31,100889,4,,0,,4,English,1001456,,0,0,,1,0,,3,394,(GMT 3:00) Eastern African Time (Africa/Addis_Ababa),True
1226,@EG@4a4d65763b2da5b1822696d5da6e724e,,Clothes,1112,Kenya,1001455,,KES,77,Kenyan Shilling,KES,,dd/MM/yyyy,2,,,2025-10-09 05:00:00,"#,###.##",DD/MM/YYYY,2025-10-09 14:29:10,2025-10-09 14:29:10,100887,1,,0,,4,English,1001455,,0,0,,1,0,,3,394,(GMT 3:00) Eastern African Time (Africa/Addis_Ababa),True
1225,@EG@489593d162c5ea19d7471bba0a85f2be,,Esther,1112,Kenya,1001454,,KES,77,Kenyan Shilling,KES,,dd/MM/yyyy,2,,,2025-10-09 05:00:00,"#,###.##",DD/MM/YYYY,2025-10-09 14:23:13,2025-10-09 14:23:13,100886,5,,0,,4,English,1001454,,0,0,,1,0,,3,394,(GMT 3:00) Eastern African Time (Africa/Addis_Ababa),True
1224,@EG@928093bb7080c0218d85757b86f38df6,,Chen Stephen,1112,Kenya,1001453,,KES,77,Kenyan Shilling,KES,,dd/MM/yyyy,2,,,2025-11-07 05:00:00,"#,###.##",DD/MM/YYYY,2025-11-07 20:55:19,2025-11-07 20:55:19,101889,7,,0,,4,English,1001453,,0,0,,1,0,,3,394,(GMT 3:00) Eastern African Time (Africa/Addis_Ababa),True
1223,@EG@61da37d2a9ca7f9a7be50bfd458c068e,,Business man,1112,Kenya,1001452,,KES,77,Kenyan Shilling,KES,,dd/MM/yyyy,2,,,2025-10-09 05:00:00,"#,###.##",DD/MM/YYYY,2025-10-09 14:19:12,2025-10-09 14:19:12,100885,6,,0,,4,English,1001452,,0,0,,1,0,,3,394,(GMT 3:00) Eastern African Time (Africa/Addis_Ababa),True
1221,@EG@659d02f58e3f3d64d6ba34aaff67b3fa,,Arthur ojambo,1039,Canada,1001450,,CAD,27,Canadian Dollar,$,,yyyy-MM-dd,2,,,2025-10-09 13:00:00,"#,###.##",YYYY-MM-DD,2025-10-09 14:09:09,2025-10-09 14:09:09,100884,1,,0,,4,English,1001450,,0,0,,1,0,,-5,110,(GMT -5:00) Eastern Standard Time (America/Atikokan),True
1220,@EG@0c91d623d57c192f2f558646baf7c1a5,,Icons,1112,Kenya,1001449,,KES,77,Kenyan Shilling,KES,,dd/MM/yyyy,2,,,2025-10-09 05:00:00,"#,###.##",DD/MM/YYYY,2025-10-09 14:04:39,2025-10-09 14:04:39,100883,1,,0,,4,English,1001449,,0,0,,1,0,,3,394,(GMT 3:00) Eastern African Time (Africa/Addis_Ababa),True
1219,@EG@d2f36182688ae1ce59bd6c0ff5aed6a5,,Luckystar hardware,1112,Kenya,1001448,,KES,77,Kenyan Shilling,KES,,dd/MM/yyyy,2,,,2025-10-09 05:00:00,"#,###.##",DD/MM/YYYY,2025-10-09 14:00:11,2025-10-09 14:00:11,100881,34,,0,,4,English,1001448,,0,0,,1,0,,3,394,(GMT 3:00) Eastern African Time (Africa/Addis_Ababa),True
1218,@EG@37abd2436cb941e46cc1dbc4d34cfe38,,Collins Wanyonyi,1112,Kenya,1001447,,KES,77,Kenyan Shilling,KES,,dd/MM/yyyy,2,,,2025-10-09 05:00:00,"#,###.##",DD/MM/YYYY,2025-10-09 13:59:37,2025-10-09 13:59:37,100880,1,,0,,4,English,1001447,,0,0,,1,0,,3,394,(GMT 3:00) Eastern African Time (Africa/Addis_Ababa),True
1217,@EG@180504eaa281dc9100b7b7d75d91c823,,Tabbts,1112,Kenya,1001446,,KES,77,Kenyan Shilling,KES,,dd/MM/yyyy,2,,,2025-10-09 05:00:00,"#,###.##",DD/MM/YYYY,2025-10-09 13:58:13,2025-10-09 13:58:13,100879,3,,0,,4,English,1001446,,0,0,,1,0,,3,394,(GMT 3:00) Eastern African Time (Africa/Addis_Ababa),True
1216,@EG@1ff4f0ba950e3a5115148517fa595d39,,Catch,1112,Kenya,1001445,,KES,77,Kenyan Shilling,KES,,dd/MM/yyyy,2,,,2025-10-09 05:00:00,"#,###.##",DD/MM/YYYY,2025-10-09 13:58:04,2025-10-09 13:58:04,100878,7,,0,,4,English,1001445,,0,0,,1,0,,3,394,(GMT 3:00) Eastern African Time (Africa/Addis_Ababa),True
1215,@EG@02ef1cd8d5a6b496419de87311985951,,APOSTLE ELKANAH TITO,1112,Kenya,1001444,,KES,77,Kenyan Shilling,KES,,dd/MM/yyyy,2,,,2025-10-09 05:00:00,"#,###.##",DD/MM/YYYY,2025-10-09 13:57:34,2025-10-09 13:57:34,100877,3,,0,,4,English,1001444,,0,0,,1,0,,3,394,(GMT 3:00) Eastern African Time (Africa/Addis_Ababa),True
1213,@EG@f80cc6a806248b5044861f1fa0e7139e,,Taifa,1112,Kenya,1001442,,KES,77,Kenyan Shilling,KES,,dd/MM/yyyy,2,,,2025-10-09 05:00:00,"#,###.##",DD/MM/YYYY,2025-10-09 13:56:14,2025-10-09 13:56:14,100876,7,,0,,4,English,1001442,,0,0,,1,0,,3,394,(GMT 3:00) Eastern African Time (Africa/Addis_Ababa),True
1212,@EG@ea6c884a2623b80b6c8e025e58095db1,,Fuso,1112,Kenya,1001441,,KES,77,Kenyan Shilling,KES,,dd/MM/yyyy,2,,,2025-10-09 05:00:00,"#,###.##",DD/MM/YYYY,2025-10-09 13:53:26,2025-10-09 13:53:26,100874,1,,0,,4,English,1001441,,0,0,,1,0,,3,394,(GMT 3:00) Eastern African Time (Africa/Addis_Ababa),True
1211,@EG@db27349c187f3eeff7e3d61d2362b392,,Hiltop hotel,1112,Kenya,1001440,,KES,77,Kenyan Shilling,KES,,dd/MM/yyyy,2,,,2025-10-09 05:00:00,"#,###.##",DD/MM/YYYY,2025-10-09 13:53:54,2025-10-09 13:53:54,100875,7,,0,,4,English,1001440,,0,0,,1,0,,3,394,(GMT 3:00) Eastern African Time (Africa/Addis_Ababa),True
1210,@EG@3a02150400d568ec17f052874c86cdb4,,Wilson Saruni,1112,Kenya,1001439,,KES,77,Kenyan Shilling,KES,,dd/MM/yyyy,2,,,2025-10-09 05:00:00,"#,###.##",DD/MM/YYYY,2025-10-09 13:52:42,2025-10-09 13:52:42,100873,3,,0,,4,English,1001439,,0,0,,1,0,,3,394,(GMT 3:00) Eastern African Time (Africa/Addis_Ababa),True
1209,@EG@2935251f26f973ea2d31bb9372ec4e7b,,Peter Kipkinyor,1112,Kenya,1001438,,KES,77,Kenyan Shilling,KES,,dd/MM/yyyy,2,,,2025-10-09 05:00:00,"#,###.##",DD/MM/YYYY,2025-10-09 13:52:13,2025-10-09 13:52:13,100872,7,,0,,4,English,1001438,,0,0,,1,0,,3,394,(GMT 3:00) Eastern African Time (Africa/Addis_Ababa),True
1208,@EG@a3d5a2462233dbe59566788986bb2cc7,,Benjamin Musembi,1112,Kenya,1001437,,KES,77,Kenyan Shilling,KES,,dd/MM/yyyy,2,,,2025-10-09 05:00:00,"#,###.##",DD/MM/YYYY,2025-10-09 13:51:30,2025-10-09 13:51:30,100871,1,,0,,4,English,1001437,,0,0,,1,0,,3,394,(GMT 3:00) Eastern African Time (Africa/Addis_Ababa),True
1204,@EG@1ed7cb4ad99d231d4da13d60d2b10d81,,Nandi tea,1112,Kenya,1001433,,KES,77,Kenyan Shilling,KES,,dd/MM/yyyy,2,,,2025-10-09 05:00:00,"#,###.##",DD/MM/YYYY,2025-10-09 13:39:19,2025-10-09 13:39:19,100869,34,,0,,4,English,1001433,,0,0,,1,0,,3,394,(GMT 3:00) Eastern African Time (Africa/Addis_Ababa),True
1202,@EG@3556db61113e98a917c9a8b61c9d9f05,,Sigton spares,1112,Kenya,1001431,,KES,77,Kenyan Shilling,KES,,dd/MM/yyyy,2,,,2025-10-09 05:00:00,"#,###.##",DD/MM/YYYY,2025-10-09 13:39:55,2025-10-09 13:39:55,100870,15,,0,,4,English,1001431,,0,0,,1,0,,3,394,(GMT 3:00) Eastern African Time (Africa/Addis_Ababa),True
1201,@EG@06fa3a9fa085a3a8ab24470b6b4403d1,,Naomi Ng'ang'a,1112,Kenya,1001430,,KES,77,Kenyan Shilling,KES,,dd/MM/yyyy,2,,,2025-10-09 05:00:00,"#,###.##",DD/MM/YYYY,2025-10-09 13:37:28,2025-10-09 13:37:28,100868,30,,0,,4,English,1001430,,0,0,,1,0,,3,394,(GMT 3:00) Eastern African Time (Africa/Addis_Ababa),True
1197,@EG@af32631129af41db774dc8e2025a288f,,Joyner,1112,Kenya,1001426,,KES,77,Kenyan Shilling,KES,,dd/MM/yyyy,2,,,2025-10-09 05:00:00,"#,###.##",DD/MM/YYYY,2025-10-09 13:32:09,2025-10-09 13:32:09,100867,1,,0,,4,English,1001426,,0,0,,1,0,,3,394,(GMT 3:00) Eastern African Time (Africa/Addis_Ababa),True
1196,@EG@7798935b492d02bbcb5582cfe2c5fa13,,Gatamaiyu dairy,1112,Kenya,1001425,,KES,77,Kenyan Shilling,KES,,dd/MM/yyyy,2,,,2025-10-09 05:00:00,"#,###.##",DD/MM/YYYY,2025-10-09 13:30:23,2025-10-09 13:30:23,100865,30,,0,,4,English,1001425,,0,0,,1,0,,3,394,(GMT 3:00) Eastern African Time (Africa/Addis_Ababa),True
1195,@EG@abf12f5f4196c1ab2a93db160b4bd0f6,,mombasa,1112,Kenya,1001424,,KES,77,Kenyan Shilling,KES,,dd/MM/yyyy,2,,,2025-10-09 05:00:00,"#,###.##",DD/MM/YYYY,2025-10-09 13:31:12,2025-10-09 13:31:12,100866,4,,0,,4,English,1001424,,0,0,,1,0,,3,394,(GMT 3:00) Eastern African Time (Africa/Addis_Ababa),True
1193,@EG@af7641c94b737aa30fc157f1e909d2c6,,Acnelson bill limited,1112,Kenya,1001422,,KES,77,Kenyan Shilling,KES,,dd/MM/yyyy,2,,,2025-10-09 05:00:00,"#,###.##",DD/MM/YYYY,2025-10-09 13:29:54,2025-10-09 13:29:54,100864,15,,0,,4,English,1001422,,0,0,,1,0,,3,394,(GMT 3:00) Eastern African Time (Africa/Addis_Ababa),True
1192,@EG@b1807b68841bb1a67e8872e1bd785c80,,Theophilus,1112,Kenya,1001421,,KES,77,Kenyan Shilling,KES,,dd/MM/yyyy,2,,,2025-10-09 05:00:00,"#,###.##",DD/MM/YYYY,2025-10-09 13:27:48,2025-10-09 13:27:48,100863,4,,0,,4,English,1001421,,0,0,,1,0,,3,394,(GMT 3:00) Eastern African Time (Africa/Addis_Ababa),True
1191,@EG@352b8a2cb4792e6a8150a24061237e7c,,Bernard Mburu,1112,Kenya,1001420,,KES,77,Kenyan Shilling,KES,,dd/MM/yyyy,2,,,2025-10-09 05:00:00,"#,###.##",DD/MM/YYYY,2025-10-09 13:24:25,2025-10-09 13:24:25,100861,7,,0,,4,English,1001420,,0,0,,1,0,,3,394,(GMT 3:00) Eastern African Time (Africa/Addis_Ababa),True
1190,@EG@1a7c922570378a63c746952141e4421c,,Kilimanjaro,1112,Kenya,1001419,,KES,77,Kenyan Shilling,KES,,dd/MM/yyyy,2,,,2025-10-09 05:00:00,"#,###.##",DD/MM/YYYY,2025-10-09 13:22:02,2025-10-09 13:22:02,100859,34,,0,,4,English,1001419,,0,0,,1,0,,3,394,(GMT 3:00) Eastern African Time (Africa/Addis_Ababa),True
1189,@EG@cdf6a8dc466aa7dad5b6ea5e635c2e75,,Denis langat,1112,Kenya,1001418,,KES,77,Kenyan Shilling,KES,,dd/MM/yyyy,2,,,2025-10-09 05:00:00,"#,###.##",DD/MM/YYYY,2025-10-09 13:22:07,2025-10-09 13:22:07,100860,1,,0,,4,English,1001418,,0,0,,1,0,,3,394,(GMT 3:00) Eastern African Time (Africa/Addis_Ababa),True
1188,@EG@4df5a316f5db7b1b5ebc3e5bdc4899e7,,Empire,1112,Kenya,1001417,,KES,77,Kenyan Shilling,KES,,dd/MM/yyyy,2,,,2025-10-09 05:00:00,"#,###.##",DD/MM/YYYY,2025-10-09 13:20:44,2025-10-09 13:20:44,100858,4,,0,,4,English,1001417,,0,0,,1,0,,3,394,(GMT 3:00) Eastern African Time (Africa/Addis_Ababa),True
1186,@EG@bc0243ee473232fe66a515e40eb41e54,,Chejja,1112,Kenya,1001415,,KES,77,Kenyan Shilling,KES,,dd/MM/yyyy,2,,,2025-10-09 05:00:00,"#,###.##",DD/MM/YYYY,2025-10-09 13:17:51,2025-10-09 13:17:51,100857,4,,0,,4,English,1001415,,0,0,,1,0,,3,394,(GMT 3:00) Eastern African Time (Africa/Addis_Ababa),True
1185,@EG@4fe6e6ebd7ae52337819928a5beea99d,,Unga Company,1112,Kenya,1001414,,KES,77,Kenyan Shilling,KES,,dd/MM/yyyy,2,,,2025-10-09 05:00:00,"#,###.##",DD/MM/YYYY,2025-10-09 13:17:16,2025-10-09 13:17:16,100856,6,,0,,4,English,1001414,,0,0,,1,0,,3,394,(GMT 3:00) Eastern African Time (Africa/Addis_Ababa),True
1184,@EG@df2f684f49c03345fa8d56c8bed0a6a7,,Sonic,1112,Kenya,1001413,,KES,77,Kenyan Shilling,KES,,dd/MM/yyyy,2,,,2025-10-09 05:00:00,"#,###.##",DD/MM/YYYY,2025-10-09 13:27:04,2025-10-09 13:27:04,100862,34,,0,,4,English,1001413,,0,0,,1,0,,3,394,(GMT 3:00) Eastern African Time (Africa/Addis_Ababa),True
1183,@EG@0afa3392da39097935cef15d6191a6c4,,Duncan Kiprotich,1112,Kenya,1001412,,KES,77,Kenyan Shilling,KES,,dd/MM/yyyy,2,,,2025-10-09 05:00:00,"#,###.##",DD/MM/YYYY,2025-10-09 13:16:32,2025-10-09 13:16:32,100855,7,,0,,4,English,1001412,,0,0,,1,0,,3,394,(GMT 3:00) Eastern African Time (Africa/Addis_Ababa),True
1180,@EG@0ab1fe05545877410b61be76ccfa9d02,,Sian and daughters,1112,Kenya,1001409,,KES,77,Kenyan Shilling,KES,,dd/MM/yyyy,2,,,2025-10-09 05:00:00,"#,###.##",DD/MM/YYYY,2025-10-09 13:15:38,2025-10-09 13:15:38,100854,3,,0,,4,English,1001409,,0,0,,1,0,,3,394,(GMT 3:00) Eastern African Time (Africa/Addis_Ababa),True
1177,@EG@860a6295120efcf6c0cff27edf94c81e,,Dennis Mutuma,1112,Kenya,1001406,,KES,77,Kenyan Shilling,KES,,dd/MM/yyyy,2,,,2025-10-09 05:00:00,"#,###.##",DD/MM/YYYY,2025-10-09 13:13:43,2025-10-09 13:13:43,100853,34,,0,,4,English,1001406,,0,0,,1,0,,3,394,(GMT 3:00) Eastern African Time (Africa/Addis_Ababa),True
1176,@EG@e29e25fc9dab67827da6f96beb513c42,,Im no company,1112,Kenya,1001405,,KES,77,Kenyan Shilling,KES,,dd/MM/yyyy,2,,,2025-10-09 05:00:00,"#,###.##",DD/MM/YYYY,2025-10-09 14:04:20,2025-10-09 14:04:20,100882,14,,0,,4,English,1001405,,0,0,,1,0,,3,394,(GMT 3:00) Eastern African Time (Africa/Addis_Ababa),True
1175,@EG@a66051f5a51fd439ccc405fa90e8a64a,,Felix koech,1112,Kenya,1001404,,KES,77,Kenyan Shilling,KES,,dd/MM/yyyy,2,,,2025-10-09 05:00:00,"#,###.##",DD/MM/YYYY,2025-10-09 13:11:30,2025-10-09 13:11:30,100852,1,,0,,4,English,1001404,,0,0,,1,0,,3,394,(GMT 3:00) Eastern African Time (Africa/Addis_Ababa),True
1174,@EG@9e228cc6312a2ce3ed7fcd7c094860b0,,Bujaga fashion and design,1112,Kenya,1001403,,KES,77,Kenyan Shilling,KES,,dd/MM/yyyy,2,,,2025-10-09 05:00:00,"#,###.##",DD/MM/YYYY,2025-10-09 13:11:10,2025-10-09 13:11:10,100851,15,,0,,4,English,1001403,,0,0,,1,0,,3,394,(GMT 3:00) Eastern African Time (Africa/Addis_Ababa),True
1168,@EG@6ac9b933533b10d4942780ab492fe8b2,,KIBOKO YAO,1112,Kenya,1001397,,KES,77,Kenyan Shilling,KES,,dd/MM/yyyy,2,,,2025-10-09 05:00:00,"#,###.##",DD/MM/YYYY,2025-10-09 13:05:01,2025-10-09 13:05:01,100849,30,,0,,4,English,1001397,,0,0,,1,0,,3,394,(GMT 3:00) Eastern African Time (Africa/Addis_Ababa),True
1167,@EG@1baf71732296c5eb93ef35103da583f7,,Markland consultant,1112,Kenya,1001396,,KES,77,Kenyan Shilling,KES,,dd/MM/yyyy,2,,,2025-10-09 05:00:00,"#,###.##",DD/MM/YYYY,2025-10-09 13:03:53,2025-10-09 13:03:53,100848,34,,0,,4,English,1001396,,0,0,,1,0,,3,394,(GMT 3:00) Eastern African Time (Africa/Addis_Ababa),True
1166,@EG@590666ee02b1011c3aab6d33be5b4479,,Nyongesa,1112,Kenya,1001395,,KES,77,Kenyan Shilling,KES,,dd/MM/yyyy,2,,,2025-10-09 05:00:00,"#,###.##",DD/MM/YYYY,2025-10-09 13:01:56,2025-10-09 13:01:56,100847,5,,0,,4,English,1001395,,0,0,,1,0,,3,394,(GMT 3:00) Eastern African Time (Africa/Addis_Ababa),True
1165,@EG@676a68db9c0a04046a4c7dd149528017,,Kamakowa jamtaka,1112,Kenya,1001394,,KES,77,Kenyan Shilling,KES,,dd/MM/yyyy,2,,,2025-10-09 05:00:00,"#,###.##",DD/MM/YYYY,2025-10-09 13:07:04,2025-10-09 13:07:04,100850,32,,0,,4,English,1001394,,0,0,,1,0,,3,394,(GMT 3:00) Eastern African Time (Africa/Addis_Ababa),True
1164,@EG@adc3501e37686cdb4cb579d5b064006d,,Walela Fred,1004,Algeria,1001393,,DZD,45,Algerian Dinar,DZD,,dd/MM/yyyy,2,,,2025-10-09 07:00:00,"# ###,##",DD/MM/YYYY,2025-10-09 12:59:31,2025-10-09 12:59:31,100846,2,,0,,4,English,1001393,,0,0,,1,0,,1,295,(GMT 1:00) Central European Time (Africa/Algiers),True
1163,@EG@8a3489c2bad0957ac83556b2c30a056d,,Kevin Kipkorir,1112,Kenya,1001392,,KES,77,Kenyan Shilling,KES,,dd/MM/yyyy,2,,,2025-10-09 05:00:00,"#,###.##",DD/MM/YYYY,2025-10-09 12:56:18,2025-10-09 12:56:18,100845,1,,0,,4,English,1001392,,0,0,,1,0,,3,394,(GMT 3:00) Eastern African Time (Africa/Addis_Ababa),True
1162,@EG@eda567fde45634f3c4cf77bbebc24757,,Mwomlem car wash,1005,American Samoa,1001391,,USD,155,United States Dollar,$,,MM/dd/yyyy,2,,,2025-10-09 19:00:00,"#,###.##",MM/DD/YYYY,2025-10-09 12:55:26,2025-10-09 12:55:26,100843,15,,0,,4,English,1001391,,0,0,,1,0,,-11,5,(GMT -11:00) Samoa Standard Time (Pacific/Midway),True
1161,@EG@a251be48943bfa2fa526830ff66214cc,,Liza school,1112,Kenya,1001390,,KES,77,Kenyan Shilling,KES,,dd/MM/yyyy,2,,,2025-10-09 05:00:00,"#,###.##",DD/MM/YYYY,2025-10-09 12:55:47,2025-10-09 12:55:47,100844,4,,0,,4,English,1001390,,0,0,,1,0,,3,394,(GMT 3:00) Eastern African Time (Africa/Addis_Ababa),True
1159,@EG@1e58e441195a28dbba7da4433d046e00,,Chinese mining company,1112,Kenya,1001388,,KES,77,Kenyan Shilling,KES,,dd/MM/yyyy,2,,,2025-10-09 05:00:00,"#,###.##",DD/MM/YYYY,2025-10-09 12:46:18,2025-10-09 12:46:18,100842,15,,0,,4,English,1001388,,0,0,,1,0,,3,394,(GMT 3:00) Eastern African Time (Africa/Addis_Ababa),True
1158,@EG@c530b7d787594f5bce0b6c22b9d1b235,,Ginnery,1112,Kenya,1001387,,KES,77,Kenyan Shilling,KES,,dd/MM/yyyy,2,,,2025-10-09 05:00:00,"#,###.##",DD/MM/YYYY,2025-10-09 12:44:10,2025-10-09 12:44:10,100840,3,,0,,4,English,1001387,,0,0,,1,0,,3,394,(GMT 3:00) Eastern African Time (Africa/Addis_Ababa),True
1157,@EG@8969ee843e5f71a51dda9b47a5538888,,Glee,1112,Kenya,1001386,,KES,77,Kenyan Shilling,KES,,dd/MM/yyyy,2,,,2025-10-09 05:00:00,"#,###.##",DD/MM/YYYY,2025-10-09 12:43:53,2025-10-09 12:43:53,100839,7,,0,,4,English,1001386,,0,0,,1,0,,3,394,(GMT 3:00) Eastern African Time (Africa/Addis_Ababa),True
1156,@EG@8cfde4f33edd1313fd07e036e64fa198,,Mzurisweets,1112,Kenya,1001385,,KES,77,Kenyan Shilling,KES,,dd/MM/yyyy,2,,,2025-10-09 05:00:00,"#,###.##",DD/MM/YYYY,2025-10-09 12:41:29,2025-10-09 12:41:29,100838,3,,0,,4,English,1001385,,0,0,,1,0,,3,394,(GMT 3:00) Eastern African Time (Africa/Addis_Ababa),True
1154,@EG@b027d65fc9947111bbf9f5f6315129ee,,Home land,1112,Kenya,1001383,,KES,77,Kenyan Shilling,KES,,dd/MM/yyyy,2,,,2025-10-09 05:00:00,"#,###.##",DD/MM/YYYY,2025-10-09 12:44:54,2025-10-09 12:44:54,100841,34,,0,,4,English,1001383,,0,0,,1,0,,3,394,(GMT 3:00) Eastern African Time (Africa/Addis_Ababa),True
1151,@EG@89b51a83a92d71e0fa1f1a8798a7a542,,Powerstar,1112,Kenya,1001380,,KES,77,Kenyan Shilling,KES,,dd/MM/yyyy,2,,,2025-10-09 05:00:00,"#,###.##",DD/MM/YYYY,2025-10-09 12:35:53,2025-10-09 12:35:53,100837,15,,0,,4,English,1001380,,0,0,,1,0,,3,394,(GMT 3:00) Eastern African Time (Africa/Addis_Ababa),True
1150,@EG@768fe5ed81c76c176f97eb8e181bd074,,Kenya port authority,1112,Kenya,1001379,,KES,77,Kenyan Shilling,KES,,dd/MM/yyyy,2,,,2025-10-09 05:00:00,"#,###.##",DD/MM/YYYY,2025-10-09 12:34:13,2025-10-09 12:34:13,100836,3,,0,,4,English,1001379,,0,0,,1,0,,3,394,(GMT 3:00) Eastern African Time (Africa/Addis_Ababa),True
1149,@EG@212aa6ee3b94884539150e936e68773f,,Mohamed,1112,Kenya,1001378,,KES,77,Kenyan Shilling,KES,,dd/MM/yyyy,2,,,2025-10-09 05:00:00,"#,###.##",DD/MM/YYYY,2025-10-09 12:32:49,2025-10-09 12:32:49,100835,3,,0,,4,English,1001378,,0,0,,1,0,,3,394,(GMT 3:00) Eastern African Time (Africa/Addis_Ababa),True
1147,@EG@9fec04f3aacd4ca763737b3d7eac680e,,Crown,1112,Kenya,1001376,,KES,77,Kenyan Shilling,KES,,dd/MM/yyyy,2,,,2025-10-09 05:00:00,"#,###.##",DD/MM/YYYY,2025-10-09 12:31:13,2025-10-09 12:31:13,100834,5,,0,,4,English,1001376,,0,0,,1,0,,3,394,(GMT 3:00) Eastern African Time (Africa/Addis_Ababa),True
1146,@EG@77233bdc2d2e040926b5ee4bab8c954f,,University of embu,1112,Kenya,1001375,,KES,77,Kenyan Shilling,KES,,dd/MM/yyyy,2,,,2025-10-09 05:00:00,"#,###.##",DD/MM/YYYY,2025-10-09 12:30:57,2025-10-09 12:30:57,100833,4,,0,,4,English,1001375,,0,0,,1,0,,3,394,(GMT 3:00) Eastern African Time (Africa/Addis_Ababa),True
1144,@EG@0e07c35bab29d64f123a8d51a839b379,,EBK,1112,Kenya,1001373,,KES,77,Kenyan Shilling,KES,,dd/MM/yyyy,2,,,2025-10-09 05:00:00,"#,###.##",DD/MM/YYYY,2025-10-09 12:24:19,2025-10-09 12:24:19,100831,6,,0,,4,English,1001373,,0,0,,1,0,,3,394,(GMT 3:00) Eastern African Time (Africa/Addis_Ababa),True
1143,@EG@4a93db72f0db99298d5f9999309fee9f,,Hassan twalib Suleiman,1005,American Samoa,1001372,,USD,155,United States Dollar,$,,MM/dd/yyyy,2,,,2025-10-09 19:00:00,"#,###.##",MM/DD/YYYY,2025-10-09 12:28:31,2025-10-09 12:28:31,100832,7,,0,,4,English,1001372,,0,0,,1,0,,-11,5,(GMT -11:00) Samoa Standard Time (Pacific/Midway),True
1142,@EG@ae27da30579b5beb16cdfa7658773fda,,Lee Avni,1112,Kenya,1001371,,KES,77,Kenyan Shilling,KES,,dd/MM/yyyy,2,,,2025-10-09 05:00:00,"#,###.##",DD/MM/YYYY,2025-10-09 12:19:54,2025-10-09 12:19:54,100830,34,,0,,4,English,1001371,,0,0,,1,0,,3,394,(GMT 3:00) Eastern African Time (Africa/Addis_Ababa),True
1140,@EG@89dfb23346ec8e5a46afe34e9d48ba99,,JAMES MECHA,1112,Kenya,1001369,,KES,77,Kenyan Shilling,KES,,dd/MM/yyyy,2,,,2025-10-09 05:00:00,"#,###.##",DD/MM/YYYY,2025-10-09 12:17:46,2025-10-09 12:17:46,100829,6,,0,,4,English,1001369,,0,0,,1,0,,3,394,(GMT 3:00) Eastern African Time (Africa/Addis_Ababa),True
1137,@EG@0dda700d596ee8e9c3420ae9931f3fa7,,By grace shop,1112,Kenya,1001366,,KES,77,Kenyan Shilling,KES,,dd/MM/yyyy,2,,,2025-10-09 05:00:00,"#,###.##",DD/MM/YYYY,2025-10-09 12:15:58,2025-10-09 12:15:58,100828,14,,0,,4,English,1001366,,0,0,,1,0,,3,394,(GMT 3:00) Eastern African Time (Africa/Addis_Ababa),True
1134,@EG@bd07af5be7372a945e4e1e2f6462c8e3,,Aga Khan university hospital,1112,Kenya,1001363,,KES,77,Kenyan Shilling,KES,,dd/MM/yyyy,2,,,2025-10-09 05:00:00,"#,###.##",DD/MM/YYYY,2025-10-09 12:10:46,2025-10-09 12:10:46,100827,6,,0,,4,English,1001363,,0,0,,1,0,,3,394,(GMT 3:00) Eastern African Time (Africa/Addis_Ababa),True
1133,@EG@c502bac4be7333bb2bac487257985187,,Solomon Kinuthia,1112,Kenya,1001362,,KES,77,Kenyan Shilling,KES,,dd/MM/yyyy,2,,,2025-10-09 05:00:00,"#,###.##",DD/MM/YYYY,2025-10-09 12:08:47,2025-10-09 12:08:47,100825,2,,0,,4,English,1001362,,0,0,,1,0,,3,394,(GMT 3:00) Eastern African Time (Africa/Addis_Ababa),True
1132,@EG@b19df951d80941102d80ea995017af7e,,Mutio Julius,1112,Kenya,1001361,,KES,77,Kenyan Shilling,KES,,dd/MM/yyyy,2,,,2025-10-09 05:00:00,"#,###.##",DD/MM/YYYY,2025-10-09 12:08:49,2025-10-09 12:08:49,100826,6,,0,,4,English,1001361,,0,0,,1,0,,3,394,(GMT 3:00) Eastern African Time (Africa/Addis_Ababa),True
1131,@EG@4bff7698568bf381468a12ae39729e7e,,Lizan Muthoni,1112,Kenya,1001360,,KES,77,Kenyan Shilling,KES,,dd/MM/yyyy,2,,,2025-10-09 05:00:00,"#,###.##",DD/MM/YYYY,2025-10-09 12:05:39,2025-10-09 12:05:39,100824,18,,0,,4,English,1001360,,0,0,,1,0,,3,394,(GMT 3:00) Eastern African Time (Africa/Addis_Ababa),True
1129,@EG@7226d9786d7c1d96639d2cb74eaf67e4,,Jean,1112,Kenya,1001358,,KES,77,Kenyan Shilling,KES,,dd/MM/yyyy,2,,,2025-10-09 05:00:00,"#,###.##",DD/MM/YYYY,2025-10-09 11:59:17,2025-10-09 11:59:17,100823,6,,0,,4,English,1001358,,0,0,,1,0,,3,394,(GMT 3:00) Eastern African Time (Africa/Addis_Ababa),True
1124,@EG@57bc131decb6f8a064771a60925e3603,,Sintel broiler farm,1112,Kenya,1001353,,KES,77,Kenyan Shilling,KES,,dd/MM/yyyy,2,,,2025-10-09 05:00:00,"#,###.##",DD/MM/YYYY,2025-10-09 11:55:25,2025-10-09 11:55:25,100822,30,,0,,4,English,1001353,,0,0,,1,0,,3,394,(GMT 3:00) Eastern African Time (Africa/Addis_Ababa),True
1122,@EG@49f83164f5aa9548b60a20929ae58a6c,,Shiqs collection,1112,Kenya,1001351,,KES,77,Kenyan Shilling,KES,,dd/MM/yyyy,2,,,2025-10-09 05:00:00,"#,###.##",DD/MM/YYYY,2025-10-09 11:47:58,2025-10-09 11:47:58,100821,1,,0,,4,English,1001351,,0,0,,1,0,,3,394,(GMT 3:00) Eastern African Time (Africa/Addis_Ababa),True
1119,@EG@8cf59abda08a1dc631ad42231a775f84,,Narmco Computer Systems,1112,Kenya,1001348,,KES,77,Kenyan Shilling,KES,,dd/MM/yyyy,2,,,2025-10-09 05:00:00,"#,###.##",DD/MM/YYYY,2025-10-09 11:47:10,2025-10-09 11:47:10,100820,15,,0,,4,English,1001348,,0,0,,1,0,,3,394,(GMT 3:00) Eastern African Time (Africa/Addis_Ababa),True
1118,@EG@a778d75a2ca108fe56a9f27e18870522,,Drips wines,1112,Kenya,1001347,,KES,77,Kenyan Shilling,KES,,dd/MM/yyyy,2,,,2025-10-09 05:00:00,"#,###.##",DD/MM/YYYY,2025-10-09 11:39:59,2025-10-09 11:39:59,100819,3,,0,,4,English,1001347,,0,0,,1,0,,3,394,(GMT 3:00) Eastern African Time (Africa/Addis_Ababa),True
1115,@EG@bd82f557c2830ad50ab1fcf2d41a9910,,My ownership,1112,Kenya,1001344,,KES,77,Kenyan Shilling,KES,,dd/MM/yyyy,2,,,2025-10-09 05:00:00,"#,###.##",DD/MM/YYYY,2025-10-09 11:34:03,2025-10-09 11:34:03,100818,34,,0,,4,English,1001344,,0,0,,1,0,,3,394,(GMT 3:00) Eastern African Time (Africa/Addis_Ababa),True
1114,@EG@72447dfc11ccb3d1535782dec5fc1d22,,Kakara Jordan ela,1112,Kenya,1001343,,KES,77,Kenyan Shilling,KES,,dd/MM/yyyy,2,,,2025-10-09 05:00:00,"#,###.##",DD/MM/YYYY,2025-10-09 11:27:16,2025-10-09 11:27:16,100817,2,,0,,4,English,1001343,,0,0,,1,0,,3,394,(GMT 3:00) Eastern African Time (Africa/Addis_Ababa),True
1111,@EG@4bc7d4d315c75802fa6552607d3e6dfa,,Maxamuud Mudhukulow,1112,Kenya,1001340,,KES,77,Kenyan Shilling,KES,,dd/MM/yyyy,2,,,2025-10-09 05:00:00,"#,###.##",DD/MM/YYYY,2025-10-09 11:04:22,2025-10-09 11:04:22,100816,34,,0,,4,English,1001340,,0,0,,1,0,,3,394,(GMT 3:00) Eastern African Time (Africa/Addis_Ababa),True
1110,@EG@83ecf3b6140174133c07cbbc16af7c21,,Dean enterprises,1112,Kenya,1001339,,KES,77,Kenyan Shilling,KES,,dd/MM/yyyy,2,,,2025-10-09 05:00:00,"#,###.##",DD/MM/YYYY,2025-10-09 10:42:48,2025-10-09 10:42:48,100815,7,,0,,4,English,1001339,,0,0,,1,0,,3,394,(GMT 3:00) Eastern African Time (Africa/Addis_Ababa),True
1109,@EG@f48ce296b4589785f4d353f2acf24825,,Anita Bebz,1112,Kenya,1001338,,KES,77,Kenyan Shilling,KES,,dd/MM/yyyy,2,,,2025-10-09 05:00:00,"#,###.##",DD/MM/YYYY,2025-10-09 10:29:54,2025-10-09 10:29:54,100814,7,,0,,4,English,1001338,,0,0,,1,0,,3,394,(GMT 3:00) Eastern African Time (Africa/Addis_Ababa),True
1107,@EG@6e2ebd2b3cb4381d6a19b2bb7947e0b5,,Galana energe,1112,Kenya,1001336,,KES,77,Kenyan Shilling,KES,,dd/MM/yyyy,2,,,2025-10-09 05:00:00,"#,###.##",DD/MM/YYYY,2025-10-09 10:20:17,2025-10-09 10:20:17,100813,3,,0,,4,English,1001336,,0,0,,1,0,,3,394,(GMT 3:00) Eastern African Time (Africa/Addis_Ababa),True
1106,@EG@775577a5c9b6213b265a9793c73dc8ba,,Joyce Wairimu,1112,Kenya,1001335,,KES,77,Kenyan Shilling,KES,,dd/MM/yyyy,2,,,2025-10-09 05:00:00,"#,###.##",DD/MM/YYYY,2025-10-09 10:12:04,2025-10-09 10:12:04,100812,18,,0,,4,English,1001335,,0,0,,1,0,,3,394,(GMT 3:00) Eastern African Time (Africa/Addis_Ababa),True
1105,@EG@2372afe493e1398b9188c968fba5d25c,,Candy and candy  clean services,1112,Kenya,1001334,,KES,77,Kenyan Shilling,KES,,dd/MM/yyyy,2,,,2025-10-09 05:00:00,"#,###.##",DD/MM/YYYY,2025-10-09 10:10:46,2025-10-09 10:10:46,100811,34,,0,,4,English,1001334,,0,0,,1,0,,3,394,(GMT 3:00) Eastern African Time (Africa/Addis_Ababa),True
1102,@EG@ea4090305c35993a18489e8989030940,,Farming,1112,Kenya,1001331,,KES,77,Kenyan Shilling,KES,,dd/MM/yyyy,2,,,2025-10-09 05:00:00,"#,###.##",DD/MM/YYYY,2025-10-09 10:04:25,2025-10-09 10:04:25,100810,3,,0,,4,English,1001331,,0,0,,1,0,,3,394,(GMT 3:00) Eastern African Time (Africa/Addis_Ababa),True
1101,@EG@adb2da5ee611adf95de6d12665fee0f6,,Baeh shaen,1112,Kenya,1001330,,KES,77,Kenyan Shilling,KES,,dd/MM/yyyy,2,,,2025-10-09 05:00:00,"#,###.##",DD/MM/YYYY,2025-10-09 09:58:07,2025-10-09 09:58:07,100809,34,,0,,4,English,1001330,,0,0,,1,0,,3,394,(GMT 3:00) Eastern African Time (Africa/Addis_Ababa),True
1100,@EG@82b29e7743330ad0de5a9f959efb3fc1,,Betfra farm,1112,Kenya,1001329,,KES,77,Kenyan Shilling,KES,,dd/MM/yyyy,2,,,2025-10-09 05:00:00,"#,###.##",DD/MM/YYYY,2025-10-09 09:51:03,2025-10-09 09:51:03,100808,30,,0,,4,English,1001329,,0,0,,1,0,,3,394,(GMT 3:00) Eastern African Time (Africa/Addis_Ababa),True
1099,@EG@373fc3ed30617287a5f7270931afe092,,Miruka,1112,Kenya,1001328,,KES,77,Kenyan Shilling,KES,,dd/MM/yyyy,2,,,2025-10-09 05:00:00,"#,###.##",DD/MM/YYYY,2025-10-09 09:49:41,2025-10-09 09:49:41,100807,4,,0,,4,English,1001328,,0,0,,1,0,,3,394,(GMT 3:00) Eastern African Time (Africa/Addis_Ababa),True
1097,@EG@568db9d80245b95164f5725b94b3bcea,,OJT Joseph's,1112,Kenya,1001326,,KES,77,Kenyan Shilling,KES,,dd/MM/yyyy,2,,,2025-10-09 05:00:00,"#,###.##",DD/MM/YYYY,2025-10-09 09:36:47,2025-10-09 09:36:47,100806,2,,0,,4,English,1001326,,0,0,,1,0,,3,394,(GMT 3:00) Eastern African Time (Africa/Addis_Ababa),True
1096,@EG@3d4cbcb1832577a4791c03a64e1fdff6,,Mlenga fruit shop,1112,Kenya,1001325,,KES,77,Kenyan Shilling,KES,,dd/MM/yyyy,2,,,2025-10-09 05:00:00,"#,###.##",DD/MM/YYYY,2025-10-09 09:34:38,2025-10-09 09:34:38,100805,7,,0,,4,English,1001325,,0,0,,1,0,,3,394,(GMT 3:00) Eastern African Time (Africa/Addis_Ababa),True
1095,@EG@f4918503497e45257df59a629f4189d1,,Miriam Awinja,1112,Kenya,1001324,,KES,77,Kenyan Shilling,KES,,dd/MM/yyyy,2,,,2025-10-09 05:00:00,"#,###.##",DD/MM/YYYY,2025-10-09 09:33:44,2025-10-09 09:33:44,100804,7,,0,,4,English,1001324,,0,0,,1,0,,3,394,(GMT 3:00) Eastern African Time (Africa/Addis_Ababa),True
1094,@EG@cf179d5d6ebb58318b2c555264083a20,,Victor Mutuma,1112,Kenya,1001323,,KES,77,Kenyan Shilling,KES,,dd/MM/yyyy,2,,,2025-10-09 05:00:00,"#,###.##",DD/MM/YYYY,2025-10-09 09:29:47,2025-10-09 09:29:47,100803,7,,0,,4,English,1001323,,0,0,,1,0,,3,394,(GMT 3:00) Eastern African Time (Africa/Addis_Ababa),True
1093,@EG@868b73fc1dfba3c38b5e8a94cfe987d4,,Rashid Dzimba,1112,Kenya,1001322,,KES,77,Kenyan Shilling,KES,,dd/MM/yyyy,2,,,2025-10-09 05:00:00,"#,###.##",DD/MM/YYYY,2025-10-09 09:21:37,2025-10-09 09:21:37,100802,7,,0,,4,English,1001322,,0,0,,1,0,,3,394,(GMT 3:00) Eastern African Time (Africa/Addis_Ababa),True
1092,@EG@d2149d42d3f0c40a9e17cf75b11b874b,,Eugene Sereme,1112,Kenya,1001321,,KES,77,Kenyan Shilling,KES,,dd/MM/yyyy,2,,,2025-10-09 05:00:00,"#,###.##",DD/MM/YYYY,2025-10-09 09:17:31,2025-10-09 09:17:31,100801,2,,0,,4,English,1001321,,0,0,,1,0,,3,394,(GMT 3:00) Eastern African Time (Africa/Addis_Ababa),True
1091,@EG@f4d57b3aaa16255b7196205c1085def5,,Sasa pay company,1112,Kenya,1001320,,KES,77,Kenyan Shilling,KES,,dd/MM/yyyy,2,,,2025-10-09 05:00:00,"#,###.##",DD/MM/YYYY,2025-10-09 09:11:38,2025-10-09 09:11:38,100800,1,,0,,4,English,1001320,,0,0,,1,0,,3,394,(GMT 3:00) Eastern African Time (Africa/Addis_Ababa),True
1089,@EG@4b38002bfff33ed79a3f60c9ec82c780,,Kibo safari camp,1112,Kenya,1001318,,KES,77,Kenyan Shilling,KES,,dd/MM/yyyy,2,,,2025-10-09 05:00:00,"#,###.##",DD/MM/YYYY,2025-10-09 08:58:54,2025-10-09 08:58:54,100799,7,,0,,4,English,1001318,,0,0,,1,0,,3,394,(GMT 3:00) Eastern African Time (Africa/Addis_Ababa),True
1088,@EG@703b539d00f241fcb07fb3e411511f96,,Salonist,1112,Kenya,1001317,,KES,77,Kenyan Shilling,KES,,dd/MM/yyyy,2,,,2025-10-09 05:00:00,"#,###.##",DD/MM/YYYY,2025-10-09 08:57:32,2025-10-09 08:57:32,100797,5,,0,,4,English,1001317,,0,0,,1,0,,3,394,(GMT 3:00) Eastern African Time (Africa/Addis_Ababa),True
1087,@EG@e58f307a00fd59841a67bc2351fb9844,,Interweave international,1112,Kenya,1001316,,KES,77,Kenyan Shilling,KES,,dd/MM/yyyy,2,,,2025-10-09 05:00:00,"#,###.##",DD/MM/YYYY,2025-10-09 08:58:45,2025-10-09 08:58:45,100798,4,,0,,4,English,1001316,,0,0,,1,0,,3,394,(GMT 3:00) Eastern African Time (Africa/Addis_Ababa),True
1086,@EG@dff92fa90cfbe7efb53fb40bfaef6b8e,,Ilyaas Solja,1112,Kenya,1001315,,KES,77,Kenyan Shilling,KES,,dd/MM/yyyy,2,,,2025-10-09 05:00:00,"#,###.##",DD/MM/YYYY,2025-10-09 08:56:12,2025-10-09 08:56:12,100796,7,,0,,4,English,1001315,,0,0,,1,0,,3,394,(GMT 3:00) Eastern African Time (Africa/Addis_Ababa),True
1085,@EG@020823f14ae2f3eba2bb534b744f7600,,Khetias HQ,1112,Kenya,1001314,,KES,77,Kenyan Shilling,KES,,dd/MM/yyyy,2,,,2025-10-09 05:00:00,"#,###.##",DD/MM/YYYY,2025-10-09 08:46:20,2025-10-09 08:46:20,100795,1,,0,,4,English,1001314,,0,0,,1,0,,3,394,(GMT 3:00) Eastern African Time (Africa/Addis_Ababa),True
1083,@EG@149fed236498438dc1e15c74ad04f7d0,,Solomon choria,1112,Kenya,1001312,,KES,77,Kenyan Shilling,KES,,dd/MM/yyyy,2,,,2025-10-09 05:00:00,"#,###.##",DD/MM/YYYY,2025-10-09 08:17:40,2025-10-09 08:17:40,100794,4,,0,,4,English,1001312,,0,0,,1,0,,3,394,(GMT 3:00) Eastern African Time (Africa/Addis_Ababa),True
1082,@EG@130139b3dc5755cf4f460ea2ad91b3d1,,Me greens,1112,Kenya,1001311,,KES,77,Kenyan Shilling,KES,,dd/MM/yyyy,2,,,2025-10-09 05:00:00,"#,###.##",DD/MM/YYYY,2025-10-09 08:13:16,2025-10-09 08:13:16,100793,7,,0,,4,English,1001311,,0,0,,1,0,,3,394,(GMT 3:00) Eastern African Time (Africa/Addis_Ababa),True
1080,@EG@487ff5e150fd5b4a820f3338c938b786,,Joshua,1112,Kenya,1001309,,KES,77,Kenyan Shilling,KES,,dd/MM/yyyy,2,,,2025-10-09 05:00:00,"#,###.##",DD/MM/YYYY,2025-10-09 08:02:27,2025-10-09 08:02:27,100792,7,,0,,4,English,1001309,,0,0,,1,0,,3,394,(GMT 3:00) Eastern African Time (Africa/Addis_Ababa),True
1079,@EG@bba33e0252a65f051a50905c3c4057ae,,Felix Rugiro,1039,Canada,1001308,,CAD,27,Canadian Dollar,$,,yyyy-MM-dd,2,,,2025-10-09 13:00:00,"#,###.##",YYYY-MM-DD,2025-10-09 07:58:46,2025-10-09 07:58:46,100791,34,,0,,4,English,1001308,,0,0,,1,0,,-5,110,(GMT -5:00) Eastern Standard Time (America/Atikokan),True
1077,@EG@8421c9a9ab176f5a1cad472f79f71d56,,Sparkle,1112,Kenya,1001306,,KES,77,Kenyan Shilling,KES,,dd/MM/yyyy,2,,,2025-10-09 05:00:00,"#,###.##",DD/MM/YYYY,2025-10-09 07:53:48,2025-10-09 07:53:48,100790,1,,0,,4,English,1001306,,0,0,,1,0,,3,394,(GMT 3:00) Eastern African Time (Africa/Addis_Ababa),True
1076,@EG@04379226fb1c6f96c12c2f64170f9a4d,,Kevins,1112,Kenya,1001305,,KES,77,Kenyan Shilling,KES,,dd/MM/yyyy,2,,,2025-10-09 05:00:00,"#,###.##",DD/MM/YYYY,2025-10-09 07:49:21,2025-10-09 07:49:21,100789,22,,0,,4,English,1001305,,0,0,,1,0,,3,394,(GMT 3:00) Eastern African Time (Africa/Addis_Ababa),True
1074,@EG@17dee7dbdfcf0eb277ca57584b1c512e,,Pleroma hotel,1112,Kenya,1001303,,KES,77,Kenyan Shilling,KES,,dd/MM/yyyy,2,,,2025-10-09 05:00:00,"#,###.##",DD/MM/YYYY,2025-10-09 22:12:44,2025-10-09 22:12:44,100930,7,,0,,4,English,1001303,,0,0,,1,0,,3,394,(GMT 3:00) Eastern African Time (Africa/Addis_Ababa),True
1073,@EG@ceb561fb7d36c6728d8144b7da8e23fd,,Ghaki,1112,Kenya,1001302,,KES,77,Kenyan Shilling,KES,,dd/MM/yyyy,2,,,2025-10-09 05:00:00,"#,###.##",DD/MM/YYYY,2025-10-09 07:44:35,2025-10-09 07:44:35,100788,4,,0,,4,English,1001302,,0,0,,1,0,,3,394,(GMT 3:00) Eastern African Time (Africa/Addis_Ababa),True
1072,@EG@1ba4616a44ddaf3306ad0731e6da9afa,,Kelvin Gaya Mbaji,1112,Kenya,1001301,,KES,77,Kenyan Shilling,KES,,dd/MM/yyyy,2,,,2025-10-09 05:00:00,"#,###.##",DD/MM/YYYY,2025-10-09 07:42:09,2025-10-09 07:42:09,100787,27,,0,,4,English,1001301,,0,0,,1,0,,3,394,(GMT 3:00) Eastern African Time (Africa/Addis_Ababa),True
1070,@EG@746ba54b4639711e551806d2dbe20c6f,,Huduma Africa limited,1112,Kenya,1001299,,KES,77,Kenyan Shilling,KES,,dd/MM/yyyy,2,,,2025-10-09 05:00:00,"#,###.##",DD/MM/YYYY,2025-10-09 07:37:10,2025-10-09 07:37:10,100786,3,,0,,4,English,1001299,,0,0,,1,0,,3,394,(GMT 3:00) Eastern African Time (Africa/Addis_Ababa),True
1069,@EG@32bd8b441b55343bdb9ffb14c791667c,,Toffee,1112,Kenya,1001298,,KES,77,Kenyan Shilling,KES,,dd/MM/yyyy,2,,,2025-10-09 05:00:00,"#,###.##",DD/MM/YYYY,2025-10-09 07:32:32,2025-10-09 07:32:32,100785,6,,0,,4,English,1001298,,0,0,,1,0,,3,394,(GMT 3:00) Eastern African Time (Africa/Addis_Ababa),True
1067,@EG@bc176082bfa7992e5a77a2aad07bcad4,,Enock Kavita muthoka,1112,Kenya,1001296,,KES,77,Kenyan Shilling,KES,,dd/MM/yyyy,2,,,2025-10-09 05:00:00,"#,###.##",DD/MM/YYYY,2025-10-09 07:25:20,2025-10-09 07:25:20,100784,7,,0,,4,English,1001296,,0,0,,1,0,,3,394,(GMT 3:00) Eastern African Time (Africa/Addis_Ababa),True
1066,@EG@5155ab37751f45df3a278cb566808570,,Glow Brie,1112,Kenya,1001295,,KES,77,Kenyan Shilling,KES,,dd/MM/yyyy,2,,,2025-10-09 05:00:00,"#,###.##",DD/MM/YYYY,2025-10-09 07:15:43,2025-10-09 07:15:43,100783,34,,0,,4,English,1001295,,0,0,,1,0,,3,394,(GMT 3:00) Eastern African Time (Africa/Addis_Ababa),True
1065,@EG@b8ca014ec8ce27912bd8386cabbd433b,,Helida Achieng,1112,Kenya,1001294,,KES,77,Kenyan Shilling,KES,,dd/MM/yyyy,2,,,2025-10-09 05:00:00,"#,###.##",DD/MM/YYYY,2025-10-09 07:02:09,2025-10-09 07:02:09,100782,4,,0,,4,English,1001294,,0,0,,1,0,,3,394,(GMT 3:00) Eastern African Time (Africa/Addis_Ababa),True
1064,@EG@25609e5d3951acb4343d0bd4b8053d40,,SANCHEZ,1112,Kenya,1001293,,KES,77,Kenyan Shilling,KES,,dd/MM/yyyy,2,,,2025-10-09 05:00:00,"#,###.##",DD/MM/YYYY,2025-10-09 06:49:51,2025-10-09 06:49:51,100781,1,,0,,4,English,1001293,,0,0,,1,0,,3,394,(GMT 3:00) Eastern African Time (Africa/Addis_Ababa),True
1063,@EG@6daa8ff5c7d42f7dc45cddbd53505c7c,,samkimani182@gmail.com,1112,Kenya,1001292,,KES,77,Kenyan Shilling,KES,,dd/MM/yyyy,2,,,2025-10-09 05:00:00,"#,###.##",DD/MM/YYYY,2025-10-09 06:46:22,2025-10-09 06:46:22,100780,7,,0,,4,English,1001292,,0,0,,1,0,,3,394,(GMT 3:00) Eastern African Time (Africa/Addis_Ababa),True
1058,@EG@b04f10a9e1617c7a66cf1376a599cdca,,Flochem Enterprises,1112,Kenya,1001287,,KES,77,Kenyan Shilling,KES,,dd/MM/yyyy,2,,,2025-10-09 05:00:00,"#,###.##",DD/MM/YYYY,2025-10-09 06:36:17,2025-10-09 06:36:17,100779,32,,0,,4,English,1001287,,0,0,,1,0,,3,394,(GMT 3:00) Eastern African Time (Africa/Addis_Ababa),True
1057,@EG@e4d7a55ebd32ece06db0cebea6c2678e,,DOOH,1112,Kenya,1001286,,KES,77,Kenyan Shilling,KES,,dd/MM/yyyy,2,,,2025-10-09 05:00:00,"#,###.##",DD/MM/YYYY,2025-10-09 06:27:45,2025-10-09 06:27:45,100778,6,,0,,4,English,1001286,,0,0,,1,0,,3,394,(GMT 3:00) Eastern African Time (Africa/Addis_Ababa),True
1053,@EG@0fb6390cfcd2d54281006023cc1086f9,,Radar,1112,Kenya,1001282,,KES,77,Kenyan Shilling,KES,,dd/MM/yyyy,2,,,2025-10-09 05:00:00,"#,###.##",DD/MM/YYYY,2025-10-09 05:37:23,2025-10-09 05:37:23,100777,15,,0,,4,English,1001282,,0,0,,1,0,,3,394,(GMT 3:00) Eastern African Time (Africa/Addis_Ababa),True
1052,@EG@48442eecc81847c1aecedd0b18c5e6d3,,Mshadow Aliow,1112,Kenya,1001281,,KES,77,Kenyan Shilling,KES,,dd/MM/yyyy,2,,,2025-10-09 05:00:00,"#,###.##",DD/MM/YYYY,2025-10-09 05:25:10,2025-10-09 05:25:10,100776,5,,0,,4,English,1001281,,0,0,,1,0,,3,394,(GMT 3:00) Eastern African Time (Africa/Addis_Ababa),True
1050,@EG@eb9794dff9226d6a02f13333edb731d8,,Online,1112,Kenya,1001279,,KES,77,Kenyan Shilling,KES,,dd/MM/yyyy,2,,,2025-10-09 05:00:00,"#,###.##",DD/MM/YYYY,2025-10-09 05:21:13,2025-10-09 05:21:13,100775,1,,0,,4,English,1001279,,0,0,,1,0,,3,394,(GMT 3:00) Eastern African Time (Africa/Addis_Ababa),True
1049,@EG@ba8830c52f021f236d52c2b749ab7a8a,,MISKI LTD,1112,Kenya,1001278,,KES,77,Kenyan Shilling,KES,,dd/MM/yyyy,2,,,2025-10-09 05:00:00,"#,###.##",DD/MM/YYYY,2025-10-09 05:16:06,2025-10-09 05:16:06,100774,1,,0,,4,English,1001278,,0,0,,1,0,,3,394,(GMT 3:00) Eastern African Time (Africa/Addis_Ababa),True
1048,@EG@455d21934ceed9cd84df3f32ebfdf1da,,Domalh,1112,Kenya,1001277,,KES,77,Kenyan Shilling,KES,,dd/MM/yyyy,2,,,2025-10-09 05:00:00,"#,###.##",DD/MM/YYYY,2025-10-09 05:12:03,2025-10-09 05:12:03,100773,34,,0,,4,English,1001277,,0,0,,1,0,,3,394,(GMT 3:00) Eastern African Time (Africa/Addis_Ababa),True
1047,@EG@058773e3ff1a198db3261e1f76927434,,Royal media,1112,Kenya,1001276,,KES,77,Kenyan Shilling,KES,,dd/MM/yyyy,2,,,2025-10-09 05:00:00,"#,###.##",DD/MM/YYYY,2025-10-09 05:09:52,2025-10-09 05:09:52,100772,27,,0,,4,English,1001276,,0,0,,1,0,,3,394,(GMT 3:00) Eastern African Time (Africa/Addis_Ababa),True
1044,@EG@32f0ed5a509bc9a1fbe77dd1c5f6ef1e,,Zipporahanyona boutique,1112,Kenya,1001273,,KES,77,Kenyan Shilling,KES,,dd/MM/yyyy,2,,,2025-10-09 05:00:00,"#,###.##",DD/MM/YYYY,2025-10-09 05:09:33,2025-10-09 05:09:33,100771,21,,0,,4,English,1001273,,0,0,,1,0,,3,394,(GMT 3:00) Eastern African Time (Africa/Addis_Ababa),True
1043,@EG@78de03bbac3cd3315b042e3460fb0a0a,,survey,1112,Kenya,1001272,,KES,77,Kenyan Shilling,KES,,dd/MM/yyyy,2,,,2025-10-09 05:00:00,"#,###.##",DD/MM/YYYY,2025-10-09 05:07:10,2025-10-09 05:07:10,100769,4,,0,,4,English,1001272,,0,0,,1,0,,3,394,(GMT 3:00) Eastern African Time (Africa/Addis_Ababa),True
1042,@EG@2dea34cde53733463295c195c8e177f8,,Rainforest alliance,1112,Kenya,1001271,,KES,77,Kenyan Shilling,KES,,dd/MM/yyyy,2,,,2025-10-09 05:00:00,"#,###.##",DD/MM/YYYY,2025-10-09 05:06:31,2025-10-09 05:06:31,100768,7,,0,,4,English,1001271,,0,0,,1,0,,3,394,(GMT 3:00) Eastern African Time (Africa/Addis_Ababa),True
1041,@EG@99f6044f258d2b0ef28dfc73a59d7d04,,Joel Mukoya,1112,Kenya,1001270,,KES,77,Kenyan Shilling,KES,,dd/MM/yyyy,2,,,2025-10-09 05:00:00,"#,###.##",DD/MM/YYYY,2025-10-09 05:05:42,2025-10-09 05:05:42,100766,4,,0,,4,English,1001270,,0,0,,1,0,,3,394,(GMT 3:00) Eastern African Time (Africa/Addis_Ababa),True
1040,@EG@a712725ee82cf232b7bed12e2961fa0b,,Mandago shop,1112,Kenya,1001269,,KES,77,Kenyan Shilling,KES,,dd/MM/yyyy,2,,,2025-10-09 05:00:00,"#,###.##",DD/MM/YYYY,2025-10-09 16:58:42,2025-10-09 16:58:42,100918,15,,0,,4,English,1001269,,0,0,,1,0,,3,394,(GMT 3:00) Eastern African Time (Africa/Addis_Ababa),True
1039,@EG@823f3c4986e151e82840cdab7ba5a3a5,,Nicholas lwambi Saha Nicholas lwambi Saha,1112,Kenya,1001268,,KES,77,Kenyan Shilling,KES,,dd/MM/yyyy,2,,,2025-10-09 05:00:00,"#,###.##",DD/MM/YYYY,2025-10-09 05:08:16,2025-10-09 05:08:16,100770,33,,0,,4,English,1001268,,0,0,,1,0,,3,394,(GMT 3:00) Eastern African Time (Africa/Addis_Ababa),True
1038,@EG@0da9df8620fe2a3cd23c429f373658e5,,Rarieda company,1112,Kenya,1001267,,KES,77,Kenyan Shilling,KES,,dd/MM/yyyy,2,,,2025-10-09 05:00:00,"#,###.##",DD/MM/YYYY,2025-10-09 05:05:48,2025-10-09 05:05:48,100767,3,,0,,4,English,1001267,,0,0,,1,0,,3,394,(GMT 3:00) Eastern African Time (Africa/Addis_Ababa),True
1037,@EG@976bcc5250d6d23edcae8598385b6652,,Kakos,1112,Kenya,1001266,,KES,77,Kenyan Shilling,KES,,dd/MM/yyyy,2,,,2025-10-09 05:00:00,"#,###.##",DD/MM/YYYY,2025-10-09 05:05:13,2025-10-09 05:05:13,100765,6,,0,,4,English,1001266,,0,0,,1,0,,3,394,(GMT 3:00) Eastern African Time (Africa/Addis_Ababa),True
1036,@EG@546e24e91009aedfdb758fb231f752e9,,F.M.T BABA,1112,Kenya,1001265,,KES,77,Kenyan Shilling,KES,,dd/MM/yyyy,2,,,2025-10-09 05:00:00,"#,###.##",DD/MM/YYYY,2025-10-09 05:05:10,2025-10-09 05:05:10,100764,22,,0,,4,English,1001265,,0,0,,1,0,,3,394,(GMT 3:00) Eastern African Time (Africa/Addis_Ababa),True
1035,@EG@3a92cd9c7ad4fd8aedd160dc9cd3489d,,Phone place kenya,1112,Kenya,1001264,,KES,77,Kenyan Shilling,KES,,dd/MM/yyyy,2,,,2025-10-09 05:00:00,"#,###.##",DD/MM/YYYY,2025-10-09 05:04:23,2025-10-09 05:04:23,100763,2,,0,,4,English,1001264,,0,0,,1,0,,3,394,(GMT 3:00) Eastern African Time (Africa/Addis_Ababa),True
1033,@EG@69114a6589a95bbe9852c16c6aceaee7,,Kaguma,1112,Kenya,1001262,,KES,77,Kenyan Shilling,KES,,dd/MM/yyyy,2,,,2025-10-09 05:00:00,"#,###.##",DD/MM/YYYY,2025-10-09 02:54:31,2025-10-09 02:54:31,100761,2,,0,,4,English,1001262,,0,0,,1,0,,3,394,(GMT 3:00) Eastern African Time (Africa/Addis_Ababa),True
1031,@EG@7c4658ec3a7db19ef468553229d24c40,,Ann Garments,1112,Kenya,1001260,,KES,77,Kenyan Shilling,KES,,dd/MM/yyyy,2,,,2025-10-09 05:00:00,"#,###.##",DD/MM/YYYY,2025-10-09 01:59:36,2025-10-09 01:59:36,100760,1,,0,,4,English,1001260,,0,0,,1,0,,3,394,(GMT 3:00) Eastern African Time (Africa/Addis_Ababa),True
1029,@EG@069d1f6d21a9a9116e5c1092405e3107,,Choice vine,1112,Kenya,1001258,,KES,77,Kenyan Shilling,KES,,dd/MM/yyyy,2,,,2025-10-09 05:00:00,"#,###.##",DD/MM/YYYY,2025-10-09 01:02:07,2025-10-09 01:02:07,100759,3,,0,,4,English,1001258,,0,0,,1,0,,3,394,(GMT 3:00) Eastern African Time (Africa/Addis_Ababa),True
1028,@EG@472956111e57d07957dd10ae2fa6ee70,,Noor Abdirahman,1112,Kenya,1001257,,KES,77,Kenyan Shilling,KES,,dd/MM/yyyy,2,,,2025-10-09 05:00:00,"#,###.##",DD/MM/YYYY,2025-10-09 00:32:00,2025-10-09 00:32:00,100758,1,,0,,4,English,1001257,,0,0,,1,0,,3,394,(GMT 3:00) Eastern African Time (Africa/Addis_Ababa),True
1027,@EG@d9d45a469ad5e80a97633f84a8e70840,,luciaatieno 217,1112,Kenya,1001256,,KES,77,Kenyan Shilling,KES,,dd/MM/yyyy,2,,,2025-10-09 05:00:00,"#,###.##",DD/MM/YYYY,2025-10-09 00:04:57,2025-10-09 00:04:57,100757,3,,0,,4,English,1001256,,0,0,,1,0,,3,394,(GMT 3:00) Eastern African Time (Africa/Addis_Ababa),True
1025,@EG@e8c476bc1ff4417bc0194d9253b8b0f5,,Mercantile cargo,1112,Kenya,1001254,,KES,77,Kenyan Shilling,KES,,dd/MM/yyyy,2,,,2025-10-08 05:00:00,"#,###.##",DD/MM/YYYY,2025-10-08 23:59:36,2025-10-08 23:59:36,100756,34,,0,,4,English,1001254,,0,0,,1,0,,3,394,(GMT 3:00) Eastern African Time (Africa/Addis_Ababa),True
1024,@EG@2a929e69ac647720bc588fb10c28b6d4,,Griffin Ereng,1112,Kenya,1001253,,KES,77,Kenyan Shilling,KES,,dd/MM/yyyy,2,,,2025-10-08 05:00:00,"#,###.##",DD/MM/YYYY,2025-10-08 23:35:27,2025-10-08 23:35:27,100755,5,,0,,4,English,1001253,,0,0,,1,0,,3,394,(GMT 3:00) Eastern African Time (Africa/Addis_Ababa),True
1020,@EG@aa413ac8b97d541aa9604f6495a7a760,,Deriv,1112,Kenya,1001249,,KES,77,Kenyan Shilling,KES,,dd/MM/yyyy,2,,,2025-10-08 05:00:00,"#,###.##",DD/MM/YYYY,2025-10-08 21:48:41,2025-10-08 21:48:41,100754,2,,0,,4,English,1001249,,0,0,,1,0,,3,394,(GMT 3:00) Eastern African Time (Africa/Addis_Ababa),True
1019,@EG@74efb302b653dab9e98706d4c6e2c97f,,Coolmatt,1112,Kenya,1001248,,KES,77,Kenyan Shilling,KES,,dd/MM/yyyy,2,,,2025-10-08 05:00:00,"#,###.##",DD/MM/YYYY,2025-10-08 21:48:19,2025-10-08 21:48:19,100753,7,,0,,4,English,1001248,,0,0,,1,0,,3,394,(GMT 3:00) Eastern African Time (Africa/Addis_Ababa),True
1018,@EG@041d059ca831c39429c1474b1fa9c97b,,123wee,1112,Kenya,1001247,,KES,77,Kenyan Shilling,KES,,dd/MM/yyyy,2,,,2025-10-08 05:00:00,"#,###.##",DD/MM/YYYY,2025-10-08 21:27:21,2025-10-08 21:27:21,100752,6,,0,,4,English,1001247,,0,0,,1,0,,3,394,(GMT 3:00) Eastern African Time (Africa/Addis_Ababa),True
1017,@EG@e1482c9f9efdf0cb7fc50bd6ddff8839,,Estawa justin,1005,American Samoa,1001246,,USD,155,United States Dollar,$,,MM/dd/yyyy,2,,,2025-10-08 19:00:00,"#,###.##",MM/DD/YYYY,2025-10-08 21:22:49,2025-10-08 21:22:49,100751,3,,0,,4,English,1001246,,0,0,,1,0,,-11,5,(GMT -11:00) Samoa Standard Time (Pacific/Midway),True
1016,@EG@f92f0e0c383bb0ad9a35be12ea2a4718,,Sabralingard@gmail.com,1112,Kenya,1001245,,KES,77,Kenyan Shilling,KES,,dd/MM/yyyy,2,,,2025-10-08 05:00:00,"#,###.##",DD/MM/YYYY,2025-10-08 20:41:05,2025-10-08 20:41:05,100750,30,,0,,4,English,1001245,,0,0,,1,0,,3,394,(GMT 3:00) Eastern African Time (Africa/Addis_Ababa),True
1014,@EG@8d94815a56a8089e03479bb1f63e3cb0,,No,1039,Canada,1001243,,CAD,27,Canadian Dollar,$,,yyyy-MM-dd,2,,,2025-10-08 13:00:00,"#,###.##",YYYY-MM-DD,2025-10-08 20:09:58,2025-10-08 20:09:58,100749,4,,0,,4,English,1001243,,0,0,,1,0,,-5,110,(GMT -5:00) Eastern Standard Time (America/Atikokan),True
1013,@EG@19fbbcd224dc9d04c677e05cb25da31b,,Hibaq Luul,1112,Kenya,1001242,,KES,77,Kenyan Shilling,KES,,dd/MM/yyyy,2,,,2025-10-08 05:00:00,"#,###.##",DD/MM/YYYY,2025-10-08 19:44:40,2025-10-08 19:44:40,100748,7,,0,,4,English,1001242,,0,0,,1,0,,3,394,(GMT 3:00) Eastern African Time (Africa/Addis_Ababa),True
1012,@EG@c1f14c64c6b4a43ba099e0e875b2a22c,,Raymond Elvis company,1112,Kenya,1001241,,KES,77,Kenyan Shilling,KES,,dd/MM/yyyy,2,,,2025-10-08 05:00:00,"#,###.##",DD/MM/YYYY,2025-10-08 19:41:26,2025-10-08 19:41:26,100747,1,,0,,4,English,1001241,,0,0,,1,0,,3,394,(GMT 3:00) Eastern African Time (Africa/Addis_Ababa),True
1010,@EG@dc6ed181c52019bfe6a2823d0d7552a6,,Jackline Gichaba,1112,Kenya,1001239,,KES,77,Kenyan Shilling,KES,,dd/MM/yyyy,2,,,2025-10-08 05:00:00,"#,###.##",DD/MM/YYYY,2025-10-08 19:12:27,2025-10-08 19:12:27,100745,4,,0,,4,English,1001239,,0,0,,1,0,,3,394,(GMT 3:00) Eastern African Time (Africa/Addis_Ababa),True
1009,@EG@87bfa06323ccd97e26ac9fc8838e7433,,Employee,1112,Kenya,1001238,,KES,77,Kenyan Shilling,KES,,dd/MM/yyyy,2,,,2025-10-08 05:00:00,"#,###.##",DD/MM/YYYY,2025-10-08 19:40:47,2025-10-08 19:40:47,100746,22,,0,,4,English,1001238,,0,0,,1,0,,3,394,(GMT 3:00) Eastern African Time (Africa/Addis_Ababa),True
1008,@EG@1de8c39d56fde40071b2e6ab1469dad8,,jonhmbugua18@gmail.com,1112,Kenya,1001237,,KES,77,Kenyan Shilling,KES,,dd/MM/yyyy,2,,,2025-10-08 05:00:00,"#,###.##",DD/MM/YYYY,2025-10-08 19:08:01,2025-10-08 19:08:01,100744,4,,0,,4,English,1001237,,0,0,,1,0,,3,394,(GMT 3:00) Eastern African Time (Africa/Addis_Ababa),True
1007,@EG@3106c07fb46b1700262ff6b7ae114960,,Daniel Masika,1112,Kenya,1001236,,KES,77,Kenyan Shilling,KES,,dd/MM/yyyy,2,,,2025-10-08 05:00:00,"#,###.##",DD/MM/YYYY,2025-10-08 18:27:10,2025-10-08 18:27:10,100743,30,,0,,4,English,1001236,,0,0,,1,0,,3,394,(GMT 3:00) Eastern African Time (Africa/Addis_Ababa),True
1005,@EG@9b6402756c1a21e1b744fc75efa2dfaa,,DEVIS ONYANGO,1112,Kenya,1001234,,KES,77,Kenyan Shilling,KES,,dd/MM/yyyy,2,,,2025-10-08 05:00:00,"#,###.##",DD/MM/YYYY,2025-10-08 17:28:39,2025-10-08 17:28:39,100742,5,,0,,4,English,1001234,,0,0,,1,0,,3,394,(GMT 3:00) Eastern African Time (Africa/Addis_Ababa),True
1004,@EG@d17c1640e83b671c3e2e4dadcb540bdf,,Luke Kilonzo,1112,Kenya,1001233,,KES,77,Kenyan Shilling,KES,,dd/MM/yyyy,2,,,2025-10-08 05:00:00,"#,###.##",DD/MM/YYYY,2025-10-08 17:08:22,2025-10-08 17:08:22,100741,4,,0,,4,English,1001233,,0,0,,1,0,,3,394,(GMT 3:00) Eastern African Time (Africa/Addis_Ababa),True
1003,@EG@8246342f26727ec00113392805d40c67,,BLUES COMPANY,1112,Kenya,1001232,,KES,77,Kenyan Shilling,KES,,dd/MM/yyyy,2,,,2025-10-08 05:00:00,"#,###.##",DD/MM/YYYY,2025-10-08 16:45:14,2025-10-08 16:45:14,100740,1,,0,,4,English,1001232,,0,0,,1,0,,3,394,(GMT 3:00) Eastern African Time (Africa/Addis_Ababa),True
1002,@EG@11e040e6fec5700a4968767ecc8815eb,,ERICK,1112,Kenya,1001231,,KES,77,Kenyan Shilling,KES,,dd/MM/yyyy,2,,,2025-10-08 05:00:00,"#,###.##",DD/MM/YYYY,2025-10-08 15:33:15,2025-10-08 15:33:15,100738,2,,0,,4,English,1001231,,0,0,,1,0,,3,394,(GMT 3:00) Eastern African Time (Africa/Addis_Ababa),True
1001,@EG@a43355f40b215ef94e206e4ea1fd88a9,,RUWAC MINI MART,1112,Kenya,1001230,,KES,77,Kenyan Shilling,KES,,dd/MM/yyyy,2,,,2025-10-08 05:00:00,"#,###.##",DD/MM/YYYY,2025-10-08 15:38:20,2025-10-08 15:38:20,100739,14,,0,,4,English,1001230,,0,0,,1,0,,3,394,(GMT 3:00) Eastern African Time (Africa/Addis_Ababa),True
1000,@EG@8f35f44299d4ae8537b895bd90ca363b,,Shani juma Mwarabu,1112,Kenya,1001229,,KES,77,Kenyan Shilling,KES,,dd/MM/yyyy,2,,,2025-10-08 05:00:00,"#,###.##",DD/MM/YYYY,2025-10-08 12:47:52,2025-10-08 12:47:52,100737,7,,0,,4,English,1001229,,0,0,,1,0,,3,394,(GMT 3:00) Eastern African Time (Africa/Addis_Ababa),True
999,@EG@aa7f7c4dae13ac5f900893fd9178197c,,Omondi Michael,1112,Kenya,1001228,,KES,77,Kenyan Shilling,KES,,dd/MM/yyyy,2,,,2025-10-08 05:00:00,"#,###.##",DD/MM/YYYY,2025-10-08 11:43:07,2025-10-08 11:43:07,100736,4,,0,,4,English,1001228,,0,0,,1,0,,3,394,(GMT 3:00) Eastern African Time (Africa/Addis_Ababa),True
998,@EG@d72c579d10ca6263bc932d25122caccd,,sila kosgei,1112,Kenya,1001227,,KES,77,Kenyan Shilling,KES,,dd/MM/yyyy,2,,,2025-10-08 05:00:00,"#,###.##",DD/MM/YYYY,2025-10-08 11:35:56,2025-10-08 11:35:56,100735,1,,0,,4,English,1001227,,0,0,,1,0,,3,394,(GMT 3:00) Eastern African Time (Africa/Addis_Ababa),True
997,@EG@58fd4e4633852b15cf1e8ef57b83082f,,Key point security,1112,Kenya,1001226,,KES,77,Kenyan Shilling,KES,,dd/MM/yyyy,2,,,2025-10-08 05:00:00,"#,###.##",DD/MM/YYYY,2025-10-08 11:31:30,2025-10-08 11:31:30,100734,6,,0,,4,English,1001226,,0,0,,1,0,,3,394,(GMT 3:00) Eastern African Time (Africa/Addis_Ababa),True
996,@EG@520b873dcc19259ec080813142bb7e91,,Shiruche honey,1112,Kenya,1001225,,KES,77,Kenyan Shilling,KES,,dd/MM/yyyy,2,,,2025-10-08 05:00:00,"#,###.##",DD/MM/YYYY,2025-10-08 11:27:50,2025-10-08 11:27:50,100733,3,,0,,4,English,1001225,,0,0,,1,0,,3,394,(GMT 3:00) Eastern African Time (Africa/Addis_Ababa),True
995,@EG@3154cb5f39fd0564f1f338c08622c28f,,Valiame general agency,1112,Kenya,1001224,,KES,77,Kenyan Shilling,KES,,dd/MM/yyyy,2,,,2025-10-08 05:00:00,"#,###.##",DD/MM/YYYY,2025-10-08 11:24:19,2025-10-08 11:24:19,100732,15,,0,,4,English,1001224,,0,0,,1,0,,3,394,(GMT 3:00) Eastern African Time (Africa/Addis_Ababa),True
992,@EG@eb04b9beb700cec13ecec1e64ebc4aa6,,Sarah Farmer service Center,1112,Kenya,1001221,,KES,77,Kenyan Shilling,KES,,dd/MM/yyyy,2,,,2025-10-08 05:00:00,"#,###.##",DD/MM/YYYY,2025-10-08 10:44:02,2025-10-08 10:44:02,100731,30,,0,,4,English,1001221,,0,0,,1,0,,3,394,(GMT 3:00) Eastern African Time (Africa/Addis_Ababa),True
991,@EG@5c3a6170768737fc8a3844b504e3b425,,Zei Zei,1004,Algeria,1001220,,DZD,45,Algerian Dinar,DZD,,dd/MM/yyyy,2,,,2025-10-08 07:00:00,"# ###,##",DD/MM/YYYY,2025-10-08 10:38:05,2025-10-08 10:38:05,100730,1,,0,,4,English,1001220,,0,0,,1,0,,1,295,(GMT 1:00) Central European Time (Africa/Algiers),True
990,@EG@0cccda7438e0847b0962dacea797ae0b,,Beckham enterprises,1112,Kenya,1001219,,KES,77,Kenyan Shilling,KES,,dd/MM/yyyy,2,,,2025-10-08 05:00:00,"#,###.##",DD/MM/YYYY,2025-10-08 10:33:54,2025-10-08 10:33:54,100729,1,,0,,4,English,1001219,,0,0,,1,0,,3,394,(GMT 3:00) Eastern African Time (Africa/Addis_Ababa),True
989,@EG@82f417c5357debf995414278607b2a8f,,Peter Wachira,1112,Kenya,1001218,,KES,77,Kenyan Shilling,KES,,dd/MM/yyyy,2,,,2025-10-08 05:00:00,"#,###.##",DD/MM/YYYY,2025-10-08 10:33:05,2025-10-08 10:33:05,100727,7,,0,,4,English,1001218,,0,0,,1,0,,3,394,(GMT 3:00) Eastern African Time (Africa/Addis_Ababa),True
988,@EG@e0e1054f44febdb2396d02a37419099a,,Supaloaf,1112,Kenya,1001217,,KES,77,Kenyan Shilling,KES,,dd/MM/yyyy,2,,,2025-10-08 05:00:00,"#,###.##",DD/MM/YYYY,2025-10-08 10:33:08,2025-10-08 10:33:08,100728,1,,0,,4,English,1001217,,0,0,,1,0,,3,394,(GMT 3:00) Eastern African Time (Africa/Addis_Ababa),True
987,@EG@bebe54fa8c4e0fe83499a7618dd2bfe7,,Facao kiyaa company,1112,Kenya,1001216,,KES,77,Kenyan Shilling,KES,,dd/MM/yyyy,2,,,2025-10-08 05:00:00,"#,###.##",DD/MM/YYYY,2025-10-08 10:25:10,2025-10-08 10:25:10,100726,1,,0,,4,English,1001216,,0,0,,1,0,,3,394,(GMT 3:00) Eastern African Time (Africa/Addis_Ababa),True
986,@EG@24a2dfddafd1c008b705d0f8dba940a8,,Aquila,1112,Kenya,1001215,,KES,77,Kenyan Shilling,KES,,dd/MM/yyyy,2,,,2025-10-08 05:00:00,"#,###.##",DD/MM/YYYY,2025-10-08 10:22:21,2025-10-08 10:22:21,100724,7,,0,,4,English,1001215,,0,0,,1,0,,3,394,(GMT 3:00) Eastern African Time (Africa/Addis_Ababa),True
985,@EG@409d59f3a030bc4013fe21ae6c686c58,,EDWARD MANDU MAKOKHA,1112,Kenya,1001214,,KES,77,Kenyan Shilling,KES,,dd/MM/yyyy,2,,,2025-10-08 05:00:00,"#,###.##",DD/MM/YYYY,2025-10-08 10:24:01,2025-10-08 10:24:01,100725,34,,0,,4,English,1001214,,0,0,,1,0,,3,394,(GMT 3:00) Eastern African Time (Africa/Addis_Ababa),True
981,@EG@9fb5678a3bac144b4d3ac8d37be3deab,,Austine otieno omondi,1112,Kenya,1001210,,KES,77,Kenyan Shilling,KES,,dd/MM/yyyy,2,,,2025-10-08 05:00:00,"#,###.##",DD/MM/YYYY,2025-10-08 10:17:22,2025-10-08 10:17:22,100723,12,,0,,4,English,1001210,,0,0,,1,0,,3,394,(GMT 3:00) Eastern African Time (Africa/Addis_Ababa),True
980,@EG@77dec94a5f4a519321dc9c031dcd01fe,,Edith Mburu,1112,Kenya,1001209,,KES,77,Kenyan Shilling,KES,,dd/MM/yyyy,2,,,2025-10-08 05:00:00,"#,###.##",DD/MM/YYYY,2025-10-08 10:12:54,2025-10-08 10:12:54,100722,4,,0,,4,English,1001209,,0,0,,1,0,,3,394,(GMT 3:00) Eastern African Time (Africa/Addis_Ababa),True
977,@EG@75f3e5d4a01fa4f0c07720c37756e8c3,,Port more Foods Den,1112,Kenya,1001206,,KES,77,Kenyan Shilling,KES,,dd/MM/yyyy,2,,,2025-10-08 05:00:00,"#,###.##",DD/MM/YYYY,2025-10-08 10:07:56,2025-10-08 10:07:56,100720,7,,0,,4,English,1001206,,0,0,,1,0,,3,394,(GMT 3:00) Eastern African Time (Africa/Addis_Ababa),True
976,@EG@0a9ed49e9ca8eba531fd8a2026fe726d,,Yamilyamal Hussein,1112,Kenya,1001205,,KES,77,Kenyan Shilling,KES,,dd/MM/yyyy,2,,,2025-10-08 05:00:00,"#,###.##",DD/MM/YYYY,2025-10-08 10:09:57,2025-10-08 10:09:57,100721,1,,0,,4,English,1001205,,0,0,,1,0,,3,394,(GMT 3:00) Eastern African Time (Africa/Addis_Ababa),True
975,@EG@b6c3549396187c00b5d39de1893c4b8e,,Samtech,1112,Kenya,1001204,,KES,77,Kenyan Shilling,KES,,dd/MM/yyyy,2,,,2025-10-08 05:00:00,"#,###.##",DD/MM/YYYY,2025-10-08 10:07:44,2025-10-08 10:07:44,100719,27,,0,,4,English,1001204,,0,0,,1,0,,3,394,(GMT 3:00) Eastern African Time (Africa/Addis_Ababa),True
974,@EG@888b361ccb0016d55048b283d4d2950e,,Nil,1112,Kenya,1001203,,KES,77,Kenyan Shilling,KES,,dd/MM/yyyy,2,,,2025-10-08 05:00:00,"#,###.##",DD/MM/YYYY,2025-10-08 10:02:33,2025-10-08 10:02:33,100718,27,,0,,4,English,1001203,,0,0,,1,0,,3,394,(GMT 3:00) Eastern African Time (Africa/Addis_Ababa),True
972,@EG@85c013561680bc9d4c79c525f10353ef,,Berry risp shop of  organic  oil.,1112,Kenya,1001201,,KES,77,Kenyan Shilling,KES,,dd/MM/yyyy,2,,,2025-10-08 05:00:00,"#,###.##",DD/MM/YYYY,2025-10-08 10:01:45,2025-10-08 10:01:45,100717,1,,0,,4,English,1001201,,0,0,,1,0,,3,394,(GMT 3:00) Eastern African Time (Africa/Addis_Ababa),True
971,@EG@6a5d9771f3da34fb4df94c3f7b162941,,Sylvazy Coonjay,1039,Canada,1001200,,CAD,27,Canadian Dollar,$,,yyyy-MM-dd,2,,,2025-10-08 13:00:00,"#,###.##",YYYY-MM-DD,2025-10-08 09:49:35,2025-10-08 09:49:35,100716,5,,0,,4,English,1001200,,0,0,,1,0,,-5,110,(GMT -5:00) Eastern Standard Time (America/Atikokan),True
969,@EG@1b55c24992115802e4bb90ec99fd013c,,Faith isiji,1112,Kenya,1001198,,KES,77,Kenyan Shilling,KES,,dd/MM/yyyy,2,,,2025-10-08 05:00:00,"#,###.##",DD/MM/YYYY,2025-10-08 09:49:32,2025-10-08 09:49:32,100715,1,,0,,4,English,1001198,,0,0,,1,0,,3,394,(GMT 3:00) Eastern African Time (Africa/Addis_Ababa),True
968,@EG@681c0ab45b8304cbed18fba5fdfa5715,,Brian ashikhanga,1112,Kenya,1001197,,KES,77,Kenyan Shilling,KES,,dd/MM/yyyy,2,,,2025-10-08 05:00:00,"#,###.##",DD/MM/YYYY,2025-10-08 09:47:49,2025-10-08 09:47:49,100714,4,,0,,4,English,1001197,,0,0,,1,0,,3,394,(GMT 3:00) Eastern African Time (Africa/Addis_Ababa),True
966,@EG@235b0c3b43fc014c1745907a36e780ab,,Monica Waithera,1112,Kenya,1001195,,KES,77,Kenyan Shilling,KES,,dd/MM/yyyy,2,,,2025-10-08 05:00:00,"#,###.##",DD/MM/YYYY,2025-10-08 09:44:20,2025-10-08 09:44:20,100713,14,,0,,4,English,1001195,,0,0,,1,0,,3,394,(GMT 3:00) Eastern African Time (Africa/Addis_Ababa),True
965,@EG@26a5c230727d7355568dfb3080e08f64,,Harry Gibrills,1112,Kenya,1001194,,KES,77,Kenyan Shilling,KES,,dd/MM/yyyy,2,,,2025-10-08 05:00:00,"#,###.##",DD/MM/YYYY,2025-10-08 09:42:51,2025-10-08 09:42:51,100712,2,,0,,4,English,1001194,,0,0,,1,0,,3,394,(GMT 3:00) Eastern African Time (Africa/Addis_Ababa),True
963,@EG@281fbfa22222fe74d346f4dbd61070ca,,Miruka Junior,1112,Kenya,1001192,,KES,77,Kenyan Shilling,KES,,dd/MM/yyyy,2,,,2025-10-08 05:00:00,"#,###.##",DD/MM/YYYY,2025-10-08 09:32:30,2025-10-08 09:32:30,100711,15,,0,,4,English,1001192,,0,0,,1,0,,3,394,(GMT 3:00) Eastern African Time (Africa/Addis_Ababa),True
962,@EG@39dbcc5cb35d94402c1b4cd6fdf6e5fa,,Kevin Kimutai,1112,Kenya,1001191,,KES,77,Kenyan Shilling,KES,,dd/MM/yyyy,2,,,2025-10-08 05:00:00,"#,###.##",DD/MM/YYYY,2025-10-08 09:28:39,2025-10-08 09:28:39,100710,2,,0,,4,English,1001191,,0,0,,1,0,,3,394,(GMT 3:00) Eastern African Time (Africa/Addis_Ababa),True
961,@EG@4f3821df4002cf3ae2f7b8522aa239ba,,Jonyato Enterprises,1112,Kenya,1001190,,KES,77,Kenyan Shilling,KES,,dd/MM/yyyy,2,,,2025-10-08 05:00:00,"#,###.##",DD/MM/YYYY,2025-10-08 09:25:31,2025-10-08 09:25:31,100709,2,,0,,4,English,1001190,,0,0,,1,0,,3,394,(GMT 3:00) Eastern African Time (Africa/Addis_Ababa),True
960,@EG@37cdccec1b9ffcbbd7b43c4077660883,,Benson Oduor,1112,Kenya,1001189,,KES,77,Kenyan Shilling,KES,,dd/MM/yyyy,2,,,2025-10-08 05:00:00,"#,###.##",DD/MM/YYYY,2025-10-08 09:25:02,2025-10-08 09:25:02,100708,7,,0,,4,English,1001189,,0,0,,1,0,,3,394,(GMT 3:00) Eastern African Time (Africa/Addis_Ababa),True
959,@EG@3e972c62b132985150d742b94adc429b,,Maxdona dona,1112,Kenya,1001188,,KES,77,Kenyan Shilling,KES,,dd/MM/yyyy,2,,,2025-10-08 05:00:00,"#,###.##",DD/MM/YYYY,2025-10-08 09:22:42,2025-10-08 09:22:42,100707,2,,0,,4,English,1001188,,0,0,,1,0,,3,394,(GMT 3:00) Eastern African Time (Africa/Addis_Ababa),True
958,@EG@f35e08c6e50fffd4034c6a0e32c5b52a,,Harry Kai,1039,Canada,1001187,,CAD,27,Canadian Dollar,$,,yyyy-MM-dd,2,,,2025-10-08 13:00:00,"#,###.##",YYYY-MM-DD,2025-10-08 09:20:31,2025-10-08 09:20:31,100706,4,,0,,4,English,1001187,,0,0,,1,0,,-5,110,(GMT -5:00) Eastern Standard Time (America/Atikokan),True
956,@EG@f7dc374e4ec07306a32297c303153024,,PG Security company,1112,Kenya,1001185,,KES,77,Kenyan Shilling,KES,,dd/MM/yyyy,2,,,2025-10-08 05:00:00,"#,###.##",DD/MM/YYYY,2025-10-08 09:18:20,2025-10-08 09:18:20,100705,6,,0,,4,English,1001185,,0,0,,1,0,,3,394,(GMT 3:00) Eastern African Time (Africa/Addis_Ababa),True
955,@EG@7bb16c34eaccf881e84eac6344bc8cf1,,Carpenter and joinery,1112,Kenya,1001184,,KES,77,Kenyan Shilling,KES,,dd/MM/yyyy,2,,,2025-10-08 05:00:00,"#,###.##",DD/MM/YYYY,2025-10-08 09:16:18,2025-10-08 09:16:18,100704,1,,0,,4,English,1001184,,0,0,,1,0,,3,394,(GMT 3:00) Eastern African Time (Africa/Addis_Ababa),True
953,@EG@808f59b9849bbedfe5bb8a10dbd355ce,,Ashut,1112,Kenya,1001182,,KES,77,Kenyan Shilling,KES,,dd/MM/yyyy,2,,,2025-10-08 05:00:00,"#,###.##",DD/MM/YYYY,2025-10-08 09:09:42,2025-10-08 09:09:42,100703,3,,0,,4,English,1001182,,0,0,,1,0,,3,394,(GMT 3:00) Eastern African Time (Africa/Addis_Ababa),True
950,@EG@20777b7cce73de9cff2f0a416a41c9fa,,Weru,1112,Kenya,1001179,,KES,77,Kenyan Shilling,KES,,dd/MM/yyyy,2,,,2025-10-08 05:00:00,"#,###.##",DD/MM/YYYY,2025-10-08 09:07:39,2025-10-08 09:07:39,100702,34,,0,,4,English,1001179,,0,0,,1,0,,3,394,(GMT 3:00) Eastern African Time (Africa/Addis_Ababa),True
949,@EG@a96947f7329f92122d7605302f3489f9,,Plumbing,1112,Kenya,1001178,,KES,77,Kenyan Shilling,KES,,dd/MM/yyyy,2,,,2025-10-08 05:00:00,"#,###.##",DD/MM/YYYY,2025-10-08 09:05:34,2025-10-08 09:05:34,100701,27,,0,,4,English,1001178,,0,0,,1,0,,3,394,(GMT 3:00) Eastern African Time (Africa/Addis_Ababa),True
948,@EG@b72cd87920e4eed2d4417fdfd6a337c9,,Cyrus muriuki,1112,Kenya,1001177,,KES,77,Kenyan Shilling,KES,,dd/MM/yyyy,2,,,2025-10-08 05:00:00,"#,###.##",DD/MM/YYYY,2025-10-08 09:04:59,2025-10-08 09:04:59,100700,30,,0,,4,English,1001177,,0,0,,1,0,,3,394,(GMT 3:00) Eastern African Time (Africa/Addis_Ababa),True
947,@EG@e1a69a1f4d3fe9b070fcf39f6e0bdb85,,Engineering hub,1112,Kenya,1001176,,KES,77,Kenyan Shilling,KES,,dd/MM/yyyy,2,,,2025-10-08 05:00:00,"#,###.##",DD/MM/YYYY,2025-10-08 09:04:31,2025-10-08 09:04:31,100699,22,,0,,4,English,1001176,,0,0,,1,0,,3,394,(GMT 3:00) Eastern African Time (Africa/Addis_Ababa),True
945,@EG@ad71e0cd31548b9e608adf123fe7d813,,Lenox farm,1112,Kenya,1001174,,KES,77,Kenyan Shilling,KES,,dd/MM/yyyy,2,,,2025-10-08 05:00:00,"#,###.##",DD/MM/YYYY,2025-10-08 09:03:11,2025-10-08 09:03:11,100698,1,,0,,4,English,1001174,,0,0,,1,0,,3,394,(GMT 3:00) Eastern African Time (Africa/Addis_Ababa),True
944,@EG@3a86e88c94ba3897bd2e79474667257a,,Jabir adan mohamed,1112,Kenya,1001173,,KES,77,Kenyan Shilling,KES,,dd/MM/yyyy,2,,,2025-10-08 05:00:00,"#,###.##",DD/MM/YYYY,2025-10-08 08:47:08,2025-10-08 08:47:08,100697,7,,0,,4,English,1001173,,0,0,,1,0,,3,394,(GMT 3:00) Eastern African Time (Africa/Addis_Ababa),True
943,@EG@16e1bdcbf57707b9cacbe5643e325dce,,Dennis,1112,Kenya,1001172,,KES,77,Kenyan Shilling,KES,,dd/MM/yyyy,2,,,2025-10-08 05:00:00,"#,###.##",DD/MM/YYYY,2025-10-08 08:40:12,2025-10-08 08:40:12,100696,7,,0,,4,English,1001172,,0,0,,1,0,,3,394,(GMT 3:00) Eastern African Time (Africa/Addis_Ababa),True
942,@EG@0188841cfe26fffc0bd68fedaa8e5c31,,Majan,1112,Kenya,1001171,,KES,77,Kenyan Shilling,KES,,dd/MM/yyyy,2,,,2025-10-08 05:00:00,"#,###.##",DD/MM/YYYY,2025-10-08 07:44:13,2025-10-08 07:44:13,100695,3,,0,,4,English,1001171,,0,0,,1,0,,3,394,(GMT 3:00) Eastern African Time (Africa/Addis_Ababa),True
941,@EG@fcc0d6bd7bbba97d4bab40392f0084b6,,Babyparadise_254,1112,Kenya,1001170,,KES,77,Kenyan Shilling,KES,,dd/MM/yyyy,2,,,2025-10-08 05:00:00,"#,###.##",DD/MM/YYYY,2025-10-08 07:38:08,2025-10-08 07:38:08,100694,3,,0,,4,English,1001170,,0,0,,1,0,,3,394,(GMT 3:00) Eastern African Time (Africa/Addis_Ababa),True
938,@EG@5f33f66625b5e2612b7847ae76b86f70,,Ekitela Joel,1112,Kenya,1001167,,KES,77,Kenyan Shilling,KES,,dd/MM/yyyy,2,,,2025-10-08 05:00:00,"#,###.##",DD/MM/YYYY,2025-10-08 07:26:08,2025-10-08 07:26:08,100693,3,,0,,4,English,1001167,,0,0,,1,0,,3,394,(GMT 3:00) Eastern African Time (Africa/Addis_Ababa),True
937,@EG@1d15b409d741c850be27543793221a62,,Hattan,1112,Kenya,1001166,,KES,77,Kenyan Shilling,KES,,dd/MM/yyyy,2,,,2025-10-08 05:00:00,"#,###.##",DD/MM/YYYY,2025-10-08 07:08:21,2025-10-08 07:08:21,100692,7,,0,,4,English,1001166,,0,0,,1,0,,3,394,(GMT 3:00) Eastern African Time (Africa/Addis_Ababa),True
935,@EG@e0558a8f4c006d2b7925dfe6ac6da42c,,Galaxy plastic,1112,Kenya,1001164,,KES,77,Kenyan Shilling,KES,,dd/MM/yyyy,2,,,2025-10-08 05:00:00,"#,###.##",DD/MM/YYYY,2025-10-08 06:54:55,2025-10-08 06:54:55,100691,6,,0,,4,English,1001164,,0,0,,1,0,,3,394,(GMT 3:00) Eastern African Time (Africa/Addis_Ababa),True
932,@EG@6918a410822368482cdf9af05a5f727d,,I'm single no company,1112,Kenya,1001161,,KES,77,Kenyan Shilling,KES,,dd/MM/yyyy,2,,,2025-10-08 05:00:00,"#,###.##",DD/MM/YYYY,2025-10-08 06:47:03,2025-10-08 06:47:03,100690,1,,0,,4,English,1001161,,0,0,,1,0,,3,394,(GMT 3:00) Eastern African Time (Africa/Addis_Ababa),True
931,@EG@ff24bd45662ff266ef9f6ab2f2f95e1d,,Breally,1112,Kenya,1001160,,KES,77,Kenyan Shilling,KES,,dd/MM/yyyy,2,,,2025-10-08 05:00:00,"#,###.##",DD/MM/YYYY,2025-10-08 06:35:56,2025-10-08 06:35:56,100689,5,,0,,4,English,1001160,,0,0,,1,0,,3,394,(GMT 3:00) Eastern African Time (Africa/Addis_Ababa),True
930,@EG@80d385e4489a124526ec9279e60cc59b,,Valentine Boy 254,1112,Kenya,1001159,,KES,77,Kenyan Shilling,KES,,dd/MM/yyyy,2,,,2025-10-08 05:00:00,"#,###.##",DD/MM/YYYY,2025-10-08 06:28:57,2025-10-08 06:28:57,100688,2,,0,,4,English,1001159,,0,0,,1,0,,3,394,(GMT 3:00) Eastern African Time (Africa/Addis_Ababa),True
929,@EG@aee7ce9b13fccbef77935e85e3bcdc62,,Naivas,1112,Kenya,1001158,,KES,77,Kenyan Shilling,KES,,dd/MM/yyyy,2,,,2025-10-08 05:00:00,"#,###.##",DD/MM/YYYY,2025-10-08 06:18:51,2025-10-08 06:18:51,100687,3,,0,,4,English,1001158,,0,0,,1,0,,3,394,(GMT 3:00) Eastern African Time (Africa/Addis_Ababa),True
928,@EG@8724b918a8017f22191d0f6e64374f4e,,SK properties,1112,Kenya,1001157,,KES,77,Kenyan Shilling,KES,,dd/MM/yyyy,2,,,2025-10-08 05:00:00,"#,###.##",DD/MM/YYYY,2025-10-08 06:08:24,2025-10-08 06:08:24,100686,1,,0,,4,English,1001157,,0,0,,1,0,,3,394,(GMT 3:00) Eastern African Time (Africa/Addis_Ababa),True
927,@EG@3c7e68e636f0467be05003e83cc2bac0,,Thomas Mutiso,1112,Kenya,1001156,,KES,77,Kenyan Shilling,KES,,dd/MM/yyyy,2,,,2025-10-08 05:00:00,"#,###.##",DD/MM/YYYY,2025-10-08 06:01:24,2025-10-08 06:01:24,100685,1,,0,,4,English,1001156,,0,0,,1,0,,3,394,(GMT 3:00) Eastern African Time (Africa/Addis_Ababa),True
925,@EG@c3b37e6d6f2b7c29211b35a2af5532f5,,Altunkaya enterprise,1112,Kenya,1001154,,KES,77,Kenyan Shilling,KES,,dd/MM/yyyy,2,,,2025-10-08 05:00:00,"#,###.##",DD/MM/YYYY,2025-10-08 05:50:21,2025-10-08 05:50:21,100684,7,,0,,4,English,1001154,,0,0,,1,0,,3,394,(GMT 3:00) Eastern African Time (Africa/Addis_Ababa),True
923,@EG@abef45ec18993635c326325e10d15b0a,,Zenatt smartwear,1112,Kenya,1001152,,KES,77,Kenyan Shilling,KES,,dd/MM/yyyy,2,,,2025-10-08 05:00:00,"#,###.##",DD/MM/YYYY,2025-10-08 05:34:30,2025-10-08 05:34:30,100683,3,,0,,4,English,1001152,,0,0,,1,0,,3,394,(GMT 3:00) Eastern African Time (Africa/Addis_Ababa),True
922,@EG@378376461d5bcda7371c8734d37d8c48,,Caroline awino,1112,Kenya,1001151,,KES,77,Kenyan Shilling,KES,,dd/MM/yyyy,2,,,2025-10-08 05:00:00,"#,###.##",DD/MM/YYYY,2025-10-08 05:16:39,2025-10-08 05:16:39,100682,1,,0,,4,English,1001151,,0,0,,1,0,,3,394,(GMT 3:00) Eastern African Time (Africa/Addis_Ababa),True
919,@EG@6777453bc070b4fad0ca5948d4e8847b,,Brian tarus,1112,Kenya,1001148,,KES,77,Kenyan Shilling,KES,,dd/MM/yyyy,2,,,2025-10-08 05:00:00,"#,###.##",DD/MM/YYYY,2025-10-08 05:05:42,2025-10-08 05:05:42,100681,2,,0,,4,English,1001148,,0,0,,1,0,,3,394,(GMT 3:00) Eastern African Time (Africa/Addis_Ababa),True
918,@EG@9cc039476c96460c7a5c4829ffef8f22,,Rubars,1112,Kenya,1001147,,KES,77,Kenyan Shilling,KES,,dd/MM/yyyy,2,,,2025-10-08 05:00:00,"#,###.##",DD/MM/YYYY,2025-10-08 05:04:31,2025-10-08 05:04:31,100678,7,,0,,4,English,1001147,,0,0,,1,0,,3,394,(GMT 3:00) Eastern African Time (Africa/Addis_Ababa),True
917,@EG@93a23b05f93d70c34f2f996be842a940,,paulz,1112,Kenya,1001146,,KES,77,Kenyan Shilling,KES,,dd/MM/yyyy,2,,,2025-10-08 05:00:00,"#,###.##",DD/MM/YYYY,2025-10-08 05:04:48,2025-10-08 05:04:48,100680,10,,0,,4,English,1001146,,0,0,,1,0,,3,394,(GMT 3:00) Eastern African Time (Africa/Addis_Ababa),True
916,@EG@1f378f7667fcfc32da10a9c4d047cb1a,,KiGumo,1112,Kenya,1001145,,KES,77,Kenyan Shilling,KES,,dd/MM/yyyy,2,,,2025-10-08 05:00:00,"#,###.##",DD/MM/YYYY,2025-10-08 05:04:31,2025-10-08 05:04:31,100679,4,,0,,4,English,1001145,,0,0,,1,0,,3,394,(GMT 3:00) Eastern African Time (Africa/Addis_Ababa),True
915,@EG@0065a9ebeb072b53767eb000d34f2d2a,,NEHEMIAH KIPROP MELLY,1112,Kenya,1001144,,KES,77,Kenyan Shilling,KES,,dd/MM/yyyy,2,,,2025-10-08 05:00:00,"#,###.##",DD/MM/YYYY,2025-10-08 04:16:39,2025-10-08 04:16:39,100677,15,,0,,4,English,1001144,,0,0,,1,0,,3,394,(GMT 3:00) Eastern African Time (Africa/Addis_Ababa),True
913,@EG@703c3a62666225d4e6022bc82affee87,,Joseph kim John,1112,Kenya,1001142,,KES,77,Kenyan Shilling,KES,,dd/MM/yyyy,2,,,2025-10-08 05:00:00,"#,###.##",DD/MM/YYYY,2025-10-08 03:25:24,2025-10-08 03:25:24,100676,4,,0,,4,English,1001142,,0,0,,1,0,,3,394,(GMT 3:00) Eastern African Time (Africa/Addis_Ababa),True
912,@EG@c9b4410d08b5f507f345bb7b3152683a,,Kiprob,1112,Kenya,1001141,,KES,77,Kenyan Shilling,KES,,dd/MM/yyyy,2,,,2025-10-08 05:00:00,"#,###.##",DD/MM/YYYY,2025-10-08 02:52:49,2025-10-08 02:52:49,100675,4,,0,,4,English,1001141,,0,0,,1,0,,3,394,(GMT 3:00) Eastern African Time (Africa/Addis_Ababa),True
911,@EG@6312543a2657b1e977319c18823cee9b,,Baite ltd,1112,Kenya,1001140,,KES,77,Kenyan Shilling,KES,,dd/MM/yyyy,2,,,2025-10-08 05:00:00,"#,###.##",DD/MM/YYYY,2025-10-08 02:49:39,2025-10-08 02:49:39,100674,1,,0,,4,English,1001140,,0,0,,1,0,,3,394,(GMT 3:00) Eastern African Time (Africa/Addis_Ababa),True
910,@EG@2f3acd11aaf5aa1411ad2830173e2555,,DALEBI-FX,1112,Kenya,1001139,,KES,77,Kenyan Shilling,KES,,dd/MM/yyyy,2,,,2025-10-08 05:00:00,"#,###.##",DD/MM/YYYY,2025-10-08 02:46:51,2025-10-08 02:46:51,100673,6,,0,,4,English,1001139,,0,0,,1,0,,3,394,(GMT 3:00) Eastern African Time (Africa/Addis_Ababa),True
909,@EG@9ce537911113158d5bfdc4d7a03da08a,,Litein,1112,Kenya,1001138,,KES,77,Kenyan Shilling,KES,,dd/MM/yyyy,2,,,2025-10-08 05:00:00,"#,###.##",DD/MM/YYYY,2025-10-08 02:08:39,2025-10-08 02:08:39,100672,2,,0,,4,English,1001138,,0,0,,1,0,,3,394,(GMT 3:00) Eastern African Time (Africa/Addis_Ababa),True
908,@EG@e0d811767d966ac3d41d4537ebc0bd44,,Home care,1112,Kenya,1001137,,KES,77,Kenyan Shilling,KES,,dd/MM/yyyy,2,,,2025-10-08 05:00:00,"#,###.##",DD/MM/YYYY,2025-10-08 01:28:30,2025-10-08 01:28:30,100671,3,,0,,4,English,1001137,,0,0,,1,0,,3,394,(GMT 3:00) Eastern African Time (Africa/Addis_Ababa),True
907,@EG@c905dfb89732949cb41462db2e8f3a80,,Japhet muthuri,1112,Kenya,1001136,,KES,77,Kenyan Shilling,KES,,dd/MM/yyyy,2,,,2025-10-08 05:00:00,"#,###.##",DD/MM/YYYY,2025-10-08 01:27:33,2025-10-08 01:27:33,100670,7,,0,,4,English,1001136,,0,0,,1,0,,3,394,(GMT 3:00) Eastern African Time (Africa/Addis_Ababa),True
906,@EG@9f4275120ab50a6e039b8c9df478a68c,,Zigi zaga,1112,Kenya,1001135,,KES,77,Kenyan Shilling,KES,,dd/MM/yyyy,2,,,2025-10-08 05:00:00,"#,###.##",DD/MM/YYYY,2025-10-08 01:08:42,2025-10-08 01:08:42,100669,5,,0,,4,English,1001135,,0,0,,1,0,,3,394,(GMT 3:00) Eastern African Time (Africa/Addis_Ababa),True
904,@EG@32f7d7e5958717b08dd488c72c0a3e31,,Kilimax,1112,Kenya,1001133,,KES,77,Kenyan Shilling,KES,,dd/MM/yyyy,2,,,2025-10-08 05:00:00,"#,###.##",DD/MM/YYYY,2025-10-08 00:54:00,2025-10-08 00:54:00,100668,7,,0,,4,English,1001133,,0,0,,1,0,,3,394,(GMT 3:00) Eastern African Time (Africa/Addis_Ababa),True
903,@EG@4b5393961a7549415399e754c4790267,,B2B Market,1112,Kenya,1001132,,KES,77,Kenyan Shilling,KES,,dd/MM/yyyy,2,,,2025-10-08 05:00:00,"#,###.##",DD/MM/YYYY,2025-10-08 00:30:04,2025-10-08 00:30:04,100667,1,,0,,4,English,1001132,,0,0,,1,0,,3,394,(GMT 3:00) Eastern African Time (Africa/Addis_Ababa),True
902,@EG@d39405e4f1b361997b01fae0cfb65b39,,Kiprono,1112,Kenya,1001131,,KES,77,Kenyan Shilling,KES,,dd/MM/yyyy,2,,,2025-10-08 05:00:00,"#,###.##",DD/MM/YYYY,2025-10-08 00:19:25,2025-10-08 00:19:25,100665,2,,0,,4,English,1001131,,0,0,,1,0,,3,394,(GMT 3:00) Eastern African Time (Africa/Addis_Ababa),True
901,@EG@bbeb220a89f655e2a8a4039dbc79c074,,Netflix,1112,Kenya,1001130,,KES,77,Kenyan Shilling,KES,,dd/MM/yyyy,2,,,2025-10-08 05:00:00,"#,###.##",DD/MM/YYYY,2025-10-08 00:19:33,2025-10-08 00:19:33,100666,6,,0,,4,English,1001130,,0,0,,1,0,,3,394,(GMT 3:00) Eastern African Time (Africa/Addis_Ababa),True
900,@EG@d96c22c5b7b9015fbff6d8a87d81ffc0,,edson correia,1039,Canada,1001129,,CAD,27,Canadian Dollar,$,,yyyy-MM-dd,2,,,2025-10-07 13:00:00,"#,###.##",YYYY-MM-DD,2025-10-07 23:59:44,2025-10-07 23:59:44,100664,7,,0,,4,English,1001129,,0,0,,1,0,,-5,110,(GMT -5:00) Eastern Standard Time (America/Atikokan),True
899,@EG@c1571eb741b21092399b3955c857b88c,,Moscow vertuers,1112,Kenya,1001128,,KES,77,Kenyan Shilling,KES,,dd/MM/yyyy,2,,,2025-10-07 05:00:00,"#,###.##",DD/MM/YYYY,2025-10-07 23:36:35,2025-10-07 23:36:35,100663,2,,0,,4,English,1001128,,0,0,,1,0,,3,394,(GMT 3:00) Eastern African Time (Africa/Addis_Ababa),True
898,@EG@6fd4c8b5c892352997ec87134dbd49ee,,Agripack,1112,Kenya,1001127,,KES,77,Kenyan Shilling,KES,,dd/MM/yyyy,2,,,2025-10-07 05:00:00,"#,###.##",DD/MM/YYYY,2025-10-07 23:36:00,2025-10-07 23:36:00,100662,1,,0,,4,English,1001127,,0,0,,1,0,,3,394,(GMT 3:00) Eastern African Time (Africa/Addis_Ababa),True
897,@EG@c4eebbd13daf607a8ddfe5a886875768,,Lyon Ouma,1112,Kenya,1001126,,KES,77,Kenyan Shilling,KES,,dd/MM/yyyy,2,,,2025-10-07 05:00:00,"#,###.##",DD/MM/YYYY,2025-10-07 23:33:31,2025-10-07 23:33:31,100661,3,,0,,4,English,1001126,,0,0,,1,0,,3,394,(GMT 3:00) Eastern African Time (Africa/Addis_Ababa),True
896,@EG@9952637a656fa81ff658b51ef33c528d,,BRIGHTERMONDAYKENYA,1112,Kenya,1001125,,KES,77,Kenyan Shilling,KES,,dd/MM/yyyy,2,,,2025-10-07 05:00:00,"#,###.##",DD/MM/YYYY,2025-10-07 23:30:55,2025-10-07 23:30:55,100660,4,,0,,4,English,1001125,,0,0,,1,0,,3,394,(GMT 3:00) Eastern African Time (Africa/Addis_Ababa),True
893,@EG@18fdc79ed6cad5f239f2e6067a1dcfc5,,Nikkie’s Glam Beauty Lounge,1112,Kenya,1001122,,KES,77,Kenyan Shilling,KES,,dd/MM/yyyy,2,,,2025-10-07 05:00:00,"#,###.##",DD/MM/YYYY,2025-10-07 18:22:47,2025-10-07 18:22:47,100659,14,,0,,4,English,1001122,,0,0,,1,0,,3,394,(GMT 3:00) Eastern African Time (Africa/Addis_Ababa),True
892,@EG@6f4a5958227bb5d5535fcc04692428a9,,Naomi Nafula,1112,Kenya,1001121,,KES,77,Kenyan Shilling,KES,,dd/MM/yyyy,2,,,2025-10-07 05:00:00,"#,###.##",DD/MM/YYYY,2025-10-07 18:08:44,2025-10-07 18:08:44,100658,4,,0,,4,English,1001121,,0,0,,1,0,,3,394,(GMT 3:00) Eastern African Time (Africa/Addis_Ababa),True
891,@EG@364b1794c90cf66b7373841456ff816b,,CHEMSPEC,1112,Kenya,1001120,,KES,77,Kenyan Shilling,KES,,dd/MM/yyyy,2,,,2025-10-07 05:00:00,"#,###.##",DD/MM/YYYY,2025-10-07 18:06:58,2025-10-07 18:06:58,100657,2,,0,,4,English,1001120,,0,0,,1,0,,3,394,(GMT 3:00) Eastern African Time (Africa/Addis_Ababa),True
890,@EG@6c9056851be203092eccf720f2fac1c4,,Amos kiprono ngeno,1112,Kenya,1001119,,KES,77,Kenyan Shilling,KES,,dd/MM/yyyy,2,,,2025-10-07 05:00:00,"#,###.##",DD/MM/YYYY,2025-10-07 17:35:33,2025-10-07 17:35:33,100656,4,,0,,4,English,1001119,,0,0,,1,0,,3,394,(GMT 3:00) Eastern African Time (Africa/Addis_Ababa),True
889,@EG@d041bdfe01a5b9bf4ab1fa9ecd8c6a7d,,Bahati company,1112,Kenya,1001118,,KES,77,Kenyan Shilling,KES,,dd/MM/yyyy,2,,,2025-10-07 05:00:00,"#,###.##",DD/MM/YYYY,2025-10-07 17:12:45,2025-10-07 17:12:45,100655,4,,0,,4,English,1001118,,0,0,,1,0,,3,394,(GMT 3:00) Eastern African Time (Africa/Addis_Ababa),True
888,@EG@fd22d99494f1716675aaa2944400cfb8,,Ness collection,1112,Kenya,1001117,,KES,77,Kenyan Shilling,KES,,dd/MM/yyyy,2,,,2025-10-07 05:00:00,"#,###.##",DD/MM/YYYY,2025-10-07 16:54:53,2025-10-07 16:54:53,100654,5,,0,,4,English,1001117,,0,0,,1,0,,3,394,(GMT 3:00) Eastern African Time (Africa/Addis_Ababa),True
887,@EG@e5d8aea76431c8ced8d9804a76281cb8,,Ruth Nato,1039,Canada,1001116,,CAD,27,Canadian Dollar,$,,yyyy-MM-dd,2,,,2025-10-07 13:00:00,"#,###.##",YYYY-MM-DD,2025-10-07 16:45:18,2025-10-07 16:45:18,100653,5,,0,,4,English,1001116,,0,0,,1,0,,-5,110,(GMT -5:00) Eastern Standard Time (America/Atikokan),True
886,@EG@c7ea9131820263d6a47541cebeebf948,,Gibson G,1112,Kenya,1001115,,KES,77,Kenyan Shilling,KES,,dd/MM/yyyy,2,,,2025-10-07 05:00:00,"#,###.##",DD/MM/YYYY,2025-10-07 16:33:12,2025-10-07 16:33:12,100652,2,,0,,4,English,1001115,,0,0,,1,0,,3,394,(GMT 3:00) Eastern African Time (Africa/Addis_Ababa),True
885,@EG@ef474ae4a0fe4d26f598f3d9c973f19c,,Makulu Mangu,1112,Kenya,1001114,,KES,77,Kenyan Shilling,KES,,dd/MM/yyyy,2,,,2025-10-07 05:00:00,"#,###.##",DD/MM/YYYY,2025-10-07 16:30:19,2025-10-07 16:30:19,100651,7,,0,,4,English,1001114,,0,0,,1,0,,3,394,(GMT 3:00) Eastern African Time (Africa/Addis_Ababa),True
883,@EG@db8d35b4fd8ea75f48929e2cb6b33833,,Njuguna limited company,1112,Kenya,1001112,,KES,77,Kenyan Shilling,KES,,dd/MM/yyyy,2,,,2025-10-07 05:00:00,"#,###.##",DD/MM/YYYY,2025-10-07 16:18:54,2025-10-07 16:18:54,100650,7,,0,,4,English,1001112,,0,0,,1,0,,3,394,(GMT 3:00) Eastern African Time (Africa/Addis_Ababa),True
880,@EG@8b51d0f3495416934bbc4762f1df29d9,,fell,1112,Kenya,1001109,,KES,77,Kenyan Shilling,KES,,dd/MM/yyyy,2,,,2025-10-07 05:00:00,"#,###.##",DD/MM/YYYY,2025-10-07 16:07:06,2025-10-07 16:07:06,100649,2,,0,,4,English,1001109,,0,0,,1,0,,3,394,(GMT 3:00) Eastern African Time (Africa/Addis_Ababa),True
879,@EG@70b5e4d0892225d4c44d1c91bf42eb9c,,Kinya Mutwiri,1112,Kenya,1001108,,KES,77,Kenyan Shilling,KES,,dd/MM/yyyy,2,,,2025-10-07 05:00:00,"#,###.##",DD/MM/YYYY,2025-10-07 16:00:11,2025-10-07 16:00:11,100648,4,,0,,4,English,1001108,,0,0,,1,0,,3,394,(GMT 3:00) Eastern African Time (Africa/Addis_Ababa),True
878,@EG@772e387686bea1a73c9b5d532453918f,,Mas intimates,1112,Kenya,1001107,,KES,77,Kenyan Shilling,KES,,dd/MM/yyyy,2,,,2025-10-07 05:00:00,"#,###.##",DD/MM/YYYY,2025-10-07 15:51:28,2025-10-07 15:51:28,100647,32,,0,,4,English,1001107,,0,0,,1,0,,3,394,(GMT 3:00) Eastern African Time (Africa/Addis_Ababa),True
877,@EG@4200bdab33f7560c3e5fc20dfc106336,,thika technical training institute,1112,Kenya,1001106,,KES,77,Kenyan Shilling,KES,,dd/MM/yyyy,2,,,2025-10-07 05:00:00,"#,###.##",DD/MM/YYYY,2025-10-07 15:48:36,2025-10-07 15:48:36,100646,4,,0,,4,English,1001106,,0,0,,1,0,,3,394,(GMT 3:00) Eastern African Time (Africa/Addis_Ababa),True
876,@EG@24fba79b93b8886a4d50df461c0c9ca0,,Kitunguu,1112,Kenya,1001105,,KES,77,Kenyan Shilling,KES,,dd/MM/yyyy,2,,,2025-10-07 05:00:00,"#,###.##",DD/MM/YYYY,2025-10-07 15:47:20,2025-10-07 15:47:20,100644,7,,0,,4,English,1001105,,0,0,,1,0,,3,394,(GMT 3:00) Eastern African Time (Africa/Addis_Ababa),True
875,@EG@13d6146553365903e042d933f05d44ef,,Shirlley Odhiambo,1112,Kenya,1001104,,KES,77,Kenyan Shilling,KES,,dd/MM/yyyy,2,,,2025-10-07 05:00:00,"#,###.##",DD/MM/YYYY,2025-10-07 15:44:43,2025-10-07 15:44:43,100642,15,,0,,4,English,1001104,,0,0,,1,0,,3,394,(GMT 3:00) Eastern African Time (Africa/Addis_Ababa),True
874,@EG@b18d3acf6840e041fdc6ecb15f31de7d,,Mganga mavunde,1112,Kenya,1001103,,KES,77,Kenyan Shilling,KES,,dd/MM/yyyy,2,,,2025-10-07 05:00:00,"#,###.##",DD/MM/YYYY,2025-10-07 15:45:37,2025-10-07 15:45:37,100643,4,,0,,4,English,1001103,,0,0,,1,0,,3,394,(GMT 3:00) Eastern African Time (Africa/Addis_Ababa),True
873,@EG@7a44096aa0c00e6e1c36789f46adc86e,,Frendina,1112,Kenya,1001102,,KES,77,Kenyan Shilling,KES,,dd/MM/yyyy,2,,,2025-10-07 05:00:00,"#,###.##",DD/MM/YYYY,2025-10-07 15:38:47,2025-10-07 15:38:47,100641,7,,0,,4,English,1001102,,0,0,,1,0,,3,394,(GMT 3:00) Eastern African Time (Africa/Addis_Ababa),True
872,@EG@c9a5855d5334b1ec0db2e16aea1f6792,,Iyana,1112,Kenya,1001101,,KES,77,Kenyan Shilling,KES,,dd/MM/yyyy,2,,,2025-10-07 05:00:00,"#,###.##",DD/MM/YYYY,2025-10-07 15:37:40,2025-10-07 15:37:40,100640,4,,0,,4,English,1001101,,0,0,,1,0,,3,394,(GMT 3:00) Eastern African Time (Africa/Addis_Ababa),True
870,@EG@b7a7bf9a9bbc8f2c7dcb506683c8c28a,,Smart company,1112,Kenya,1001099,,KES,77,Kenyan Shilling,KES,,dd/MM/yyyy,2,,,2025-10-07 05:00:00,"#,###.##",DD/MM/YYYY,2025-10-07 15:27:12,2025-10-07 15:27:12,100639,10,,0,,4,English,1001099,,0,0,,1,0,,3,394,(GMT 3:00) Eastern African Time (Africa/Addis_Ababa),True
868,@EG@a812e7b80720e6935d9a49a8cec39c75,,Jacinta Wanjiru,1112,Kenya,1001097,,KES,77,Kenyan Shilling,KES,,dd/MM/yyyy,2,,,2025-10-07 05:00:00,"#,###.##",DD/MM/YYYY,2025-10-07 15:25:06,2025-10-07 15:25:06,100638,4,,0,,4,English,1001097,,0,0,,1,0,,3,394,(GMT 3:00) Eastern African Time (Africa/Addis_Ababa),True
867,@EG@dc49e9e5c83c44a8c974a94dcc9200b1,,KIPS,1112,Kenya,1001096,,KES,77,Kenyan Shilling,KES,,dd/MM/yyyy,2,,,2025-10-07 05:00:00,"#,###.##",DD/MM/YYYY,2025-10-07 15:23:55,2025-10-07 15:23:55,100637,6,,0,,4,English,1001096,,0,0,,1,0,,3,394,(GMT 3:00) Eastern African Time (Africa/Addis_Ababa),True
866,@EG@34ad75f87a297aac8936e2c88b736d60,,Khadija jarso,1112,Kenya,1001095,,KES,77,Kenyan Shilling,KES,,dd/MM/yyyy,2,,,2025-10-07 05:00:00,"#,###.##",DD/MM/YYYY,2025-10-07 15:47:21,2025-10-07 15:47:21,100645,4,,0,,4,English,1001095,,0,0,,1,0,,3,394,(GMT 3:00) Eastern African Time (Africa/Addis_Ababa),True
864,@EG@b10d598e0a9a473577f7460476b27182,,Manchez,1112,Kenya,1001093,,KES,77,Kenyan Shilling,KES,,dd/MM/yyyy,2,,,2025-10-07 05:00:00,"#,###.##",DD/MM/YYYY,2025-10-07 15:19:24,2025-10-07 15:19:24,100636,7,,0,,4,English,1001093,,0,0,,1,0,,3,394,(GMT 3:00) Eastern African Time (Africa/Addis_Ababa),True
863,@EG@db8e7df49f1822b01133bd0877852313,,Ramco,1112,Kenya,1001092,,KES,77,Kenyan Shilling,KES,,dd/MM/yyyy,2,,,2025-10-07 05:00:00,"#,###.##",DD/MM/YYYY,2025-10-07 15:17:48,2025-10-07 15:17:48,100634,3,,0,,4,English,1001092,,0,0,,1,0,,3,394,(GMT 3:00) Eastern African Time (Africa/Addis_Ababa),True
862,@EG@e350aca184f53bd85eabf3936bb803f6,,malia caterina,1112,Kenya,1001091,,KES,77,Kenyan Shilling,KES,,dd/MM/yyyy,2,,,2025-10-07 05:00:00,"#,###.##",DD/MM/YYYY,2025-10-07 15:17:07,2025-10-07 15:17:07,100633,34,,0,,4,English,1001091,,0,0,,1,0,,3,394,(GMT 3:00) Eastern African Time (Africa/Addis_Ababa),True
861,@EG@ca74d99cd4a7be3d4b1b7c8a4c600c26,,Martha Wainaina,1112,Kenya,1001090,,KES,77,Kenyan Shilling,KES,,dd/MM/yyyy,2,,,2025-10-07 05:00:00,"#,###.##",DD/MM/YYYY,2025-10-07 15:17:56,2025-10-07 15:17:56,100635,9,,0,,4,English,1001090,,0,0,,1,0,,3,394,(GMT 3:00) Eastern African Time (Africa/Addis_Ababa),True
859,@EG@04da7a2841f2c35813c3486fe27dfb2a,,KNP,1112,Kenya,1001088,,KES,77,Kenyan Shilling,KES,,dd/MM/yyyy,2,,,2025-10-07 05:00:00,"#,###.##",DD/MM/YYYY,2025-10-07 15:17:01,2025-10-07 15:17:01,100631,5,,0,,4,English,1001088,,0,0,,1,0,,3,394,(GMT 3:00) Eastern African Time (Africa/Addis_Ababa),True
857,@EG@ba7c66ae27ada7f0a191b6f19cab46a7,,Belinda,1112,Kenya,1001086,,KES,77,Kenyan Shilling,KES,,dd/MM/yyyy,2,,,2025-10-07 05:00:00,"#,###.##",DD/MM/YYYY,2025-10-07 15:17:07,2025-10-07 15:17:07,100632,34,,0,,4,English,1001086,,0,0,,1,0,,3,394,(GMT 3:00) Eastern African Time (Africa/Addis_Ababa),True
854,@EG@b6fab5eddc22f07c4f6051af83bc0e09,,Ibrahim Ali Maxamed,1112,Kenya,1001083,,KES,77,Kenyan Shilling,KES,,dd/MM/yyyy,2,,,2025-10-07 05:00:00,"#,###.##",DD/MM/YYYY,2025-10-07 15:14:56,2025-10-07 15:14:56,100630,1,,0,,4,English,1001083,,0,0,,1,0,,3,394,(GMT 3:00) Eastern African Time (Africa/Addis_Ababa),True
851,@EG@0dfb1d7c11a3c69fc6f9807af4c8ed58,,Job,1112,Kenya,1001080,,KES,77,Kenyan Shilling,KES,,dd/MM/yyyy,2,,,2025-10-07 05:00:00,"#,###.##",DD/MM/YYYY,2025-10-07 15:14:08,2025-10-07 15:14:08,100629,33,,0,,4,English,1001080,,0,0,,1,0,,3,394,(GMT 3:00) Eastern African Time (Africa/Addis_Ababa),True
847,@EG@e49d777e11003bcb2800b13e66d24f88,,Bonn Lepartangu,1112,Kenya,1001076,,KES,77,Kenyan Shilling,KES,,dd/MM/yyyy,2,,,2025-10-07 05:00:00,"#,###.##",DD/MM/YYYY,2025-10-07 13:44:28,2025-10-07 13:44:28,100628,3,,0,,4,English,1001076,,0,0,,1,0,,3,394,(GMT 3:00) Eastern African Time (Africa/Addis_Ababa),True
843,@EG@fba87cae602ed789f87345dd9375f0f2,,Shell kahawa maziwa,1112,Kenya,1001072,,KES,77,Kenyan Shilling,KES,,dd/MM/yyyy,2,,,2025-10-07 05:00:00,"#,###.##",DD/MM/YYYY,2025-10-07 08:58:44,2025-10-07 08:58:44,100625,3,,0,,4,English,1001072,,0,0,,1,0,,3,394,(GMT 3:00) Eastern African Time (Africa/Addis_Ababa),True
842,@EG@8269e54841e528ff35c63630ce10645c,,Emmans James,1112,Kenya,1001071,,KES,77,Kenyan Shilling,KES,,dd/MM/yyyy,2,,,2025-10-07 05:00:00,"#,###.##",DD/MM/YYYY,2025-10-07 08:37:12,2025-10-07 08:37:12,100624,6,,0,,4,English,1001071,,0,0,,1,0,,3,394,(GMT 3:00) Eastern African Time (Africa/Addis_Ababa),True
841,@EG@0d9f3971e8399a69ccd5f4ebc329945f,,Lilian Chebich,1112,Kenya,1001070,,KES,77,Kenyan Shilling,KES,,dd/MM/yyyy,2,,,2025-10-07 05:00:00,"#,###.##",DD/MM/YYYY,2025-10-07 08:34:05,2025-10-07 08:34:05,100623,34,,0,,4,English,1001070,,0,0,,1,0,,3,394,(GMT 3:00) Eastern African Time (Africa/Addis_Ababa),True
840,@EG@73ef274719cf2082cb9dee2effc34a8d,,John Juma junior,1112,Kenya,1001069,,KES,77,Kenyan Shilling,KES,,dd/MM/yyyy,2,,,2025-10-07 05:00:00,"#,###.##",DD/MM/YYYY,2025-10-07 08:31:58,2025-10-07 08:31:58,100622,4,,0,,4,English,1001069,,0,0,,1,0,,3,394,(GMT 3:00) Eastern African Time (Africa/Addis_Ababa),True
838,@EG@20b2fd6f8c38e38141a4543a1220431b,,Maddo's Butchery,1112,Kenya,1001067,,KES,77,Kenyan Shilling,KES,,dd/MM/yyyy,2,,,2025-10-07 05:00:00,"#,###.##",DD/MM/YYYY,2025-10-07 08:03:54,2025-10-07 08:03:54,100621,7,,0,,4,English,1001067,,0,0,,1,0,,3,394,(GMT 3:00) Eastern African Time (Africa/Addis_Ababa),True
837,@EG@f8d8cc5f3aeb71db2afe9d9e9c8ac9e2,,Nairobi freight terminal,1112,Kenya,1001066,,KES,77,Kenyan Shilling,KES,,dd/MM/yyyy,2,,,2025-10-07 05:00:00,"#,###.##",DD/MM/YYYY,2025-10-07 07:51:14,2025-10-07 07:51:14,100620,7,,0,,4,English,1001066,,0,0,,1,0,,3,394,(GMT 3:00) Eastern African Time (Africa/Addis_Ababa),True
836,@EG@f0fee13af87a311c2a60c21d1c217ac4,,Donnex Chege,1112,Kenya,1001065,,KES,77,Kenyan Shilling,KES,,dd/MM/yyyy,2,,,2025-10-07 05:00:00,"#,###.##",DD/MM/YYYY,2025-10-07 07:48:30,2025-10-07 07:48:30,100619,4,,0,,4,English,1001065,,0,0,,1,0,,3,394,(GMT 3:00) Eastern African Time (Africa/Addis_Ababa),True
835,@EG@48c94284d17747efd957a262fdb0ac7a,,Cash been,1112,Kenya,1001064,,KES,77,Kenyan Shilling,KES,,dd/MM/yyyy,2,,,2025-10-07 05:00:00,"#,###.##",DD/MM/YYYY,2025-10-07 07:41:58,2025-10-07 07:41:58,100618,1,,0,,4,English,1001064,,0,0,,1,0,,3,394,(GMT 3:00) Eastern African Time (Africa/Addis_Ababa),True
833,@EG@243717dd9df606741c09d53cbbd7af74,,Steve travel,1112,Kenya,1001062,,KES,77,Kenyan Shilling,KES,,dd/MM/yyyy,2,,,2025-10-07 05:00:00,"#,###.##",DD/MM/YYYY,2025-10-07 07:40:01,2025-10-07 07:40:01,100617,18,,0,,4,English,1001062,,0,0,,1,0,,3,394,(GMT 3:00) Eastern African Time (Africa/Addis_Ababa),True
832,@EG@aa454f3581e9c4d53065aec79a90240f,,Neema,1112,Kenya,1001061,,KES,77,Kenyan Shilling,KES,,dd/MM/yyyy,2,,,2025-10-07 05:00:00,"#,###.##",DD/MM/YYYY,2025-10-07 07:33:13,2025-10-07 07:33:13,100616,7,,0,,4,English,1001061,,0,0,,1,0,,3,394,(GMT 3:00) Eastern African Time (Africa/Addis_Ababa),True
830,@EG@1a0c7c264e930fcba8b129aa43c3b930,,John Kitheka Gidion,1112,Kenya,1001059,,KES,77,Kenyan Shilling,KES,,dd/MM/yyyy,2,,,2025-10-07 05:00:00,"#,###.##",DD/MM/YYYY,2025-10-07 06:59:00,2025-10-07 06:59:00,100615,16,,0,,4,English,1001059,,0,0,,1,0,,3,394,(GMT 3:00) Eastern African Time (Africa/Addis_Ababa),True
829,@EG@c4682b9b36c6477b4743351d4838f6b1,,Mutanget,1112,Kenya,1001058,,KES,77,Kenyan Shilling,KES,,dd/MM/yyyy,2,,,2025-10-07 05:00:00,"#,###.##",DD/MM/YYYY,2025-10-07 06:53:33,2025-10-07 06:53:33,100613,18,,0,,4,English,1001058,,0,0,,1,0,,3,394,(GMT 3:00) Eastern African Time (Africa/Addis_Ababa),True
827,@EG@c150059056f970f0b960dc6349f1ae59,,Bilcon construction company,1112,Kenya,1001056,,KES,77,Kenyan Shilling,KES,,dd/MM/yyyy,2,,,2025-10-07 05:00:00,"#,###.##",DD/MM/YYYY,2025-10-07 06:54:48,2025-10-07 06:54:48,100614,27,,0,,4,English,1001056,,0,0,,1,0,,3,394,(GMT 3:00) Eastern African Time (Africa/Addis_Ababa),True
826,@EG@45fabfa1bb6e2d2db12c7680132c52ad,,Kiio Kinyolo,1112,Kenya,1001055,,KES,77,Kenyan Shilling,KES,,dd/MM/yyyy,2,,,2025-10-07 05:00:00,"#,###.##",DD/MM/YYYY,2025-10-07 06:44:41,2025-10-07 06:44:41,100610,6,,0,,4,English,1001055,,0,0,,1,0,,3,394,(GMT 3:00) Eastern African Time (Africa/Addis_Ababa),True
825,@EG@ca5d1614418095ea1fe51b3092809f27,,Bomet,1112,Kenya,1001054,,KES,77,Kenyan Shilling,KES,,dd/MM/yyyy,2,,,2025-10-07 05:00:00,"#,###.##",DD/MM/YYYY,2025-10-07 06:45:04,2025-10-07 06:45:04,100611,4,,0,,4,English,1001054,,0,0,,1,0,,3,394,(GMT 3:00) Eastern African Time (Africa/Addis_Ababa),True
824,@EG@475e167a870f9188318afa1e917ca5c8,,Big flowers,1112,Kenya,1001053,,KES,77,Kenyan Shilling,KES,,dd/MM/yyyy,2,,,2025-10-07 05:00:00,"#,###.##",DD/MM/YYYY,2025-10-07 06:45:05,2025-10-07 06:45:05,100612,3,,0,,4,English,1001053,,0,0,,1,0,,3,394,(GMT 3:00) Eastern African Time (Africa/Addis_Ababa),True
823,@EG@ef4de184b5e43235c49469c903f2118c,,Ibrahim Abdi,1112,Kenya,1001052,,KES,77,Kenyan Shilling,KES,,dd/MM/yyyy,2,,,2025-10-07 05:00:00,"#,###.##",DD/MM/YYYY,2025-10-07 06:38:07,2025-10-07 06:38:07,100609,4,,0,,4,English,1001052,,0,0,,1,0,,3,394,(GMT 3:00) Eastern African Time (Africa/Addis_Ababa),True
821,@EG@9cb9cb04bd0cc0abac2bcf692868a905,,Jumia,1112,Kenya,1001050,,KES,77,Kenyan Shilling,KES,,dd/MM/yyyy,2,,,2025-10-07 05:00:00,"#,###.##",DD/MM/YYYY,2025-10-07 13:37:31,2025-10-07 13:37:31,100627,14,,0,,4,English,1001050,,0,0,,1,0,,3,394,(GMT 3:00) Eastern African Time (Africa/Addis_Ababa),True
819,@EG@2bef8375771ad27ab4d809e77efe794b,,Arap simiti chebo,1112,Kenya,1001048,,KES,77,Kenyan Shilling,KES,,dd/MM/yyyy,2,,,2025-10-07 05:00:00,"#,###.##",DD/MM/YYYY,2025-10-07 06:33:37,2025-10-07 06:33:37,100608,22,,0,,4,English,1001048,,0,0,,1,0,,3,394,(GMT 3:00) Eastern African Time (Africa/Addis_Ababa),True
818,@EG@6bb636704a1754cec82339ef1bf482e9,,WANGA Eric,1112,Kenya,1001047,,KES,77,Kenyan Shilling,KES,,dd/MM/yyyy,2,,,2025-10-07 05:00:00,"#,###.##",DD/MM/YYYY,2025-10-07 06:25:57,2025-10-07 06:25:57,100607,7,,0,,4,English,1001047,,0,0,,1,0,,3,394,(GMT 3:00) Eastern African Time (Africa/Addis_Ababa),True
814,@EG@a7cd37e15ef3e75de9e35229718d153a,,Sebastian kombe kaleli,1112,Kenya,1001043,,KES,77,Kenyan Shilling,KES,,dd/MM/yyyy,2,,,2025-10-07 05:00:00,"#,###.##",DD/MM/YYYY,2025-10-07 06:13:54,2025-10-07 06:13:54,100606,4,,0,,4,English,1001043,,0,0,,1,0,,3,394,(GMT 3:00) Eastern African Time (Africa/Addis_Ababa),True
813,@EG@34cc4b674f7dbdac6ff851b01f2d562a,,Juliet Gatheru,1112,Kenya,1001042,,KES,77,Kenyan Shilling,KES,,dd/MM/yyyy,2,,,2025-10-07 05:00:00,"#,###.##",DD/MM/YYYY,2025-10-07 06:13:04,2025-10-07 06:13:04,100605,4,,0,,4,English,1001042,,0,0,,1,0,,3,394,(GMT 3:00) Eastern African Time (Africa/Addis_Ababa),True
812,@EG@c42973c99335fa58d3044376464384ec,,Martha Mummy Nyongesa,1112,Kenya,1001041,,KES,77,Kenyan Shilling,KES,,dd/MM/yyyy,2,,,2025-10-07 05:00:00,"#,###.##",DD/MM/YYYY,2025-10-07 06:09:34,2025-10-07 06:09:34,100604,4,,0,,4,English,1001041,,0,0,,1,0,,3,394,(GMT 3:00) Eastern African Time (Africa/Addis_Ababa),True
811,@EG@bf19aefe2168757d6b476cad67c0b4c6,,Tarnspotre y,1112,Kenya,1001040,,KES,77,Kenyan Shilling,KES,,dd/MM/yyyy,2,,,2025-10-07 05:00:00,"#,###.##",DD/MM/YYYY,2025-10-07 06:07:21,2025-10-07 06:07:21,100601,1,,0,,4,English,1001040,,0,0,,1,0,,3,394,(GMT 3:00) Eastern African Time (Africa/Addis_Ababa),True
810,@EG@059285643e5ecbb7e6105cd59ee8c45a,,Champion,1112,Kenya,1001039,,KES,77,Kenyan Shilling,KES,,dd/MM/yyyy,2,,,2025-10-07 05:00:00,"#,###.##",DD/MM/YYYY,2025-10-07 06:07:24,2025-10-07 06:07:24,100602,6,,0,,4,English,1001039,,0,0,,1,0,,3,394,(GMT 3:00) Eastern African Time (Africa/Addis_Ababa),True
809,@EG@5f0286b173c3b0187ec5b1348b43f5a5,,Eziii,1112,Kenya,1001038,,KES,77,Kenyan Shilling,KES,,dd/MM/yyyy,2,,,2025-10-07 05:00:00,"#,###.##",DD/MM/YYYY,2025-10-07 06:07:25,2025-10-07 06:07:25,100603,4,,0,,4,English,1001038,,0,0,,1,0,,3,394,(GMT 3:00) Eastern African Time (Africa/Addis_Ababa),True
808,@EG@bcc7602092cc7bbe40157c97c64c6797,,Abdalla Abdalla shem,1112,Kenya,1001037,,KES,77,Kenyan Shilling,KES,,dd/MM/yyyy,2,,,2025-10-07 05:00:00,"#,###.##",DD/MM/YYYY,2025-10-07 06:02:45,2025-10-07 06:02:45,100600,3,,0,,4,English,1001037,,0,0,,1,0,,3,394,(GMT 3:00) Eastern African Time (Africa/Addis_Ababa),True
805,@EG@a5f06532780a0f648a25ad20bfc474f9,,Geoffrey Oyugi,1112,Kenya,1001034,,KES,77,Kenyan Shilling,KES,,dd/MM/yyyy,2,,,2025-10-07 05:00:00,"#,###.##",DD/MM/YYYY,2025-10-07 05:58:59,2025-10-07 05:58:59,100598,32,,0,,4,English,1001034,,0,0,,1,0,,3,394,(GMT 3:00) Eastern African Time (Africa/Addis_Ababa),True
804,@EG@08cc60e3ea534de107ac030435a2752e,,Fraquel,1112,Kenya,1001033,,KES,77,Kenyan Shilling,KES,,dd/MM/yyyy,2,,,2025-10-07 05:00:00,"#,###.##",DD/MM/YYYY,2025-10-07 06:02:34,2025-10-07 06:02:34,100599,1,,0,,4,English,1001033,,0,0,,1,0,,3,394,(GMT 3:00) Eastern African Time (Africa/Addis_Ababa),True
803,@EG@97b316545da58fae48d2a074d45f1456,,Kilimaz,1112,Kenya,1001032,,KES,77,Kenyan Shilling,KES,,dd/MM/yyyy,2,,,2025-10-07 05:00:00,"#,###.##",DD/MM/YYYY,2025-10-07 05:50:54,2025-10-07 05:50:54,100597,27,,0,,4,English,1001032,,0,0,,1,0,,3,394,(GMT 3:00) Eastern African Time (Africa/Addis_Ababa),True
802,@EG@0060a1a966d4883521b5b2b9a1c188dd,,Geoffrey Oyugi,1112,Kenya,1001031,,KES,77,Kenyan Shilling,KES,,dd/MM/yyyy,2,,,2025-10-07 05:00:00,"#,###.##",DD/MM/YYYY,2025-10-07 05:49:54,2025-10-07 05:49:54,100596,32,,0,,4,English,1001031,,0,0,,1,0,,3,394,(GMT 3:00) Eastern African Time (Africa/Addis_Ababa),True
801,@EG@96f40177ade262af1af6beff76e5e12d,,Ndayihimbaze Very good,1007,Angola,1001030,,AOA,6,Angolan Kwanza,AOA,,dd/MM/yyyy,2,,,2025-10-07 07:00:00,# ###.##,DD/MM/YYYY,2025-10-07 05:49:03,2025-10-07 05:49:03,100595,4,,0,,4,English,1001030,,0,0,,1,0,,1,296,(GMT 1:00) Western African Time (Africa/Bangui),True
800,@EG@99bdc361f9e5fe04e125c120f2bd9f0e,,Grace Marvel,1112,Kenya,1001029,,KES,77,Kenyan Shilling,KES,,dd/MM/yyyy,2,,,2025-10-07 05:00:00,"#,###.##",DD/MM/YYYY,2025-10-07 05:48:54,2025-10-07 05:48:54,100594,34,,0,,4,English,1001029,,0,0,,1,0,,3,394,(GMT 3:00) Eastern African Time (Africa/Addis_Ababa),True
798,@EG@c5c84518372431cfd1621b8cc26fcaf7,,Grain nuts limited,1112,Kenya,1001027,,KES,77,Kenyan Shilling,KES,,dd/MM/yyyy,2,,,2025-10-07 05:00:00,"#,###.##",DD/MM/YYYY,2025-10-07 05:43:43,2025-10-07 05:43:43,100593,15,,0,,4,English,1001027,,0,0,,1,0,,3,394,(GMT 3:00) Eastern African Time (Africa/Addis_Ababa),True
795,@EG@807fcbad33a34b2ac5c2400798cb7bbb,,Siwamu,1112,Kenya,1001024,,KES,77,Kenyan Shilling,KES,,dd/MM/yyyy,2,,,2025-10-07 05:00:00,"#,###.##",DD/MM/YYYY,2025-10-07 05:42:25,2025-10-07 05:42:25,100592,2,,0,,4,English,1001024,,0,0,,1,0,,3,394,(GMT 3:00) Eastern African Time (Africa/Addis_Ababa),True
794,@EG@6734063105375b162b845c0a2cea612b,,mining,1112,Kenya,1001023,,KES,77,Kenyan Shilling,KES,,dd/MM/yyyy,2,,,2025-10-07 05:00:00,"#,###.##",DD/MM/YYYY,2025-10-07 05:42:23,2025-10-07 05:42:23,100591,34,,0,,4,English,1001023,,0,0,,1,0,,3,394,(GMT 3:00) Eastern African Time (Africa/Addis_Ababa),True
793,@EG@ef2159b685ef305236975f8fc226e07d,,Bidco,1112,Kenya,1001022,,KES,77,Kenyan Shilling,KES,,dd/MM/yyyy,2,,,2025-10-07 05:00:00,"#,###.##",DD/MM/YYYY,2025-10-07 05:40:53,2025-10-07 05:40:53,100590,1,,0,,4,English,1001022,,0,0,,1,0,,3,394,(GMT 3:00) Eastern African Time (Africa/Addis_Ababa),True
790,@EG@fd91f3400567d5fda771d5b28fadb048,,Elias,1112,Kenya,1001019,,KES,77,Kenyan Shilling,KES,,dd/MM/yyyy,2,,,2025-10-07 05:00:00,"#,###.##",DD/MM/YYYY,2025-10-07 05:37:04,2025-10-07 05:37:04,100588,34,,0,,4,English,1001019,,0,0,,1,0,,3,394,(GMT 3:00) Eastern African Time (Africa/Addis_Ababa),True
789,@EG@10c3e511b54388f3b4713f179a64d0ab,,Silent Fang,1112,Kenya,1001018,,KES,77,Kenyan Shilling,KES,,dd/MM/yyyy,2,,,2025-10-07 05:00:00,"#,###.##",DD/MM/YYYY,2025-10-07 05:36:50,2025-10-07 05:36:50,100587,21,,0,,4,English,1001018,,0,0,,1,0,,3,394,(GMT 3:00) Eastern African Time (Africa/Addis_Ababa),True
784,@EG@167657fcbc60feb38a3eec319673bbfa,,Eugene Mwangi,1112,Kenya,1001013,,KES,77,Kenyan Shilling,KES,,dd/MM/yyyy,2,,,2025-10-07 05:00:00,"#,###.##",DD/MM/YYYY,2025-10-07 05:34:06,2025-10-07 05:34:06,100585,5,,0,,4,English,1001013,,0,0,,1,0,,3,394,(GMT 3:00) Eastern African Time (Africa/Addis_Ababa),True
783,@EG@09daecd7ad7aa542fc9f17dff5e2e983,,Dennis Mwathi,1112,Kenya,1001012,,KES,77,Kenyan Shilling,KES,,dd/MM/yyyy,2,,,2025-10-07 05:00:00,"#,###.##",DD/MM/YYYY,2025-10-07 05:34:13,2025-10-07 05:34:13,100586,7,,0,,4,English,1001012,,0,0,,1,0,,3,394,(GMT 3:00) Eastern African Time (Africa/Addis_Ababa),True
782,@EG@ecb9e92aadcb604c33cc92711fdfbeae,,GARDARWORLD,1112,Kenya,1001011,,KES,77,Kenyan Shilling,KES,,dd/MM/yyyy,2,,,2025-10-07 05:00:00,"#,###.##",DD/MM/YYYY,2025-10-07 05:38:09,2025-10-07 05:38:09,100589,15,,0,,4,English,1001011,,0,0,,1,0,,3,394,(GMT 3:00) Eastern African Time (Africa/Addis_Ababa),True
779,@EG@bfdcfcf75c38651006817329fe82dc0c,,Njugen,1112,Kenya,1001008,,KES,77,Kenyan Shilling,KES,,dd/MM/yyyy,2,,,2025-10-07 05:00:00,"#,###.##",DD/MM/YYYY,2025-10-07 05:33:46,2025-10-07 05:33:46,100584,1,,0,,4,English,1001008,,0,0,,1,0,,3,394,(GMT 3:00) Eastern African Time (Africa/Addis_Ababa),True
778,@EG@98c01c009d5b53cc9900f9d5cf9a3cc6,,Elphaslee,1112,Kenya,1001007,,KES,77,Kenyan Shilling,KES,,dd/MM/yyyy,2,,,2025-10-07 05:00:00,"#,###.##",DD/MM/YYYY,2025-10-07 05:31:54,2025-10-07 05:31:54,100583,10,,0,,4,English,1001007,,0,0,,1,0,,3,394,(GMT 3:00) Eastern African Time (Africa/Addis_Ababa),True
777,@EG@a0792ddbb911b007eeb888d32838651e,,jacksone onywera,1112,Kenya,1001006,,KES,77,Kenyan Shilling,KES,,dd/MM/yyyy,2,,,2025-10-07 05:00:00,"#,###.##",DD/MM/YYYY,2025-10-07 05:31:50,2025-10-07 05:31:50,100582,2,,0,,4,English,1001006,,0,0,,1,0,,3,394,(GMT 3:00) Eastern African Time (Africa/Addis_Ababa),True
776,@EG@3b48a8fe9dcbafc1b6bfaf61d20e6b57,,Exodus company,1112,Kenya,1001005,,KES,77,Kenyan Shilling,KES,,dd/MM/yyyy,2,,,2025-10-07 05:00:00,"#,###.##",DD/MM/YYYY,2025-10-07 05:31:40,2025-10-07 05:31:40,100581,1,,0,,4,English,1001005,,0,0,,1,0,,3,394,(GMT 3:00) Eastern African Time (Africa/Addis_Ababa),True
775,@EG@8b4b3bba37cc66de16707059198c6b68,,Kelvin,1112,Kenya,1001004,,KES,77,Kenyan Shilling,KES,,dd/MM/yyyy,2,,,2025-10-07 05:00:00,"#,###.##",DD/MM/YYYY,2025-10-07 05:30:50,2025-10-07 05:30:50,100580,4,,0,,4,English,1001004,,0,0,,1,0,,3,394,(GMT 3:00) Eastern African Time (Africa/Addis_Ababa),True
774,@EG@2ae7789cef058a8bfe16e16b8311c756,,Mohaa vunny,1112,Kenya,1001003,,KES,77,Kenyan Shilling,KES,,dd/MM/yyyy,2,,,2025-10-07 05:00:00,"#,###.##",DD/MM/YYYY,2025-10-07 05:30:05,2025-10-07 05:30:05,100579,5,,0,,4,English,1001003,,0,0,,1,0,,3,394,(GMT 3:00) Eastern African Time (Africa/Addis_Ababa),True
771,@EG@ce727121cc092fed54470d54e706dd97,,Cil,1112,Kenya,1001000,,KES,77,Kenyan Shilling,KES,,dd/MM/yyyy,2,,,2025-10-07 05:00:00,"#,###.##",DD/MM/YYYY,2025-10-07 05:08:33,2025-10-07 05:08:33,100578,3,,0,,4,English,1001000,,0,0,,1,0,,3,394,(GMT 3:00) Eastern African Time (Africa/Addis_Ababa),True
766,@EG@57e3d8b8e8a72e376f5719edaefe4b54,,Dennis Otieno,1112,Kenya,1000995,,KES,77,Kenyan Shilling,KES,,dd/MM/yyyy,2,,,2025-10-07 05:00:00,"#,###.##",DD/MM/YYYY,2025-10-07 04:29:51,2025-10-07 04:29:51,100577,27,,0,,4,English,1000995,,0,0,,1,0,,3,394,(GMT 3:00) Eastern African Time (Africa/Addis_Ababa),True
765,@EG@d7535c4c130514ef00eb93ccb4ef1ac0,,Frankvict,1112,Kenya,1000994,,KES,77,Kenyan Shilling,KES,,dd/MM/yyyy,2,,,2025-10-07 05:00:00,"#,###.##",DD/MM/YYYY,2025-10-07 04:23:15,2025-10-07 04:23:15,100576,5,,0,,4,English,1000994,,0,0,,1,0,,3,394,(GMT 3:00) Eastern African Time (Africa/Addis_Ababa),True
764,@EG@9ebcf02be546d21449fdd90dac1a8754,,Stanbic banc,1112,Kenya,1000993,,KES,77,Kenyan Shilling,KES,,dd/MM/yyyy,2,,,2025-10-07 05:00:00,"#,###.##",DD/MM/YYYY,2025-10-07 04:16:56,2025-10-07 04:16:56,100575,15,,0,,4,English,1000993,,0,0,,1,0,,3,394,(GMT 3:00) Eastern African Time (Africa/Addis_Ababa),True
763,@EG@eaf6d76a586eeea9ba6ae6abbb3dfea5,,Colour label,1112,Kenya,1000992,,KES,77,Kenyan Shilling,KES,,dd/MM/yyyy,2,,,2025-10-07 05:00:00,"#,###.##",DD/MM/YYYY,2025-10-07 03:56:41,2025-10-07 03:56:41,100574,4,,0,,4,English,1000992,,0,0,,1,0,,3,394,(GMT 3:00) Eastern African Time (Africa/Addis_Ababa),True
762,@EG@94b83a68bd0a5034f859ffd61a46811a,,Grace Wangui,1112,Kenya,1000991,,KES,77,Kenyan Shilling,KES,,dd/MM/yyyy,2,,,2025-10-07 05:00:00,"#,###.##",DD/MM/YYYY,2025-10-07 03:50:58,2025-10-07 03:50:58,100573,4,,0,,4,English,1000991,,0,0,,1,0,,3,394,(GMT 3:00) Eastern African Time (Africa/Addis_Ababa),True
761,@EG@715ad591a26f4be27362c210e3e4ab05,,Austin owino,1112,Kenya,1000990,,KES,77,Kenyan Shilling,KES,,dd/MM/yyyy,2,,,2025-10-07 05:00:00,"#,###.##",DD/MM/YYYY,2025-10-07 03:00:54,2025-10-07 03:00:54,100572,34,,0,,4,English,1000990,,0,0,,1,0,,3,394,(GMT 3:00) Eastern African Time (Africa/Addis_Ababa),True
760,@EG@f1e44cc3f07a04348bbb83915e17e3e1,,Michael's Elite stores,1112,Kenya,1000989,,KES,77,Kenyan Shilling,KES,,dd/MM/yyyy,2,,,2025-10-07 05:00:00,"#,###.##",DD/MM/YYYY,2025-10-07 11:45:13,2025-10-07 11:45:13,100626,15,,0,,4,English,1000989,,0,0,,1,0,,3,394,(GMT 3:00) Eastern African Time (Africa/Addis_Ababa),True
759,@EG@a5e8d619883fdc80ca33af91dcf40873,,Hiline,1112,Kenya,1000988,,KES,77,Kenyan Shilling,KES,,dd/MM/yyyy,2,,,2025-10-07 05:00:00,"#,###.##",DD/MM/YYYY,2025-10-07 02:43:35,2025-10-07 02:43:35,100571,6,,0,,4,English,1000988,,0,0,,1,0,,3,394,(GMT 3:00) Eastern African Time (Africa/Addis_Ababa),True
758,@EG@0d46a63c3e6ea7f5a9e9a1d642713bcb,,sam tech,1112,Kenya,1000987,,KES,77,Kenyan Shilling,KES,,dd/MM/yyyy,2,,,2025-10-07 05:00:00,"#,###.##",DD/MM/YYYY,2025-10-07 02:39:05,2025-10-07 02:39:05,100570,5,,0,,4,English,1000987,,0,0,,1,0,,3,394,(GMT 3:00) Eastern African Time (Africa/Addis_Ababa),True
757,@EG@52e985c1e75860367cea496f72a56466,,Sangura,1112,Kenya,1000986,,KES,77,Kenyan Shilling,KES,,dd/MM/yyyy,2,,,2025-10-07 05:00:00,"#,###.##",DD/MM/YYYY,2025-10-07 02:19:00,2025-10-07 02:19:00,100569,4,,0,,4,English,1000986,,0,0,,1,0,,3,394,(GMT 3:00) Eastern African Time (Africa/Addis_Ababa),True
756,@EG@0c34c1248cbf745f56fee7432143ba05,,None sales retailers,1112,Kenya,1000985,,KES,77,Kenyan Shilling,KES,,dd/MM/yyyy,2,,,2025-10-07 05:00:00,"#,###.##",DD/MM/YYYY,2025-10-07 02:13:15,2025-10-07 02:13:15,100568,7,,0,,4,English,1000985,,0,0,,1,0,,3,394,(GMT 3:00) Eastern African Time (Africa/Addis_Ababa),True
755,@EG@647c13bb12d31602a24246e02d5662c2,,NICE,1112,Kenya,1000984,,KES,77,Kenyan Shilling,KES,,dd/MM/yyyy,2,,,2025-10-07 05:00:00,"#,###.##",DD/MM/YYYY,2025-10-07 01:28:48,2025-10-07 01:28:48,100567,7,,0,,4,English,1000984,,0,0,,1,0,,3,394,(GMT 3:00) Eastern African Time (Africa/Addis_Ababa),True
753,@EG@bd991d287d1794324abc1f90e40b3111,,Jumaa Ngundi,1001,Afghanistan,1000982,,AFN,2,Afghan Afghani,AFN,,yyyy-MM-dd,2,,,2025-10-07 03:30:00,"#,###.##",YYYY-MM-DD,2025-10-07 01:16:52,2025-10-07 01:16:52,100566,3,,0,,4,English,1000982,,0,0,,1,0,,4.3,436,(GMT 4:30) Afghanistan Time (Asia/Kabul),True
752,@EG@d6623c52294217ff4a517931f7b159b2,,Vincent Mutuku,1112,Kenya,1000981,,KES,77,Kenyan Shilling,KES,,dd/MM/yyyy,2,,,2025-10-06 05:00:00,"#,###.##",DD/MM/YYYY,2025-10-06 23:59:56,2025-10-06 23:59:56,100565,1,,0,,4,English,1000981,,0,0,,1,0,,3,394,(GMT 3:00) Eastern African Time (Africa/Addis_Ababa),True
751,@EG@2c20b8fa75960841d41cf40e38f26f65,,Betty kambe,1112,Kenya,1000980,,KES,77,Kenyan Shilling,KES,,dd/MM/yyyy,2,,,2025-10-06 05:00:00,"#,###.##",DD/MM/YYYY,2025-10-06 23:24:49,2025-10-06 23:24:49,100564,34,,0,,4,English,1000980,,0,0,,1,0,,3,394,(GMT 3:00) Eastern African Time (Africa/Addis_Ababa),True
749,@EG@00177630fbe5d240636128c632995ae8,,Nikko Manyuele,1112,Kenya,1000978,,KES,77,Kenyan Shilling,KES,,dd/MM/yyyy,2,,,2025-10-06 05:00:00,"#,###.##",DD/MM/YYYY,2025-10-06 22:54:01,2025-10-06 22:54:01,100563,1,,0,,4,English,1000978,,0,0,,1,0,,3,394,(GMT 3:00) Eastern African Time (Africa/Addis_Ababa),True
746,@EG@857297e80ccb61f65178953be221bcbf,,نبيل جمعة,1039,Canada,1000975,,CAD,27,Canadian Dollar,$,,yyyy-MM-dd,2,,,2025-10-06 13:00:00,"#,###.##",YYYY-MM-DD,2025-10-06 22:04:20,2025-10-06 22:04:20,100562,6,,0,,4,English,1000975,,0,0,,1,0,,-5,110,(GMT -5:00) Eastern Standard Time (America/Atikokan),True
745,@EG@950d4170cedbe520324d8ea0fbcc2666,,Màsaii shop,1112,Kenya,1000974,,KES,77,Kenyan Shilling,KES,,dd/MM/yyyy,2,,,2025-10-06 05:00:00,"#,###.##",DD/MM/YYYY,2025-10-06 21:22:26,2025-10-06 21:22:26,100561,5,,0,,4,English,1000974,,0,0,,1,0,,3,394,(GMT 3:00) Eastern African Time (Africa/Addis_Ababa),True
744,@EG@6227368fc016b4ff67bb64526fcdc285,,Rotik,1112,Kenya,1000973,,KES,77,Kenyan Shilling,KES,,dd/MM/yyyy,2,,,2025-10-06 05:00:00,"#,###.##",DD/MM/YYYY,2025-10-06 21:15:03,2025-10-06 21:15:03,100560,34,,0,,4,English,1000973,,0,0,,1,0,,3,394,(GMT 3:00) Eastern African Time (Africa/Addis_Ababa),True
743,@EG@e855347ea0612fa2b26d833db20893e5,,Jitume,1112,Kenya,1000972,,KES,77,Kenyan Shilling,KES,,dd/MM/yyyy,2,,,2025-10-06 05:00:00,"#,###.##",DD/MM/YYYY,2025-10-06 21:08:27,2025-10-06 21:08:27,100559,7,,0,,4,English,1000972,,0,0,,1,0,,3,394,(GMT 3:00) Eastern African Time (Africa/Addis_Ababa),True
742,@EG@6c6c196a7dd3881fbe66e14bf2c709b2,,Airtel,1196,South Africa,1000971,,ZAR,171,South African Rand,R,,yyyy-MM-dd,2,,,2025-10-06 06:00:00,"#.###,##",YYYY-MM-DD,2025-10-06 20:58:18,2025-10-06 20:58:18,100558,7,,0,,4,English,1000971,,0,0,,1,0,,2,353,(GMT 2:00) South Africa Standard Time (Africa/Johannesburg),True
740,@EG@43c5fbdfabbd24331d4d0a50df58217e,,Boy Erustus,1112,Kenya,1000969,,KES,77,Kenyan Shilling,KES,,dd/MM/yyyy,2,,,2025-10-06 05:00:00,"#,###.##",DD/MM/YYYY,2025-10-06 20:10:34,2025-10-06 20:10:34,100557,22,,0,,4,English,1000969,,0,0,,1,0,,3,394,(GMT 3:00) Eastern African Time (Africa/Addis_Ababa),True
738,@EG@ac41d0c451a17c012df0c18975aa4954,,Oledewas,1112,Kenya,1000967,,KES,77,Kenyan Shilling,KES,,dd/MM/yyyy,2,,,2025-10-06 05:00:00,"#,###.##",DD/MM/YYYY,2025-10-06 19:12:15,2025-10-06 19:12:15,100556,14,,0,,4,English,1000967,,0,0,,1,0,,3,394,(GMT 3:00) Eastern African Time (Africa/Addis_Ababa),True
737,@EG@968ea5942e1be04377ba1cd7c64fcec4,,Hison plaza,1112,Kenya,1000966,,KES,77,Kenyan Shilling,KES,,dd/MM/yyyy,2,,,2025-10-06 05:00:00,"#,###.##",DD/MM/YYYY,2025-10-06 18:59:50,2025-10-06 18:59:50,100554,6,,0,,4,English,1000966,,0,0,,1,0,,3,394,(GMT 3:00) Eastern African Time (Africa/Addis_Ababa),True
735,@EG@1110f6d3a18015a97c5478af93a5c191,,Doesn't have company name,1112,Kenya,1000964,,KES,77,Kenyan Shilling,KES,,dd/MM/yyyy,2,,,2025-10-06 05:00:00,"#,###.##",DD/MM/YYYY,2025-10-06 19:03:40,2025-10-06 19:03:40,100555,4,,0,,4,English,1000964,,0,0,,1,0,,3,394,(GMT 3:00) Eastern African Time (Africa/Addis_Ababa),True
733,@EG@e75a2d88ef6a2edef0a37ea7e31f94a0,,Sungura farm,1112,Kenya,1000962,,KES,77,Kenyan Shilling,KES,,dd/MM/yyyy,2,,,2025-10-06 05:00:00,"#,###.##",DD/MM/YYYY,2025-10-06 18:36:01,2025-10-06 18:36:01,100553,30,,0,,4,English,1000962,,0,0,,1,0,,3,394,(GMT 3:00) Eastern African Time (Africa/Addis_Ababa),True
729,@EG@30d42129331ac595c1ad8622a7066cdc,,Jared Nyakundi arasa,1112,Kenya,1000958,,KES,77,Kenyan Shilling,KES,,dd/MM/yyyy,2,,,2025-10-06 05:00:00,"#,###.##",DD/MM/YYYY,2025-10-06 17:31:57,2025-10-06 17:31:57,100552,34,,0,,4,English,1000958,,0,0,,1,0,,3,394,(GMT 3:00) Eastern African Time (Africa/Addis_Ababa),True
728,@EG@ae22f3b6a1554e068208bc343a85a98e,,Safaricom,1112,Kenya,1000957,,KES,77,Kenyan Shilling,KES,,dd/MM/yyyy,2,,,2025-10-06 05:00:00,"#,###.##",DD/MM/YYYY,2025-10-06 16:18:24,2025-10-06 16:18:24,100551,2,,0,,4,English,1000957,,0,0,,1,0,,3,394,(GMT 3:00) Eastern African Time (Africa/Addis_Ababa),True
727,@EG@914e05653d7097a1b1bf7d7d9af4a893,,Ann mutuku,1112,Kenya,1000956,,KES,77,Kenyan Shilling,KES,,dd/MM/yyyy,2,,,2025-10-06 05:00:00,"#,###.##",DD/MM/YYYY,2025-10-06 16:11:15,2025-10-06 16:11:15,100550,3,,0,,4,English,1000956,,0,0,,1,0,,3,394,(GMT 3:00) Eastern African Time (Africa/Addis_Ababa),True
725,@EG@1190f532d04119dd971af01b9e4bf028,,Cico,1112,Kenya,1000954,,KES,77,Kenyan Shilling,KES,,dd/MM/yyyy,2,,,2025-10-06 05:00:00,"#,###.##",DD/MM/YYYY,2025-10-06 15:39:33,2025-10-06 15:39:33,100549,33,,0,,4,English,1000954,,0,0,,1,0,,3,394,(GMT 3:00) Eastern African Time (Africa/Addis_Ababa),True
723,@EG@20b4b62e9c644ec2f5d37928642beff5,,Mavvin vision businesses,1112,Kenya,1000952,,KES,77,Kenyan Shilling,KES,,dd/MM/yyyy,2,,,2025-10-06 05:00:00,"#,###.##",DD/MM/YYYY,2025-10-06 13:44:56,2025-10-06 13:44:56,100547,1,,0,,4,English,1000952,,0,0,,1,0,,3,394,(GMT 3:00) Eastern African Time (Africa/Addis_Ababa),True
721,@EG@b19fca68943c80c8e125fe4cc6507ceb,,PATRICK SAMBURUMO,1112,Kenya,1000950,,KES,77,Kenyan Shilling,KES,,dd/MM/yyyy,2,,,2025-10-06 05:00:00,"#,###.##",DD/MM/YYYY,2025-10-06 11:16:41,2025-10-06 11:16:41,100546,2,,0,,4,English,1000950,,0,0,,1,0,,3,394,(GMT 3:00) Eastern African Time (Africa/Addis_Ababa),True
720,@EG@c722c020d27d33ac85f6fd6a65f693aa,,Kushlilly,1112,Kenya,1000949,,KES,77,Kenyan Shilling,KES,,dd/MM/yyyy,2,,,2025-10-06 05:00:00,"#,###.##",DD/MM/YYYY,2025-10-06 11:15:21,2025-10-06 11:15:21,100545,5,,0,,4,English,1000949,,0,0,,1,0,,3,394,(GMT 3:00) Eastern African Time (Africa/Addis_Ababa),True
719,@EG@5b359df662f35a76619469f856c16a68,,Man's Company,1112,Kenya,1000948,,KES,77,Kenyan Shilling,KES,,dd/MM/yyyy,2,,,2025-10-06 05:00:00,"#,###.##",DD/MM/YYYY,2025-10-06 11:11:11,2025-10-06 11:11:11,100544,7,,0,,4,English,1000948,,0,0,,1,0,,3,394,(GMT 3:00) Eastern African Time (Africa/Addis_Ababa),True
717,@EG@99e21cefb7b6a5b6b91b474bb7a53258,,geoffrey oluoch,1112,Kenya,1000946,,KES,77,Kenyan Shilling,KES,,dd/MM/yyyy,2,,,2025-10-06 05:00:00,"#,###.##",DD/MM/YYYY,2025-10-06 11:00:22,2025-10-06 11:00:22,100543,6,,0,,4,English,1000946,,0,0,,1,0,,3,394,(GMT 3:00) Eastern African Time (Africa/Addis_Ababa),True
716,@EG@712ec0e80f5a988e418a07c4bb95e7cc,,Bahari beach Hotel,1112,Kenya,1000945,,KES,77,Kenyan Shilling,KES,,dd/MM/yyyy,2,,,2025-10-06 05:00:00,"#,###.##",DD/MM/YYYY,2025-10-06 10:52:59,2025-10-06 10:52:59,100542,7,,0,,4,English,1000945,,0,0,,1,0,,3,394,(GMT 3:00) Eastern African Time (Africa/Addis_Ababa),True
715,@EG@45f73491719ecdd2ca7b25f55083a6b5,,Peter Njeri,1112,Kenya,1000944,,KES,77,Kenyan Shilling,KES,,dd/MM/yyyy,2,,,2025-10-06 05:00:00,"#,###.##",DD/MM/YYYY,2025-10-06 10:48:38,2025-10-06 10:48:38,100541,3,,0,,4,English,1000944,,0,0,,1,0,,3,394,(GMT 3:00) Eastern African Time (Africa/Addis_Ababa),True
714,@EG@6b3e0bcb5e0678c564a5c60a4d816d43,,Sifa limited,1112,Kenya,1000943,,KES,77,Kenyan Shilling,KES,,dd/MM/yyyy,2,,,2025-10-06 05:00:00,"#,###.##",DD/MM/YYYY,2025-10-06 10:48:28,2025-10-06 10:48:28,100540,3,,0,,4,English,1000943,,0,0,,1,0,,3,394,(GMT 3:00) Eastern African Time (Africa/Addis_Ababa),True
713,@EG@504b57147b09013b3923085d1c958094,,Monica Akoth owino,1112,Kenya,1000942,,KES,77,Kenyan Shilling,KES,,dd/MM/yyyy,2,,,2025-10-06 05:00:00,"#,###.##",DD/MM/YYYY,2025-10-06 10:44:15,2025-10-06 10:44:15,100539,4,,0,,4,English,1000942,,0,0,,1,0,,3,394,(GMT 3:00) Eastern African Time (Africa/Addis_Ababa),True
710,@EG@46b1f509e0f420f63e3029318d1a0653,,Charanya limited,1112,Kenya,1000939,,KES,77,Kenyan Shilling,KES,,dd/MM/yyyy,2,,,2025-10-06 05:00:00,"#,###.##",DD/MM/YYYY,2025-10-06 10:28:35,2025-10-06 10:28:35,100538,3,,0,,4,English,1000939,,0,0,,1,0,,3,394,(GMT 3:00) Eastern African Time (Africa/Addis_Ababa),True
709,@EG@2db9482dda9d0db215bc46c30a604b9d,,Bar studio,1112,Kenya,1000938,,KES,77,Kenyan Shilling,KES,,dd/MM/yyyy,2,,,2025-10-06 05:00:00,"#,###.##",DD/MM/YYYY,2025-10-06 10:27:27,2025-10-06 10:27:27,100537,7,,0,,4,English,1000938,,0,0,,1,0,,3,394,(GMT 3:00) Eastern African Time (Africa/Addis_Ababa),True
708,@EG@417cfcdb362739ef7a135573ba5c0a10,,Be master limited,1112,Kenya,1000937,,KES,77,Kenyan Shilling,KES,,dd/MM/yyyy,2,,,2025-10-06 05:00:00,"#,###.##",DD/MM/YYYY,2025-10-06 10:16:57,2025-10-06 10:16:57,100536,3,,0,,4,English,1000937,,0,0,,1,0,,3,394,(GMT 3:00) Eastern African Time (Africa/Addis_Ababa),True
706,@EG@7d27bc78d231276f9325d77a99661ccf,,Beatrice achieng,1112,Kenya,1000935,,KES,77,Kenyan Shilling,KES,,dd/MM/yyyy,2,,,2025-10-06 05:00:00,"#,###.##",DD/MM/YYYY,2025-10-06 10:08:48,2025-10-06 10:08:48,100535,7,,0,,4,English,1000935,,0,0,,1,0,,3,394,(GMT 3:00) Eastern African Time (Africa/Addis_Ababa),True
704,@EG@72aaa6ad2fe0e790d1167d9c3da4d9ee,,Ann,1112,Kenya,1000933,,KES,77,Kenyan Shilling,KES,,dd/MM/yyyy,2,,,2025-10-06 05:00:00,"#,###.##",DD/MM/YYYY,2025-10-06 09:58:02,2025-10-06 09:58:02,100534,7,,0,,4,English,1000933,,0,0,,1,0,,3,394,(GMT 3:00) Eastern African Time (Africa/Addis_Ababa),True
702,@EG@127e14143d1e21916049144c2564802a,,Driver,1112,Kenya,1000931,,KES,77,Kenyan Shilling,KES,,dd/MM/yyyy,2,,,2025-10-06 05:00:00,"#,###.##",DD/MM/YYYY,2025-10-06 09:27:28,2025-10-06 09:27:28,100533,4,,0,,4,English,1000931,,0,0,,1,0,,3,394,(GMT 3:00) Eastern African Time (Africa/Addis_Ababa),True
701,@EG@23260eb61d5f524552ba21b34917db86,,Agnesgitonga,1112,Kenya,1000930,,KES,77,Kenyan Shilling,KES,,dd/MM/yyyy,2,,,2025-10-06 05:00:00,"#,###.##",DD/MM/YYYY,2025-10-06 09:16:01,2025-10-06 09:16:01,100532,4,,0,,4,English,1000930,,0,0,,1,0,,3,394,(GMT 3:00) Eastern African Time (Africa/Addis_Ababa),True
699,@EG@1ba10f1f7d8343fdf69f63756659b3a2,,Change company,1112,Kenya,1000928,,KES,77,Kenyan Shilling,KES,,dd/MM/yyyy,2,,,2025-10-06 05:00:00,"#,###.##",DD/MM/YYYY,2025-10-06 09:04:52,2025-10-06 09:04:52,100531,7,,0,,4,English,1000928,,0,0,,1,0,,3,394,(GMT 3:00) Eastern African Time (Africa/Addis_Ababa),True
697,@EG@2534d6f28d65f27505b712c70c87041e,,Esther Musangi Syomiti,1112,Kenya,1000926,,KES,77,Kenyan Shilling,KES,,dd/MM/yyyy,2,,,2025-10-06 05:00:00,"#,###.##",DD/MM/YYYY,2025-10-06 08:44:53,2025-10-06 08:44:53,100530,1,,0,,4,English,1000926,,0,0,,1,0,,3,394,(GMT 3:00) Eastern African Time (Africa/Addis_Ababa),True
696,@EG@1ab02256b3fc69ed9899e16bb4b260c2,,Aldina catholic church,1112,Kenya,1000925,,KES,77,Kenyan Shilling,KES,,dd/MM/yyyy,2,,,2025-10-06 05:00:00,"#,###.##",DD/MM/YYYY,2025-10-06 08:41:33,2025-10-06 08:41:33,100529,5,,0,,4,English,1000925,,0,0,,1,0,,3,394,(GMT 3:00) Eastern African Time (Africa/Addis_Ababa),True
695,@EG@e804d442f9d34176cd27ebe4cabd0376,,Paul,1196,South Africa,1000924,,ZAR,171,South African Rand,R,,yyyy-MM-dd,2,,,2025-10-06 06:00:00,"#.###,##",YYYY-MM-DD,2025-10-06 08:38:50,2025-10-06 08:38:50,100528,7,,0,,4,English,1000924,,0,0,,1,0,,2,353,(GMT 2:00) South Africa Standard Time (Africa/Johannesburg),True
694,@EG@ea24f49689f015da794227ca5afc4b7b,,Paul karicho,1112,Kenya,1000923,,KES,77,Kenyan Shilling,KES,,dd/MM/yyyy,2,,,2025-10-06 05:00:00,"#,###.##",DD/MM/YYYY,2025-10-06 08:32:38,2025-10-06 08:32:38,100527,4,,0,,4,English,1000923,,0,0,,1,0,,3,394,(GMT 3:00) Eastern African Time (Africa/Addis_Ababa),True
693,@EG@ff6fceeaf43777b1070686ceda8efb2a,,Rasto shimaka,1112,Kenya,1000922,,KES,77,Kenyan Shilling,KES,,dd/MM/yyyy,2,,,2025-10-06 05:00:00,"#,###.##",DD/MM/YYYY,2025-10-06 08:25:50,2025-10-06 08:25:50,100526,2,,0,,4,English,1000922,,0,0,,1,0,,3,394,(GMT 3:00) Eastern African Time (Africa/Addis_Ababa),True
692,@EG@d24684f2e838a6f2a3a90a1a3a857e7d,,Elly cheruiyot,1112,Kenya,1000921,,KES,77,Kenyan Shilling,KES,,dd/MM/yyyy,2,,,2025-10-06 05:00:00,"#,###.##",DD/MM/YYYY,2025-10-06 08:12:08,2025-10-06 08:12:08,100525,30,,0,,4,English,1000921,,0,0,,1,0,,3,394,(GMT 3:00) Eastern African Time (Africa/Addis_Ababa),True
691,@EG@86c585b59efcbe7e538c1b3ac44cbabb,,Tee and tee,1112,Kenya,1000920,,KES,77,Kenyan Shilling,KES,,dd/MM/yyyy,2,,,2025-10-06 05:00:00,"#,###.##",DD/MM/YYYY,2025-10-06 08:01:40,2025-10-06 08:01:40,100524,5,,0,,4,English,1000920,,0,0,,1,0,,3,394,(GMT 3:00) Eastern African Time (Africa/Addis_Ababa),True
689,@EG@b5eaab7b50b43862bec580f07572e121,,Tuzo,1012,Armenia,1000918,,AMD,4,Armenian Dram,AMD,,dd/MM/yyyy,2,,,2025-10-06 04:00:00,"#.###,##",DD/MM/YYYY,2025-10-06 07:32:36,2025-10-06 07:32:36,100523,3,,0,,4,English,1000918,,0,0,,1,0,,4,430,(GMT 4:00) GMT+04:00 (Etc/GMT-4),True
687,@EG@d6026720cbee1e6c72c4794e8bcd969b,,Itare construction,1112,Kenya,1000916,,KES,77,Kenyan Shilling,KES,,dd/MM/yyyy,2,,,2025-10-06 05:00:00,"#,###.##",DD/MM/YYYY,2025-10-06 06:58:34,2025-10-06 06:58:34,100522,6,,0,,4,English,1000916,,0,0,,1,0,,3,394,(GMT 3:00) Eastern African Time (Africa/Addis_Ababa),True
686,@EG@3036e33ba00d1c57fb5bd88b01794a7c,,Euclid Otube,1112,Kenya,1000915,,KES,77,Kenyan Shilling,KES,,dd/MM/yyyy,2,,,2025-10-06 05:00:00,"#,###.##",DD/MM/YYYY,2025-10-06 06:45:46,2025-10-06 06:45:46,100521,3,,0,,4,English,1000915,,0,0,,1,0,,3,394,(GMT 3:00) Eastern African Time (Africa/Addis_Ababa),True
684,@EG@739f9c920f32485ad830ef42c5149644,,Kinondo,1112,Kenya,1000913,,KES,77,Kenyan Shilling,KES,,dd/MM/yyyy,2,,,2025-10-06 05:00:00,"#,###.##",DD/MM/YYYY,2025-10-06 06:43:03,2025-10-06 06:43:03,100520,7,,0,,4,English,1000913,,0,0,,1,0,,3,394,(GMT 3:00) Eastern African Time (Africa/Addis_Ababa),True
682,@EG@3b66e176d0994d4cffaac0043427d872,,Bidii Auto garage,1112,Kenya,1000911,,KES,77,Kenyan Shilling,KES,,dd/MM/yyyy,2,,,2025-10-06 05:00:00,"#,###.##",DD/MM/YYYY,2025-10-06 06:39:22,2025-10-06 06:39:22,100518,2,,0,,4,English,1000911,,0,0,,1,0,,3,394,(GMT 3:00) Eastern African Time (Africa/Addis_Ababa),True
681,@EG@32c59fcc397a32b57f36fc84c671cecd,,Kalama Masha,1112,Kenya,1000910,,KES,77,Kenyan Shilling,KES,,dd/MM/yyyy,2,,,2025-10-06 05:00:00,"#,###.##",DD/MM/YYYY,2025-10-06 06:39:41,2025-10-06 06:39:41,100519,2,,0,,4,English,1000910,,0,0,,1,0,,3,394,(GMT 3:00) Eastern African Time (Africa/Addis_Ababa),True
678,@EG@30c132416ac062e55da8a6a8f9adcedf,,Aarron,1112,Kenya,1000907,,KES,77,Kenyan Shilling,KES,,dd/MM/yyyy,2,,,2025-10-06 05:00:00,"#,###.##",DD/MM/YYYY,2025-10-06 06:22:01,2025-10-06 06:22:01,100517,6,,0,,4,English,1000907,,0,0,,1,0,,3,394,(GMT 3:00) Eastern African Time (Africa/Addis_Ababa),True
674,@EG@37b5c7cceb504865c404b5b1afddbbf6,,Boaker Hashim,1112,Kenya,1000903,,KES,77,Kenyan Shilling,KES,,dd/MM/yyyy,2,,,2025-10-06 05:00:00,"#,###.##",DD/MM/YYYY,2025-10-06 05:59:26,2025-10-06 05:59:26,100516,1,,0,,4,English,1000903,,0,0,,1,0,,3,394,(GMT 3:00) Eastern African Time (Africa/Addis_Ababa),True
673,@EG@1c2cb371e88baaf998f2fc832fdabfd0,,Wangari,1112,Kenya,1000902,,KES,77,Kenyan Shilling,KES,,dd/MM/yyyy,2,,,2025-10-06 05:00:00,"#,###.##",DD/MM/YYYY,2025-10-06 05:50:18,2025-10-06 05:50:18,100515,4,,0,,4,English,1000902,,0,0,,1,0,,3,394,(GMT 3:00) Eastern African Time (Africa/Addis_Ababa),True
671,@EG@c2dd44f0e67c96ef378379d96e6423fc,,Hassan,1112,Kenya,1000900,,KES,77,Kenyan Shilling,KES,,dd/MM/yyyy,2,,,2025-10-06 05:00:00,"#,###.##",DD/MM/YYYY,2025-10-06 05:42:45,2025-10-06 05:42:45,100513,34,,0,,4,English,1000900,,0,0,,1,0,,3,394,(GMT 3:00) Eastern African Time (Africa/Addis_Ababa),True
670,@EG@e6ee8d098d1a954e255108df795c27f8,,pius mutharimi,1112,Kenya,1000899,,KES,77,Kenyan Shilling,KES,,dd/MM/yyyy,2,,,2025-10-06 05:00:00,"#,###.##",DD/MM/YYYY,2025-10-06 05:43:37,2025-10-06 05:43:37,100514,4,,0,,4,English,1000899,,0,0,,1,0,,3,394,(GMT 3:00) Eastern African Time (Africa/Addis_Ababa),True
669,@EG@a926a1cf0738f74cf2facfd785dd080c,,Bxx,1112,Kenya,1000898,,KES,77,Kenyan Shilling,KES,,dd/MM/yyyy,2,,,2025-10-06 05:00:00,"#,###.##",DD/MM/YYYY,2025-10-06 05:23:56,2025-10-06 05:23:56,100511,7,,0,,4,English,1000898,,0,0,,1,0,,3,394,(GMT 3:00) Eastern African Time (Africa/Addis_Ababa),True
668,@EG@b6008d1d342e53d2016819d76b8427a9,,Skyhomes investment agency,1112,Kenya,1000897,,KES,77,Kenyan Shilling,KES,,dd/MM/yyyy,2,,,2025-10-06 05:00:00,"#,###.##",DD/MM/YYYY,2025-10-06 05:24:54,2025-10-06 05:24:54,100512,1,,0,,4,English,1000897,,0,0,,1,0,,3,394,(GMT 3:00) Eastern African Time (Africa/Addis_Ababa),True
666,@EG@e0910fdd6c101bfca8ddc105a7855805,,Saida Issa,1112,Kenya,1000895,,KES,77,Kenyan Shilling,KES,,dd/MM/yyyy,2,,,2025-10-06 05:00:00,"#,###.##",DD/MM/YYYY,2025-10-06 05:23:03,2025-10-06 05:23:03,100510,14,,0,,4,English,1000895,,0,0,,1,0,,3,394,(GMT 3:00) Eastern African Time (Africa/Addis_Ababa),True
662,@EG@c38a8ab171490db6cebb154325bdff0f,,Beurah Nyarangi,1112,Kenya,1000891,,KES,77,Kenyan Shilling,KES,,dd/MM/yyyy,2,,,2025-10-06 05:00:00,"#,###.##",DD/MM/YYYY,2025-10-06 05:14:00,2025-10-06 05:14:00,100509,7,,0,,4,English,1000891,,0,0,,1,0,,3,394,(GMT 3:00) Eastern African Time (Africa/Addis_Ababa),True
658,@EG@03b65e25f6c29b14589c381f632869b1,,Ancent ndeti wanbua,1112,Kenya,1000887,,KES,77,Kenyan Shilling,KES,,dd/MM/yyyy,2,,,2025-10-06 05:00:00,"#,###.##",DD/MM/YYYY,2025-10-06 05:10:51,2025-10-06 05:10:51,100507,30,,0,,4,English,1000887,,0,0,,1,0,,3,394,(GMT 3:00) Eastern African Time (Africa/Addis_Ababa),True
656,@EG@db3ffcdbf129ac5a0f3f291f5d7c4fed,,Digiopinion,1112,Kenya,1000885,,KES,77,Kenyan Shilling,KES,,dd/MM/yyyy,2,,,2025-10-06 05:00:00,"#,###.##",DD/MM/YYYY,2025-10-06 05:11:37,2025-10-06 05:11:37,100508,15,,0,,4,English,1000885,,0,0,,1,0,,3,394,(GMT 3:00) Eastern African Time (Africa/Addis_Ababa),True
655,@EG@528a90bbc015350109fe96c2eaa9748d,,Anny's shop,1112,Kenya,1000884,,KES,77,Kenyan Shilling,KES,,dd/MM/yyyy,2,,,2025-10-06 05:00:00,"#,###.##",DD/MM/YYYY,2025-10-06 05:08:15,2025-10-06 05:08:15,100506,7,,0,,4,English,1000884,,0,0,,1,0,,3,394,(GMT 3:00) Eastern African Time (Africa/Addis_Ababa),True
653,@EG@56bd957cbdd259c1815efdc9e7103327,,Samkor,1196,South Africa,1000882,,ZAR,171,South African Rand,R,,yyyy-MM-dd,2,,,2025-10-06 06:00:00,"#.###,##",YYYY-MM-DD,2025-10-06 05:05:27,2025-10-06 05:05:27,100505,7,,0,,4,English,1000882,,0,0,,1,0,,2,353,(GMT 2:00) South Africa Standard Time (Africa/Johannesburg),True
652,@EG@27d32cdcfa956aaba510566da36ada9a,,Max Williams,1112,Kenya,1000881,,KES,77,Kenyan Shilling,KES,,dd/MM/yyyy,2,,,2025-10-06 05:00:00,"#,###.##",DD/MM/YYYY,2025-10-06 05:05:15,2025-10-06 05:05:15,100504,7,,0,,4,English,1000881,,0,0,,1,0,,3,394,(GMT 3:00) Eastern African Time (Africa/Addis_Ababa),True
651,@EG@996bb6c40cf09ba65222b6916ea6d248,,Kiptoo Eliud,1112,Kenya,1000880,,KES,77,Kenyan Shilling,KES,,dd/MM/yyyy,2,,,2025-10-06 05:00:00,"#,###.##",DD/MM/YYYY,2025-10-06 02:06:04,2025-10-06 02:06:04,100503,2,,0,,4,English,1000880,,0,0,,1,0,,3,394,(GMT 3:00) Eastern African Time (Africa/Addis_Ababa),True
649,@EG@60fe90c823a8e04403621c4f04245111,,Solomon Mukenzi,1112,Kenya,1000878,,KES,77,Kenyan Shilling,KES,,dd/MM/yyyy,2,,,2025-10-05 05:00:00,"#,###.##",DD/MM/YYYY,2025-10-05 18:49:43,2025-10-05 18:49:43,100502,16,,0,,4,English,1000878,,0,0,,1,0,,3,394,(GMT 3:00) Eastern African Time (Africa/Addis_Ababa),True
648,@EG@5954c2e73f6a544be5fbc88e0c48431f,,Vincent kipngeno rono,1112,Kenya,1000877,,KES,77,Kenyan Shilling,KES,,dd/MM/yyyy,2,,,2025-10-05 05:00:00,"#,###.##",DD/MM/YYYY,2025-10-05 18:19:52,2025-10-05 18:19:52,100501,2,,0,,4,English,1000877,,0,0,,1,0,,3,394,(GMT 3:00) Eastern African Time (Africa/Addis_Ababa),True
647,@EG@4c92959fd299fa6c52bee97498a2da32,,test,1112,Kenya,1000876,,KES,77,Kenyan Shilling,KES,,dd/MM/yyyy,2,,,2025-10-05 05:00:00,"#,###.##",DD/MM/YYYY,2025-10-05 17:42:10,2025-10-05 17:42:10,100500,7,,0,,4,English,1000876,,0,0,,1,0,,3,394,(GMT 3:00) Eastern African Time (Africa/Addis_Ababa),True
646,@EG@baa0bc235c0c9fcc583f3f2c273907f8,,Nizigiyimana incubateur,1112,Kenya,1000875,,KES,77,Kenyan Shilling,KES,,dd/MM/yyyy,2,,,2025-10-05 05:00:00,"#,###.##",DD/MM/YYYY,2025-10-05 16:42:39,2025-10-05 16:42:39,100499,30,,0,,4,English,1000875,,0,0,,1,0,,3,394,(GMT 3:00) Eastern African Time (Africa/Addis_Ababa),True
645,@EG@2309bf3959ac2ac321d563e6ec81f6ed,,Public hospital,1112,Kenya,1000874,,KES,77,Kenyan Shilling,KES,,dd/MM/yyyy,2,,,2025-10-05 05:00:00,"#,###.##",DD/MM/YYYY,2025-10-05 16:40:44,2025-10-05 16:40:44,100498,10,,0,,4,English,1000874,,0,0,,1,0,,3,394,(GMT 3:00) Eastern African Time (Africa/Addis_Ababa),True
644,@EG@4afd0cbb6ece9caab8044b3e00eb49de,,karabati,1112,Kenya,1000873,,KES,77,Kenyan Shilling,KES,,dd/MM/yyyy,2,,,2025-10-05 05:00:00,"#,###.##",DD/MM/YYYY,2025-10-05 16:17:26,2025-10-05 16:17:26,100497,6,,0,,4,English,1000873,,0,0,,1,0,,3,394,(GMT 3:00) Eastern African Time (Africa/Addis_Ababa),True
642,@EG@1d9705b7fa72ebf6961b0484fc477eb9,,Own,1112,Kenya,1000871,,KES,77,Kenyan Shilling,KES,,dd/MM/yyyy,2,,,2025-10-05 05:00:00,"#,###.##",DD/MM/YYYY,2025-10-05 14:50:44,2025-10-05 14:50:44,100496,15,,0,,4,English,1000871,,0,0,,1,0,,3,394,(GMT 3:00) Eastern African Time (Africa/Addis_Ababa),True
641,@EG@3878a7da734d58f4688fca0eb363593f,,Collins Keter,1112,Kenya,1000870,,KES,77,Kenyan Shilling,KES,,dd/MM/yyyy,2,,,2025-10-05 05:00:00,"#,###.##",DD/MM/YYYY,2025-10-05 14:37:18,2025-10-05 14:37:18,100495,16,,0,,4,English,1000870,,0,0,,1,0,,3,394,(GMT 3:00) Eastern African Time (Africa/Addis_Ababa),True
640,@EG@c721681a2e4f1c8fc68cfa234921f4ab,,makhino trade com/Alibaba,1112,Kenya,1000869,,KES,77,Kenyan Shilling,KES,,dd/MM/yyyy,2,,,2025-10-05 05:00:00,"#,###.##",DD/MM/YYYY,2025-10-05 14:23:15,2025-10-05 14:23:15,100494,1,,0,,4,English,1000869,,0,0,,1,0,,3,394,(GMT 3:00) Eastern African Time (Africa/Addis_Ababa),True
639,@EG@d235e59187935663a2272c0cff411cae,,Online business,1112,Kenya,1000868,,KES,77,Kenyan Shilling,KES,,dd/MM/yyyy,2,,,2025-10-05 05:00:00,"#,###.##",DD/MM/YYYY,2025-10-05 14:12:01,2025-10-05 14:12:01,100493,6,,0,,4,English,1000868,,0,0,,1,0,,3,394,(GMT 3:00) Eastern African Time (Africa/Addis_Ababa),True
637,@EG@9b429aa590cc78e6b5e82460282d8d9c,,Windex,1196,South Africa,1000866,,ZAR,171,South African Rand,R,,yyyy-MM-dd,2,,,2025-10-05 06:00:00,"#.###,##",YYYY-MM-DD,2025-10-05 14:02:57,2025-10-05 14:02:57,100492,7,,0,,4,English,1000866,,0,0,,1,0,,2,353,(GMT 2:00) South Africa Standard Time (Africa/Johannesburg),True
636,@EG@26ff36412940de5cb6c672980226c6f0,,Platinum,1112,Kenya,1000865,,KES,77,Kenyan Shilling,KES,,dd/MM/yyyy,2,,,2025-10-05 05:00:00,"#,###.##",DD/MM/YYYY,2025-10-05 13:56:41,2025-10-05 13:56:41,100491,6,,0,,4,English,1000865,,0,0,,1,0,,3,394,(GMT 3:00) Eastern African Time (Africa/Addis_Ababa),True
635,@EG@f6a66820eb276f0993875fa8ee8b0f11,,Smarter,1196,South Africa,1000864,,ZAR,171,South African Rand,R,,yyyy-MM-dd,2,,,2025-10-05 06:00:00,"#.###,##",YYYY-MM-DD,2025-10-05 13:43:21,2025-10-05 13:43:21,100489,5,,0,,4,English,1000864,,0,0,,1,0,,2,353,(GMT 2:00) South Africa Standard Time (Africa/Johannesburg),True
634,@EG@a50c6fe401c1a3798aa5766cb3217e9a,,Security J.P.S japa,1112,Kenya,1000863,,KES,77,Kenyan Shilling,KES,,dd/MM/yyyy,2,,,2025-10-05 05:00:00,"#,###.##",DD/MM/YYYY,2025-10-05 13:44:04,2025-10-05 13:44:04,100490,1,,0,,4,English,1000863,,0,0,,1,0,,3,394,(GMT 3:00) Eastern African Time (Africa/Addis_Ababa),True
632,@EG@5378692377441c799761a8bc8a81a58b,,Retail,1112,Kenya,1000861,,KES,77,Kenyan Shilling,KES,,dd/MM/yyyy,2,,,2025-10-05 05:00:00,"#,###.##",DD/MM/YYYY,2025-10-05 13:25:32,2025-10-05 13:25:32,100488,14,,0,,4,English,1000861,,0,0,,1,0,,3,394,(GMT 3:00) Eastern African Time (Africa/Addis_Ababa),True
631,@EG@e0bb3371342ad8c3fbc13889a7c2c3dd,,ieSIM,1112,Kenya,1000860,,KES,77,Kenyan Shilling,KES,,dd/MM/yyyy,2,,,2025-10-05 05:00:00,"#,###.##",DD/MM/YYYY,2025-10-05 13:20:38,2025-10-05 13:20:38,100487,34,,0,,4,English,1000860,,0,0,,1,0,,3,394,(GMT 3:00) Eastern African Time (Africa/Addis_Ababa),True
630,@EG@11592dbcab74f7d877e1e14e47163c41,,Afex,1112,Kenya,1000859,,KES,77,Kenyan Shilling,KES,,dd/MM/yyyy,2,,,2025-10-05 05:00:00,"#,###.##",DD/MM/YYYY,2025-10-05 13:15:01,2025-10-05 13:15:01,100486,30,,0,,4,English,1000859,,0,0,,1,0,,3,394,(GMT 3:00) Eastern African Time (Africa/Addis_Ababa),True
629,@EG@bc9ae552ebacb82e88bbd8d80d35be42,,Gerald Ndunda Ndung'u,1112,Kenya,1000858,,KES,77,Kenyan Shilling,KES,,dd/MM/yyyy,2,,,2025-10-05 05:00:00,"#,###.##",DD/MM/YYYY,2025-10-05 12:28:53,2025-10-05 12:28:53,100485,2,,0,,4,English,1000858,,0,0,,1,0,,3,394,(GMT 3:00) Eastern African Time (Africa/Addis_Ababa),True
628,@EG@b1266d7e1a119ddd5ee570c9c1e15b54,,Platinum credit ltd,1196,South Africa,1000857,,ZAR,171,South African Rand,R,,yyyy-MM-dd,2,,,2025-10-05 06:00:00,"#.###,##",YYYY-MM-DD,2025-10-05 12:05:07,2025-10-05 12:05:07,100484,6,,0,,4,English,1000857,,0,0,,1,0,,2,353,(GMT 2:00) South Africa Standard Time (Africa/Johannesburg),True
627,@EG@88be3317804ce53d63204506e1f6c33a,,Johnies,1112,Kenya,1000856,,KES,77,Kenyan Shilling,KES,,dd/MM/yyyy,2,,,2025-10-05 05:00:00,"#,###.##",DD/MM/YYYY,2025-10-05 11:52:35,2025-10-05 11:52:35,100483,2,,0,,4,English,1000856,,0,0,,1,0,,3,394,(GMT 3:00) Eastern African Time (Africa/Addis_Ababa),True
626,@EG@ca1c1d9d2e0bcc61df9bc6282c865fff,,Abdirahman hassan,1112,Kenya,1000855,,KES,77,Kenyan Shilling,KES,,dd/MM/yyyy,2,,,2025-10-14 05:00:00,"#,###.##",DD/MM/YYYY,2025-10-14 10:59:25,2025-10-14 10:59:25,101219,1,,0,,4,English,1000855,,0,0,,1,0,,3,394,(GMT 3:00) Eastern African Time (Africa/Addis_Ababa),True
625,@EG@944d41c44203fff65ed5da98453b81df,,Jaredenterprises,1112,Kenya,1000854,,KES,77,Kenyan Shilling,KES,,dd/MM/yyyy,2,,,2025-10-05 05:00:00,"#,###.##",DD/MM/YYYY,2025-10-05 11:08:47,2025-10-05 11:08:47,100482,27,,0,,4,English,1000854,,0,0,,1,0,,3,394,(GMT 3:00) Eastern African Time (Africa/Addis_Ababa),True
624,@EG@b55a301d17b8a76a71edc3d0b57c6df5,,Michael Nyongesa,1112,Kenya,1000853,,KES,77,Kenyan Shilling,KES,,dd/MM/yyyy,2,,,2025-10-05 05:00:00,"#,###.##",DD/MM/YYYY,2025-10-05 11:04:24,2025-10-05 11:04:24,100481,34,,0,,4,English,1000853,,0,0,,1,0,,3,394,(GMT 3:00) Eastern African Time (Africa/Addis_Ababa),True
623,@EG@7fe2a3c79985237ef9844f1acf64a300,,Mwanthi Catherine,1112,Kenya,1000852,,KES,77,Kenyan Shilling,KES,,dd/MM/yyyy,2,,,2025-10-05 05:00:00,"#,###.##",DD/MM/YYYY,2025-10-05 10:36:20,2025-10-05 10:36:20,100480,6,,0,,4,English,1000852,,0,0,,1,0,,3,394,(GMT 3:00) Eastern African Time (Africa/Addis_Ababa),True
621,@EG@a3755083a8c7b593409a65fedb31944c,,ELIAS ARAKA,1112,Kenya,1000850,,KES,77,Kenyan Shilling,KES,,dd/MM/yyyy,2,,,2025-10-05 05:00:00,"#,###.##",DD/MM/YYYY,2025-10-05 09:52:06,2025-10-05 09:52:06,100479,1,,0,,4,English,1000850,,0,0,,1,0,,3,394,(GMT 3:00) Eastern African Time (Africa/Addis_Ababa),True
619,@EG@fee684fcfdfe917dd1950e04da03ee3a,,Siginon,1112,Kenya,1000848,,KES,77,Kenyan Shilling,KES,,dd/MM/yyyy,2,,,2025-10-05 05:00:00,"#,###.##",DD/MM/YYYY,2025-10-05 09:22:20,2025-10-05 09:22:20,100478,15,,0,,4,English,1000848,,0,0,,1,0,,3,394,(GMT 3:00) Eastern African Time (Africa/Addis_Ababa),True
618,@EG@9791501c984aa7ce0a4e0cfa21dd407c,,George Ndzaih,1112,Kenya,1000847,,KES,77,Kenyan Shilling,KES,,dd/MM/yyyy,2,,,2025-10-05 05:00:00,"#,###.##",DD/MM/YYYY,2025-10-05 09:09:41,2025-10-05 09:09:41,100477,10,,0,,4,English,1000847,,0,0,,1,0,,3,394,(GMT 3:00) Eastern African Time (Africa/Addis_Ababa),True
617,@EG@0b85227808e6fe055f218674ebed940c,,Jbs company limited,1112,Kenya,1000846,,KES,77,Kenyan Shilling,KES,,dd/MM/yyyy,2,,,2025-10-05 05:00:00,"#,###.##",DD/MM/YYYY,2025-10-05 09:05:04,2025-10-05 09:05:04,100476,1,,0,,4,English,1000846,,0,0,,1,0,,3,394,(GMT 3:00) Eastern African Time (Africa/Addis_Ababa),True
615,@EG@00216dd27df4ac68b132d304e05f56d5,,The bridge carwash,1112,Kenya,1000844,,KES,77,Kenyan Shilling,KES,,dd/MM/yyyy,2,,,2025-10-05 05:00:00,"#,###.##",DD/MM/YYYY,2025-10-05 09:01:39,2025-10-05 09:01:39,100475,1,,0,,4,English,1000844,,0,0,,1,0,,3,394,(GMT 3:00) Eastern African Time (Africa/Addis_Ababa),True
614,@EG@268e89b096333a32a6859c723943d726,,Sharon,1112,Kenya,1000843,,KES,77,Kenyan Shilling,KES,,dd/MM/yyyy,2,,,2025-10-05 05:00:00,"#,###.##",DD/MM/YYYY,2025-10-05 09:00:44,2025-10-05 09:00:44,100474,6,,0,,4,English,1000843,,0,0,,1,0,,3,394,(GMT 3:00) Eastern African Time (Africa/Addis_Ababa),True
612,@EG@64b0f02422c706974fa439fdc1bdc36c,,tarmal,1112,Kenya,1000841,,KES,77,Kenyan Shilling,KES,,dd/MM/yyyy,2,,,2025-10-05 05:00:00,"#,###.##",DD/MM/YYYY,2025-10-05 08:56:14,2025-10-05 08:56:14,100473,15,,0,,4,English,1000841,,0,0,,1,0,,3,394,(GMT 3:00) Eastern African Time (Africa/Addis_Ababa),True
610,@EG@94dfbbd9b3633b835800de183576d352,,Fresha,1112,Kenya,1000839,,KES,77,Kenyan Shilling,KES,,dd/MM/yyyy,2,,,2025-10-05 05:00:00,"#,###.##",DD/MM/YYYY,2025-10-05 08:36:27,2025-10-05 08:36:27,100472,1,,0,,4,English,1000839,,0,0,,1,0,,3,394,(GMT 3:00) Eastern African Time (Africa/Addis_Ababa),True
608,@EG@40fe2da8189c75b88a3157eab27f0cd3,,First machine,1112,Kenya,1000837,,KES,77,Kenyan Shilling,KES,,dd/MM/yyyy,2,,,2025-10-05 05:00:00,"#,###.##",DD/MM/YYYY,2025-10-05 08:10:43,2025-10-05 08:10:43,100471,2,,0,,4,English,1000837,,0,0,,1,0,,3,394,(GMT 3:00) Eastern African Time (Africa/Addis_Ababa),True
607,@EG@55279b50569aaf4f3ac422615c76f926,,Evans kipkorir,1112,Kenya,1000836,,KES,77,Kenyan Shilling,KES,,dd/MM/yyyy,2,,,2025-10-05 05:00:00,"#,###.##",DD/MM/YYYY,2025-10-05 08:06:12,2025-10-05 08:06:12,100470,1,,0,,4,English,1000836,,0,0,,1,0,,3,394,(GMT 3:00) Eastern African Time (Africa/Addis_Ababa),True
604,@EG@7a22f4530ce4c3f2993c8cdc12baaf9f,,Gardaworld,1112,Kenya,1000833,,KES,77,Kenyan Shilling,KES,,dd/MM/yyyy,2,,,2025-10-05 05:00:00,"#,###.##",DD/MM/YYYY,2025-10-05 07:52:06,2025-10-05 07:52:06,100469,6,,0,,4,English,1000833,,0,0,,1,0,,3,394,(GMT 3:00) Eastern African Time (Africa/Addis_Ababa),True
602,@EG@754d4210b1f5325d661cfd3e5f8467ac,,John mwangi,1112,Kenya,1000831,,KES,77,Kenyan Shilling,KES,,dd/MM/yyyy,2,,,2025-10-05 05:00:00,"#,###.##",DD/MM/YYYY,2025-10-05 07:44:38,2025-10-05 07:44:38,100468,2,,0,,4,English,1000831,,0,0,,1,0,,3,394,(GMT 3:00) Eastern African Time (Africa/Addis_Ababa),True
601,@EG@b0bd3b9ef36e9a6581083c0777593eb9,,Jeff Hamilton,1112,Kenya,1000830,,KES,77,Kenyan Shilling,KES,,dd/MM/yyyy,2,,,2025-10-05 05:00:00,"#,###.##",DD/MM/YYYY,2025-10-05 07:44:27,2025-10-05 07:44:27,100467,16,,0,,4,English,1000830,,0,0,,1,0,,3,394,(GMT 3:00) Eastern African Time (Africa/Addis_Ababa),True
600,@EG@77efc3d13acfc550459d1df5181bff3f,,Mkopo,1112,Kenya,1000829,,KES,77,Kenyan Shilling,KES,,dd/MM/yyyy,2,,,2025-10-05 05:00:00,"#,###.##",DD/MM/YYYY,2025-10-05 07:38:09,2025-10-05 07:38:09,100466,4,,0,,4,English,1000829,,0,0,,1,0,,3,394,(GMT 3:00) Eastern African Time (Africa/Addis_Ababa),True
599,@EG@14c1658a209e6dce36431263f7e07349,,Joseph,1112,Kenya,1000828,,KES,77,Kenyan Shilling,KES,,dd/MM/yyyy,2,,,2025-10-05 05:00:00,"#,###.##",DD/MM/YYYY,2025-10-05 07:27:08,2025-10-05 07:27:08,100465,1,,0,,4,English,1000828,,0,0,,1,0,,3,394,(GMT 3:00) Eastern African Time (Africa/Addis_Ababa),True
598,@EG@30e3f276619622b233e556c9852d5aab,,Johnson,1112,Kenya,1000827,,KES,77,Kenyan Shilling,KES,,dd/MM/yyyy,2,,,2025-10-05 05:00:00,"#,###.##",DD/MM/YYYY,2025-10-05 07:25:32,2025-10-05 07:25:32,100464,22,,0,,4,English,1000827,,0,0,,1,0,,3,394,(GMT 3:00) Eastern African Time (Africa/Addis_Ababa),True
597,@EG@ee9518159033ccf3bd8c7ad71061acad,,Kathituni school,1112,Kenya,1000826,,KES,77,Kenyan Shilling,KES,,dd/MM/yyyy,2,,,2025-10-05 05:00:00,"#,###.##",DD/MM/YYYY,2025-10-05 07:16:06,2025-10-05 07:16:06,100463,4,,0,,4,English,1000826,,0,0,,1,0,,3,394,(GMT 3:00) Eastern African Time (Africa/Addis_Ababa),True
596,@EG@a5db254e543b6f06cff70df21bf03452,,Kennedy kilonzo kinywa,1112,Kenya,1000825,,KES,77,Kenyan Shilling,KES,,dd/MM/yyyy,2,,,2025-10-05 05:00:00,"#,###.##",DD/MM/YYYY,2025-10-05 07:03:58,2025-10-05 07:03:58,100462,1,,0,,4,English,1000825,,0,0,,1,0,,3,394,(GMT 3:00) Eastern African Time (Africa/Addis_Ababa),True
595,@EG@71dbc72629652f91c152fe5a58dbeac1,,Gladys,1112,Kenya,1000824,,KES,77,Kenyan Shilling,KES,,dd/MM/yyyy,2,,,2025-10-05 05:00:00,"#,###.##",DD/MM/YYYY,2025-10-05 07:01:01,2025-10-05 07:01:01,100461,7,,0,,4,English,1000824,,0,0,,1,0,,3,394,(GMT 3:00) Eastern African Time (Africa/Addis_Ababa),True
593,@EG@708e6e4c7936605f3756d22ab9241dc2,,Germany,1112,Kenya,1000822,,KES,77,Kenyan Shilling,KES,,dd/MM/yyyy,2,,,2025-10-05 05:00:00,"#,###.##",DD/MM/YYYY,2025-10-05 06:47:18,2025-10-05 06:47:18,100460,1,,0,,4,English,1000822,,0,0,,1,0,,3,394,(GMT 3:00) Eastern African Time (Africa/Addis_Ababa),True
592,@EG@f7194b37244fc135b9b6dab9f651049f,,Maguna adu,1112,Kenya,1000821,,KES,77,Kenyan Shilling,KES,,dd/MM/yyyy,2,,,2025-10-05 05:00:00,"#,###.##",DD/MM/YYYY,2025-10-05 06:45:25,2025-10-05 06:45:25,100459,7,,0,,4,English,1000821,,0,0,,1,0,,3,394,(GMT 3:00) Eastern African Time (Africa/Addis_Ababa),True
590,@EG@b610591c6b304c5a5b18f24e1a2a8282,,Simon Ngumo,1112,Kenya,1000819,,KES,77,Kenyan Shilling,KES,,dd/MM/yyyy,2,,,2025-10-05 05:00:00,"#,###.##",DD/MM/YYYY,2025-10-05 06:30:20,2025-10-05 06:30:20,100458,1,,0,,4,English,1000819,,0,0,,1,0,,3,394,(GMT 3:00) Eastern African Time (Africa/Addis_Ababa),True
587,@EG@55686e919947acdbce1bc6b96f25f91a,,Titus mwaniki kasomba,1112,Kenya,1000816,,KES,77,Kenyan Shilling,KES,,dd/MM/yyyy,2,,,2025-10-05 05:00:00,"#,###.##",DD/MM/YYYY,2025-10-05 06:21:57,2025-10-05 06:21:57,100457,30,,0,,4,English,1000816,,0,0,,1,0,,3,394,(GMT 3:00) Eastern African Time (Africa/Addis_Ababa),True
586,@EG@2199b137509948b662d5234357ee766e,,William,1112,Kenya,1000815,,KES,77,Kenyan Shilling,KES,,dd/MM/yyyy,2,,,2025-10-05 05:00:00,"#,###.##",DD/MM/YYYY,2025-10-05 06:10:18,2025-10-05 06:10:18,100456,34,,0,,4,English,1000815,,0,0,,1,0,,3,394,(GMT 3:00) Eastern African Time (Africa/Addis_Ababa),True
585,@EG@899ec9a63e244c77b06f265601b13e94,,Ruth,1112,Kenya,1000814,,KES,77,Kenyan Shilling,KES,,dd/MM/yyyy,2,,,2025-10-05 05:00:00,"#,###.##",DD/MM/YYYY,2025-10-05 06:04:22,2025-10-05 06:04:22,100455,4,,0,,4,English,1000814,,0,0,,1,0,,3,394,(GMT 3:00) Eastern African Time (Africa/Addis_Ababa),True
584,@EG@0d4c7ff1d40419a9010088bf2017f8b4,,JOb staker,1112,Kenya,1000813,,KES,77,Kenyan Shilling,KES,,dd/MM/yyyy,2,,,2025-10-05 05:00:00,"#,###.##",DD/MM/YYYY,2025-10-05 05:50:26,2025-10-05 05:50:26,100454,4,,0,,4,English,1000813,,0,0,,1,0,,3,394,(GMT 3:00) Eastern African Time (Africa/Addis_Ababa),True
583,@EG@e748fd96b3bb623bf5065baf2d4c8041,,I don't have a company,1112,Kenya,1000812,,KES,77,Kenyan Shilling,KES,,dd/MM/yyyy,2,,,2025-10-05 05:00:00,"#,###.##",DD/MM/YYYY,2025-10-05 05:48:43,2025-10-05 05:48:43,100453,4,,0,,4,English,1000812,,0,0,,1,0,,3,394,(GMT 3:00) Eastern African Time (Africa/Addis_Ababa),True
582,@EG@be0bb2520d6a29ddea253089a905fd5a,,Catherine Mwaura,1112,Kenya,1000811,,KES,77,Kenyan Shilling,KES,,dd/MM/yyyy,2,,,2025-10-05 05:00:00,"#,###.##",DD/MM/YYYY,2025-10-05 05:47:04,2025-10-05 05:47:04,100452,3,,0,,4,English,1000811,,0,0,,1,0,,3,394,(GMT 3:00) Eastern African Time (Africa/Addis_Ababa),True
580,@EG@5257a94f1ba159880ccce2a567679426,,Wendy Gitonga,1112,Kenya,1000809,,KES,77,Kenyan Shilling,KES,,dd/MM/yyyy,2,,,2025-10-05 05:00:00,"#,###.##",DD/MM/YYYY,2025-10-05 05:32:38,2025-10-05 05:32:38,100451,10,,0,,4,English,1000809,,0,0,,1,0,,3,394,(GMT 3:00) Eastern African Time (Africa/Addis_Ababa),True
579,@EG@714da0260e549249cbe97c21f952bec3,,Kenzo enterprises,1112,Kenya,1000808,,KES,77,Kenyan Shilling,KES,,dd/MM/yyyy,2,,,2025-10-05 05:00:00,"#,###.##",DD/MM/YYYY,2025-10-05 05:20:25,2025-10-05 05:20:25,100450,2,,0,,4,English,1000808,,0,0,,1,0,,3,394,(GMT 3:00) Eastern African Time (Africa/Addis_Ababa),True
577,@EG@79231a482a6dd09332403bb0c9ff1106,,Konyango,1112,Kenya,1000806,,KES,77,Kenyan Shilling,KES,,dd/MM/yyyy,2,,,2025-10-05 05:00:00,"#,###.##",DD/MM/YYYY,2025-10-05 05:11:58,2025-10-05 05:11:58,100447,1,,0,,4,English,1000806,,0,0,,1,0,,3,394,(GMT 3:00) Eastern African Time (Africa/Addis_Ababa),True
575,@EG@02954702167f03139dbcfed7ee9228be,,Self employed,1112,Kenya,1000804,,KES,77,Kenyan Shilling,KES,,dd/MM/yyyy,2,,,2025-10-05 05:00:00,"#,###.##",DD/MM/YYYY,2025-10-05 05:17:35,2025-10-05 05:17:35,100449,1,,0,,4,English,1000804,,0,0,,1,0,,3,394,(GMT 3:00) Eastern African Time (Africa/Addis_Ababa),True
574,@EG@130b36a62a02563e2883e125554c8ce7,,Tatiananjeri30@gmail.com,1112,Kenya,1000803,,KES,77,Kenyan Shilling,KES,,dd/MM/yyyy,2,,,2025-10-05 05:00:00,"#,###.##",DD/MM/YYYY,2025-10-05 05:10:48,2025-10-05 05:10:48,100445,16,,0,,4,English,1000803,,0,0,,1,0,,3,394,(GMT 3:00) Eastern African Time (Africa/Addis_Ababa),True
572,@EG@a94fe06f6cf9793287568c936d86e10c,,hannah kahara,1112,Kenya,1000801,,KES,77,Kenyan Shilling,KES,,dd/MM/yyyy,2,,,2025-10-05 05:00:00,"#,###.##",DD/MM/YYYY,2025-10-05 05:12:36,2025-10-05 05:12:36,100448,7,,0,,4,English,1000801,,0,0,,1,0,,3,394,(GMT 3:00) Eastern African Time (Africa/Addis_Ababa),True
571,@EG@f3967dca6aecc91c8784e4641052ed5c,,GrabPoints.com,1112,Kenya,1000800,,KES,77,Kenyan Shilling,KES,,dd/MM/yyyy,2,,,2025-10-05 05:00:00,"#,###.##",DD/MM/YYYY,2025-10-05 05:11:49,2025-10-05 05:11:49,100446,34,,0,,4,English,1000800,,0,0,,1,0,,3,394,(GMT 3:00) Eastern African Time (Africa/Addis_Ababa),True
569,@EG@362589109a681e8773b84a392957e7dc,,JALO JAY,1112,Kenya,1000798,,KES,77,Kenyan Shilling,KES,,dd/MM/yyyy,2,,,2025-10-05 05:00:00,"#,###.##",DD/MM/YYYY,2025-10-05 05:07:49,2025-10-05 05:07:49,100444,5,,0,,4,English,1000798,,0,0,,1,0,,3,394,(GMT 3:00) Eastern African Time (Africa/Addis_Ababa),True
566,@EG@4a5f7ede55c2de5626ace5837ed4165c,,Mawada,1112,Kenya,1000795,,KES,77,Kenyan Shilling,KES,,dd/MM/yyyy,2,,,2025-10-05 05:00:00,"#,###.##",DD/MM/YYYY,2025-10-05 05:05:38,2025-10-05 05:05:38,100442,30,,0,,4,English,1000795,,0,0,,1,0,,3,394,(GMT 3:00) Eastern African Time (Africa/Addis_Ababa),True
564,@EG@c61eae2b7eb5ff6b912fe795f9817ec3,,Ziro,1112,Kenya,1000793,,KES,77,Kenyan Shilling,KES,,dd/MM/yyyy,2,,,2025-10-05 05:00:00,"#,###.##",DD/MM/YYYY,2025-10-05 05:05:46,2025-10-05 05:05:46,100443,5,,0,,4,English,1000793,,0,0,,1,0,,3,394,(GMT 3:00) Eastern African Time (Africa/Addis_Ababa),True
563,@EG@a559ecbe3acef8246a1d808e3560ac64,,Boss masikini colloboy,1112,Kenya,1000792,,KES,77,Kenyan Shilling,KES,,dd/MM/yyyy,2,,,2025-10-05 05:00:00,"#,###.##",DD/MM/YYYY,2025-10-05 02:19:42,2025-10-05 02:19:42,100441,5,,0,,4,English,1000792,,0,0,,1,0,,3,394,(GMT 3:00) Eastern African Time (Africa/Addis_Ababa),True
562,@EG@9c922ab9ce04970ea89dc86fc5aef944,,Daniel Maduhu,1112,Kenya,1000791,,KES,77,Kenyan Shilling,KES,,dd/MM/yyyy,2,,,2025-10-05 05:00:00,"#,###.##",DD/MM/YYYY,2025-10-05 01:35:28,2025-10-05 01:35:28,100440,1,,0,,4,English,1000791,,0,0,,1,0,,3,394,(GMT 3:00) Eastern African Time (Africa/Addis_Ababa),True
560,@EG@205a419d131abf3b14cfe2b043ca527c,,Kenyakite,1112,Kenya,1000789,,KES,77,Kenyan Shilling,KES,,dd/MM/yyyy,2,,,2025-10-04 05:00:00,"#,###.##",DD/MM/YYYY,2025-10-04 21:16:09,2025-10-04 21:16:09,100439,1,,0,,4,English,1000789,,0,0,,1,0,,3,394,(GMT 3:00) Eastern African Time (Africa/Addis_Ababa),True
559,@EG@4ef082d7571d5f4186c3485563ab5f76,,PLAN B COSMETICS,1112,Kenya,1000788,,KES,77,Kenyan Shilling,KES,,dd/MM/yyyy,2,,,2025-10-04 05:00:00,"#,###.##",DD/MM/YYYY,2025-10-04 20:17:40,2025-10-04 20:17:40,100438,15,,0,,4,English,1000788,,0,0,,1,0,,3,394,(GMT 3:00) Eastern African Time (Africa/Addis_Ababa),True
558,@EG@3eff24927a3512cf24abadbe73394c7c,,paraiso gardens hotel  wote,1112,Kenya,1000787,,KES,77,Kenyan Shilling,KES,,dd/MM/yyyy,2,,,2025-10-04 05:00:00,"#,###.##",DD/MM/YYYY,2025-10-04 19:10:17,2025-10-04 19:10:17,100437,7,,0,,4,English,1000787,,0,0,,1,0,,3,394,(GMT 3:00) Eastern African Time (Africa/Addis_Ababa),True
557,@EG@7d3c9288a63160b0e6cee0b37f8e4892,,GILBERT,1112,Kenya,1000786,,KES,77,Kenyan Shilling,KES,,dd/MM/yyyy,2,,,2025-10-04 05:00:00,"#,###.##",DD/MM/YYYY,2025-10-04 19:06:58,2025-10-04 19:06:58,100436,9,,0,,4,English,1000786,,0,0,,1,0,,3,394,(GMT 3:00) Eastern African Time (Africa/Addis_Ababa),True
555,@EG@60a25f7eaaa68f827a7e434b8fc13e14,,Maniragaba Juvenal,1112,Kenya,1000784,,KES,77,Kenyan Shilling,KES,,dd/MM/yyyy,2,,,2025-10-04 05:00:00,"#,###.##",DD/MM/YYYY,2025-10-04 18:58:38,2025-10-04 18:58:38,100435,2,,0,,4,English,1000784,,0,0,,1,0,,3,394,(GMT 3:00) Eastern African Time (Africa/Addis_Ababa),True
552,@EG@cafd2fea367b1ba271315895c1e1c9ac,,Madede auto & engeneering garage lmt,1112,Kenya,1000781,,KES,77,Kenyan Shilling,KES,,dd/MM/yyyy,2,,,2025-10-04 05:00:00,"#,###.##",DD/MM/YYYY,2025-10-04 18:47:19,2025-10-04 18:47:19,100433,2,,0,,4,English,1000781,,0,0,,1,0,,3,394,(GMT 3:00) Eastern African Time (Africa/Addis_Ababa),True
551,@EG@fc4119422eb6285e2ac4ad05f24007e7,,Mitchel Mutie,1112,Kenya,1000780,,KES,77,Kenyan Shilling,KES,,dd/MM/yyyy,2,,,2025-10-04 05:00:00,"#,###.##",DD/MM/YYYY,2025-10-04 18:48:30,2025-10-04 18:48:30,100434,30,,0,,4,English,1000780,,0,0,,1,0,,3,394,(GMT 3:00) Eastern African Time (Africa/Addis_Ababa),True
549,@EG@2e86a006b0066ec6f7b4f42102c9e1c5,,Mike's company,1112,Kenya,1000778,,KES,77,Kenyan Shilling,KES,,dd/MM/yyyy,2,,,2025-10-04 05:00:00,"#,###.##",DD/MM/YYYY,2025-10-04 18:39:48,2025-10-04 18:39:48,100432,7,,0,,4,English,1000778,,0,0,,1,0,,3,394,(GMT 3:00) Eastern African Time (Africa/Addis_Ababa),True
548,@EG@40355ec2afba1f6b0d977d0a831ac046,,Derbie22,1112,Kenya,1000777,,KES,77,Kenyan Shilling,KES,,dd/MM/yyyy,2,,,2025-10-04 05:00:00,"#,###.##",DD/MM/YYYY,2025-10-04 18:38:58,2025-10-04 18:38:58,100431,7,,0,,4,English,1000777,,0,0,,1,0,,3,394,(GMT 3:00) Eastern African Time (Africa/Addis_Ababa),True
546,@EG@a1e6aa9791119bae43aace306497acfa,,Kird,1112,Kenya,1000775,,KES,77,Kenyan Shilling,KES,,dd/MM/yyyy,2,,,2025-10-04 05:00:00,"#,###.##",DD/MM/YYYY,2025-10-04 18:33:12,2025-10-04 18:33:12,100430,34,,0,,4,English,1000775,,0,0,,1,0,,3,394,(GMT 3:00) Eastern African Time (Africa/Addis_Ababa),True
544,@EG@3cd6768fa3544b50f0b1e0e152bd2585,,Great,1112,Kenya,1000773,,KES,77,Kenyan Shilling,KES,,dd/MM/yyyy,2,,,2025-10-04 05:00:00,"#,###.##",DD/MM/YYYY,2025-10-04 18:21:29,2025-10-04 18:21:29,100428,4,,0,,4,English,1000773,,0,0,,1,0,,3,394,(GMT 3:00) Eastern African Time (Africa/Addis_Ababa),True
543,@EG@4f360006165b8d52742180bccc17ab52,,Anderson Kiptoo,1112,Kenya,1000772,,KES,77,Kenyan Shilling,KES,,dd/MM/yyyy,2,,,2025-10-04 05:00:00,"#,###.##",DD/MM/YYYY,2025-10-04 18:21:55,2025-10-04 18:21:55,100429,1,,0,,4,English,1000772,,0,0,,1,0,,3,394,(GMT 3:00) Eastern African Time (Africa/Addis_Ababa),True
542,@EG@427f57566f0db35c5d814729c61d49f5,,gube mwadzombobache,1112,Kenya,1000771,,KES,77,Kenyan Shilling,KES,,dd/MM/yyyy,2,,,2025-10-04 05:00:00,"#,###.##",DD/MM/YYYY,2025-10-04 18:13:09,2025-10-04 18:13:09,100427,1,,0,,4,English,1000771,,0,0,,1,0,,3,394,(GMT 3:00) Eastern African Time (Africa/Addis_Ababa),True
541,@EG@c080b48a0e686e2a807a8ca55cc4b5fa,,Vision marketing,1112,Kenya,1000770,,KES,77,Kenyan Shilling,KES,,dd/MM/yyyy,2,,,2025-10-04 05:00:00,"#,###.##",DD/MM/YYYY,2025-10-04 18:06:52,2025-10-04 18:06:52,100426,6,,0,,4,English,1000770,,0,0,,1,0,,3,394,(GMT 3:00) Eastern African Time (Africa/Addis_Ababa),True
539,@EG@0f0de62134493e23c61a1bc7daab4b43,,Mnyika Issa,1112,Kenya,1000768,,KES,77,Kenyan Shilling,KES,,dd/MM/yyyy,2,,,2025-10-04 05:00:00,"#,###.##",DD/MM/YYYY,2025-10-04 17:05:22,2025-10-04 17:05:22,100425,4,,0,,4,English,1000768,,0,0,,1,0,,3,394,(GMT 3:00) Eastern African Time (Africa/Addis_Ababa),True
536,@EG@8c5d7b65b26f2db9493a662af66502f2,,Tawakal Omar,1112,Kenya,1000765,,KES,77,Kenyan Shilling,KES,,dd/MM/yyyy,2,,,2025-10-04 05:00:00,"#,###.##",DD/MM/YYYY,2025-10-04 16:42:10,2025-10-04 16:42:10,100424,34,,0,,4,English,1000765,,0,0,,1,0,,3,394,(GMT 3:00) Eastern African Time (Africa/Addis_Ababa),True
535,@EG@356b7785a8dab6ec7168b6d92b4ca88e,,Eric Mayieka,1112,Kenya,1000764,,KES,77,Kenyan Shilling,KES,,dd/MM/yyyy,2,,,2025-10-04 05:00:00,"#,###.##",DD/MM/YYYY,2025-10-04 16:40:55,2025-10-04 16:40:55,100423,1,,0,,4,English,1000764,,0,0,,1,0,,3,394,(GMT 3:00) Eastern African Time (Africa/Addis_Ababa),True
532,@EG@9dc8db4a40d24706b1851ca474a6322e,,fredrick odhiambo,1112,Kenya,1000761,,KES,77,Kenyan Shilling,KES,,dd/MM/yyyy,2,,,2025-10-04 05:00:00,"#,###.##",DD/MM/YYYY,2025-10-04 16:06:37,2025-10-04 16:06:37,100422,9,,0,,4,English,1000761,,0,0,,1,0,,3,394,(GMT 3:00) Eastern African Time (Africa/Addis_Ababa),True
530,@EG@247c99040c473a1ebb6566887c0cc2d9,,1234tas59,1112,Kenya,1000759,,KES,77,Kenyan Shilling,KES,,dd/MM/yyyy,2,,,2025-10-04 05:00:00,"#,###.##",DD/MM/YYYY,2025-10-04 15:50:54,2025-10-04 15:50:54,100421,5,,0,,4,English,1000759,,0,0,,1,0,,3,394,(GMT 3:00) Eastern African Time (Africa/Addis_Ababa),True
526,@EG@1381e987302cc84a5e8d3f22c9e59222,,Claire Ogenya,1112,Kenya,1000754,,KES,77,Kenyan Shilling,KES,,dd/MM/yyyy,2,,,2025-10-04 05:00:00,"#,###.##",DD/MM/YYYY,2025-10-04 15:23:05,2025-10-04 15:23:05,100420,1,,0,,4,English,1000754,,0,0,,1,0,,3,394,(GMT 3:00) Eastern African Time (Africa/Addis_Ababa),True
525,@EG@29fea26bb30ce7a95c644c053e37626f,,N/B,1112,Kenya,1000753,,KES,77,Kenyan Shilling,KES,,dd/MM/yyyy,2,,,2025-10-04 05:00:00,"#,###.##",DD/MM/YYYY,2025-10-04 15:21:57,2025-10-04 15:21:57,100419,14,,0,,4,English,1000753,,0,0,,1,0,,3,394,(GMT 3:00) Eastern African Time (Africa/Addis_Ababa),True
524,@EG@6d8ec172c611598e33f7aff41ea5c108,,Church of Christ foundation ministries,1112,Kenya,1000752,,KES,77,Kenyan Shilling,KES,,dd/MM/yyyy,2,,,2025-10-04 05:00:00,"#,###.##",DD/MM/YYYY,2025-10-04 15:18:31,2025-10-04 15:18:31,100417,4,,0,,4,English,1000752,,0,0,,1,0,,3,394,(GMT 3:00) Eastern African Time (Africa/Addis_Ababa),True
522,@EG@410ed9d9571c19734fdf21a6927ce98e,,0111551189,1112,Kenya,1000750,,KES,77,Kenyan Shilling,KES,,dd/MM/yyyy,2,,,2025-10-04 05:00:00,"#,###.##",DD/MM/YYYY,2025-10-04 15:19:55,2025-10-04 15:19:55,100418,30,,0,,4,English,1000750,,0,0,,1,0,,3,394,(GMT 3:00) Eastern African Time (Africa/Addis_Ababa),True
521,@EG@fd3e4bd14734cefc82d182cf1abaaa59,,max ltd,1112,Kenya,1000749,,KES,77,Kenyan Shilling,KES,,dd/MM/yyyy,2,,,2025-10-04 05:00:00,"#,###.##",DD/MM/YYYY,2025-10-04 15:17:10,2025-10-04 15:17:10,100416,6,,0,,4,English,1000749,,0,0,,1,0,,3,394,(GMT 3:00) Eastern African Time (Africa/Addis_Ababa),True
520,@EG@19a48ee10105ea1058a64323b82acaf3,,Kfc,1112,Kenya,1000748,,KES,77,Kenyan Shilling,KES,,dd/MM/yyyy,2,,,2025-10-04 05:00:00,"#,###.##",DD/MM/YYYY,2025-10-04 15:16:25,2025-10-04 15:16:25,100414,4,,0,,4,English,1000748,,0,0,,1,0,,3,394,(GMT 3:00) Eastern African Time (Africa/Addis_Ababa),True
519,@EG@4c904bd3561867613b6f4dc1ebb8226d,,Kirandich,1112,Kenya,1000747,,KES,77,Kenyan Shilling,KES,,dd/MM/yyyy,2,,,2025-10-04 05:00:00,"#,###.##",DD/MM/YYYY,2025-10-04 15:16:30,2025-10-04 15:16:30,100415,2,,0,,4,English,1000747,,0,0,,1,0,,3,394,(GMT 3:00) Eastern African Time (Africa/Addis_Ababa),True
518,@EG@c2dc6fad980f7cb75de794d7a3f99535,,Shura Abdow “Shura”,1112,Kenya,1000746,,KES,77,Kenyan Shilling,KES,,dd/MM/yyyy,2,,,2025-10-04 05:00:00,"#,###.##",DD/MM/YYYY,2025-10-04 14:29:58,2025-10-04 14:29:58,100413,1,,0,,4,English,1000746,,0,0,,1,0,,3,394,(GMT 3:00) Eastern African Time (Africa/Addis_Ababa),True
517,@EG@3cc0ceed6793078100291490afa331dc,,Isaya Miaroni (Isayamiaroni),1112,Kenya,1000745,,KES,77,Kenyan Shilling,KES,,dd/MM/yyyy,2,,,2025-10-04 05:00:00,"#,###.##",DD/MM/YYYY,2025-10-04 14:15:50,2025-10-04 14:15:50,100412,4,,0,,4,English,1000745,,0,0,,1,0,,3,394,(GMT 3:00) Eastern African Time (Africa/Addis_Ababa),True
515,@EG@1679600a52aa6b14dae8a3f56b2c0d7b,,Talent International community organization,1112,Kenya,1000743,,KES,77,Kenyan Shilling,KES,,dd/MM/yyyy,2,,,2025-10-04 05:00:00,"#,###.##",DD/MM/YYYY,2025-10-04 14:04:48,2025-10-04 14:04:48,100411,4,,0,,4,English,1000743,,0,0,,1,0,,3,394,(GMT 3:00) Eastern African Time (Africa/Addis_Ababa),True
511,@EG@f7ea39d65748a0d9e4e8f331410aae4e,,Derick owich,1112,Kenya,1000739,,KES,77,Kenyan Shilling,KES,,dd/MM/yyyy,2,,,2025-10-04 05:00:00,"#,###.##",DD/MM/YYYY,2025-10-04 13:19:30,2025-10-04 13:19:30,100410,2,,0,,4,English,1000739,,0,0,,1,0,,3,394,(GMT 3:00) Eastern African Time (Africa/Addis_Ababa),True
510,@EG@359d2cb4f5ebc37c84c0109a54d5d6aa,,Bf suma,1112,Kenya,1000738,,KES,77,Kenyan Shilling,KES,,dd/MM/yyyy,2,,,2025-10-04 05:00:00,"#,###.##",DD/MM/YYYY,2025-10-04 13:00:04,2025-10-04 13:00:04,100409,34,,0,,4,English,1000738,,0,0,,1,0,,3,394,(GMT 3:00) Eastern African Time (Africa/Addis_Ababa),True
509,@EG@5619ff307583fe81d1b0724aa4222eec,,Ushai,1112,Kenya,1000737,,KES,77,Kenyan Shilling,KES,,dd/MM/yyyy,2,,,2025-10-04 05:00:00,"#,###.##",DD/MM/YYYY,2025-10-04 12:51:32,2025-10-04 12:51:32,100408,4,,0,,4,English,1000737,,0,0,,1,0,,3,394,(GMT 3:00) Eastern African Time (Africa/Addis_Ababa),True
507,@EG@0895183bf3b0d9066282ad7ede1da33d,,Shee the brand,1112,Kenya,1000735,,KES,77,Kenyan Shilling,KES,,dd/MM/yyyy,2,,,2025-10-04 05:00:00,"#,###.##",DD/MM/YYYY,2025-10-04 12:29:52,2025-10-04 12:29:52,100407,14,,0,,4,English,1000735,,0,0,,1,0,,3,394,(GMT 3:00) Eastern African Time (Africa/Addis_Ababa),True
505,@EG@6e9941d68da93328df269d38c7414c75,,Dominion Mali Mali,1112,Kenya,1000733,,KES,77,Kenyan Shilling,KES,,dd/MM/yyyy,2,,,2025-10-04 05:00:00,"#,###.##",DD/MM/YYYY,2025-10-04 12:08:07,2025-10-04 12:08:07,100406,7,,0,,4,English,1000733,,0,0,,1,0,,3,394,(GMT 3:00) Eastern African Time (Africa/Addis_Ababa),True
504,@EG@adb4e0c604808959bb1044ed2e52982c,,Erick muthomi,1112,Kenya,1000732,,KES,77,Kenyan Shilling,KES,,dd/MM/yyyy,2,,,2025-10-04 05:00:00,"#,###.##",DD/MM/YYYY,2025-10-04 10:44:36,2025-10-04 10:44:36,100405,4,,0,,4,English,1000732,,0,0,,1,0,,3,394,(GMT 3:00) Eastern African Time (Africa/Addis_Ababa),True
503,@EG@38f8102c78e8980a0a84766f7d7623b6,,Adami Tulu Agricultural Research Center,1068,Ethiopia,1000731,,ETB,48,Ethiopian Birr,ETB,,dd/MM/yyyy,2,,,2025-10-04 05:00:00,"#.###,##",DD/MM/YYYY,2025-10-04 08:49:40,2025-10-04 08:49:40,100404,9,,0,,4,English,1000731,,0,0,,1,0,,3,410,(GMT 3:00) GMT+03:00 (Etc/GMT-3),True
502,@EG@83299b544502ca2f3bf31a6493d4e294,,Kimtaxi,1112,Kenya,1000730,,KES,77,Kenyan Shilling,KES,,dd/MM/yyyy,2,,,2025-10-04 05:00:00,"#,###.##",DD/MM/YYYY,2025-10-04 08:44:17,2025-10-04 08:44:17,100403,2,,0,,4,English,1000730,,0,0,,1,0,,3,394,(GMT 3:00) Eastern African Time (Africa/Addis_Ababa),True
500,@EG@6605230b87947d64b3f2cfd082c1e128,,Ken chick,1112,Kenya,1000728,,KES,77,Kenyan Shilling,KES,,dd/MM/yyyy,2,,,2025-10-04 05:00:00,"#,###.##",DD/MM/YYYY,2025-10-04 07:41:24,2025-10-04 07:41:24,100402,3,,0,,4,English,1000728,,0,0,,1,0,,3,394,(GMT 3:00) Eastern African Time (Africa/Addis_Ababa),True
499,@EG@8f39c9d916814ed218431acaee035594,,Fx company,1112,Kenya,1000727,,KES,77,Kenyan Shilling,KES,,dd/MM/yyyy,2,,,2025-10-04 05:00:00,"#,###.##",DD/MM/YYYY,2025-10-04 06:19:40,2025-10-04 06:19:40,100401,4,,0,,4,English,1000727,,0,0,,1,0,,3,394,(GMT 3:00) Eastern African Time (Africa/Addis_Ababa),True
498,@EG@2824ae73410ae4afc5c91f0f7474ce96,,Nike,1112,Kenya,1000726,,KES,77,Kenyan Shilling,KES,,dd/MM/yyyy,2,,,2025-10-04 05:00:00,"#,###.##",DD/MM/YYYY,2025-10-04 06:15:54,2025-10-04 06:15:54,100400,3,,0,,4,English,1000726,,0,0,,1,0,,3,394,(GMT 3:00) Eastern African Time (Africa/Addis_Ababa),True
497,@EG@15cf3bfe7695a4f0f4766cb280cf0a6a,,Kcb,1112,Kenya,1000725,,KES,77,Kenyan Shilling,KES,,dd/MM/yyyy,2,,,2025-10-04 05:00:00,"#,###.##",DD/MM/YYYY,2025-10-04 06:13:33,2025-10-04 06:13:33,100399,7,,0,,4,English,1000725,,0,0,,1,0,,3,394,(GMT 3:00) Eastern African Time (Africa/Addis_Ababa),True
496,@EG@ccaa66712baae1e310784301ef3f524d,,Barterson construction,1112,Kenya,1000724,,KES,77,Kenyan Shilling,KES,,dd/MM/yyyy,2,,,2025-10-04 05:00:00,"#,###.##",DD/MM/YYYY,2025-10-04 06:11:31,2025-10-04 06:11:31,100398,22,,0,,4,English,1000724,,0,0,,1,0,,3,394,(GMT 3:00) Eastern African Time (Africa/Addis_Ababa),True
495,@EG@e3ca5eafeeeea0bed962b2543199345d,,Dalmus wafula oyinga,1196,South Africa,1000723,,ZAR,171,South African Rand,R,,yyyy-MM-dd,2,,,2025-10-04 06:00:00,"#.###,##",YYYY-MM-DD,2025-10-04 06:02:51,2025-10-04 06:02:51,100397,30,,0,,4,English,1000723,,0,0,,1,0,,2,353,(GMT 2:00) South Africa Standard Time (Africa/Johannesburg),True
494,@EG@ce4aeeea49c997024231291cd3895c14,,Tonny,1112,Kenya,1000722,,KES,77,Kenyan Shilling,KES,,dd/MM/yyyy,2,,,2025-10-04 05:00:00,"#,###.##",DD/MM/YYYY,2025-10-04 05:51:06,2025-10-04 05:51:06,100396,5,,0,,4,English,1000722,,0,0,,1,0,,3,394,(GMT 3:00) Eastern African Time (Africa/Addis_Ababa),True
493,@EG@a4454e5abbccd2fab895d90ef733a187,,Morris Agaye,1112,Kenya,1000721,,KES,77,Kenyan Shilling,KES,,dd/MM/yyyy,2,,,2025-10-04 05:00:00,"#,###.##",DD/MM/YYYY,2025-10-04 05:51:04,2025-10-04 05:51:04,100395,27,,0,,4,English,1000721,,0,0,,1,0,,3,394,(GMT 3:00) Eastern African Time (Africa/Addis_Ababa),True
492,@EG@c94532f845cdbc77534c2b17abc7809a,,NO COMPANY,1112,Kenya,1000720,,KES,77,Kenyan Shilling,KES,,dd/MM/yyyy,2,,,2025-10-04 05:00:00,"#,###.##",DD/MM/YYYY,2025-10-04 05:48:28,2025-10-04 05:48:28,100394,6,,0,,4,English,1000720,,0,0,,1,0,,3,394,(GMT 3:00) Eastern African Time (Africa/Addis_Ababa),True
491,@EG@debaf99800802c488c507574f6891f41,,George odhiambo oyugi,1112,Kenya,1000719,,KES,77,Kenyan Shilling,KES,,dd/MM/yyyy,2,,,2025-10-04 05:00:00,"#,###.##",DD/MM/YYYY,2025-10-04 05:45:19,2025-10-04 05:45:19,100393,7,,0,,4,English,1000719,,0,0,,1,0,,3,394,(GMT 3:00) Eastern African Time (Africa/Addis_Ababa),True
490,@EG@418c4ef5cbaa9230fcad6809878736b5,,Vicky,1112,Kenya,1000718,,KES,77,Kenyan Shilling,KES,,dd/MM/yyyy,2,,,2025-10-04 05:00:00,"#,###.##",DD/MM/YYYY,2025-10-04 05:43:46,2025-10-04 05:43:46,100392,30,,0,,4,English,1000718,,0,0,,1,0,,3,394,(GMT 3:00) Eastern African Time (Africa/Addis_Ababa),True
489,@EG@1cef72cdecda1d31a263ca0794fdf1ec,,Amos,1112,Kenya,1000717,,KES,77,Kenyan Shilling,KES,,dd/MM/yyyy,2,,,2025-10-04 05:00:00,"#,###.##",DD/MM/YYYY,2025-10-04 05:40:19,2025-10-04 05:40:19,100391,4,,0,,4,English,1000717,,0,0,,1,0,,3,394,(GMT 3:00) Eastern African Time (Africa/Addis_Ababa),True
488,@EG@d34a0615e1aaa37c118992968d6062d6,,Jerrymick Sabbath,1112,Kenya,1000716,,KES,77,Kenyan Shilling,KES,,dd/MM/yyyy,2,,,2025-10-04 05:00:00,"#,###.##",DD/MM/YYYY,2025-10-04 05:36:34,2025-10-04 05:36:34,100390,4,,0,,4,English,1000716,,0,0,,1,0,,3,394,(GMT 3:00) Eastern African Time (Africa/Addis_Ababa),True
487,@EG@6856009d4550002206928497f5f35885,,Strategy for Reliazation of Humanity,1256,South Sudan,1000715,,SSP,137,South Sudanese Pound,SSP,,dd/MM/yyyy,2,,,2025-10-04 05:00:00,"#,###.##",DD/MM/YYYY,2025-10-04 05:32:04,2025-10-04 05:32:04,100389,34,,0,,4,English,1000715,,0,0,,1,0,,3,394,(GMT 3:00) Eastern African Time (Africa/Addis_Ababa),True
486,@EG@86c9d863ce7f8a08808bec9b83a4d48f,,Eunique,1112,Kenya,1000714,,KES,77,Kenyan Shilling,KES,,dd/MM/yyyy,2,,,2025-10-04 05:00:00,"#,###.##",DD/MM/YYYY,2025-10-04 05:31:43,2025-10-04 05:31:43,100387,1,,0,,4,English,1000714,,0,0,,1,0,,3,394,(GMT 3:00) Eastern African Time (Africa/Addis_Ababa),True
485,@EG@02c3b7eb3c3d4ed49c10c681bfe931ca,,Textile,1112,Kenya,1000713,,KES,77,Kenyan Shilling,KES,,dd/MM/yyyy,2,,,2025-10-04 05:00:00,"#,###.##",DD/MM/YYYY,2025-10-04 05:31:43,2025-10-04 05:31:43,100388,1,,0,,4,English,1000713,,0,0,,1,0,,3,394,(GMT 3:00) Eastern African Time (Africa/Addis_Ababa),True
484,@EG@df3b381e2031f2a1785087f4bc13fa9b,,Peter songwa,1112,Kenya,1000712,,KES,77,Kenyan Shilling,KES,,dd/MM/yyyy,2,,,2025-10-04 05:00:00,"#,###.##",DD/MM/YYYY,2025-10-04 05:27:36,2025-10-04 05:27:36,100386,4,,0,,4,English,1000712,,0,0,,1,0,,3,394,(GMT 3:00) Eastern African Time (Africa/Addis_Ababa),True
482,@EG@06e4788f5249a0da903d9c898ac044e8,,Naomi,1112,Kenya,1000710,,KES,77,Kenyan Shilling,KES,,dd/MM/yyyy,2,,,2025-10-04 05:00:00,"#,###.##",DD/MM/YYYY,2025-10-04 05:16:23,2025-10-04 05:16:23,100385,4,,0,,4,English,1000710,,0,0,,1,0,,3,394,(GMT 3:00) Eastern African Time (Africa/Addis_Ababa),True
481,@EG@0631b2aafad34feda6f0ba500ff6c97e,,Lovince LTD,1112,Kenya,1000709,,KES,77,Kenyan Shilling,KES,,dd/MM/yyyy,2,,,2025-10-04 05:00:00,"#,###.##",DD/MM/YYYY,2025-10-04 05:14:39,2025-10-04 05:14:39,100384,4,,0,,4,English,1000709,,0,0,,1,0,,3,394,(GMT 3:00) Eastern African Time (Africa/Addis_Ababa),True
480,@EG@074a569a066fc1513c1d03e3825ad6f5,,Pamela Kipchumba,1112,Kenya,1000708,,KES,77,Kenyan Shilling,KES,,dd/MM/yyyy,2,,,2025-10-04 05:00:00,"#,###.##",DD/MM/YYYY,2025-10-04 05:14:06,2025-10-04 05:14:06,100382,21,,0,,4,English,1000708,,0,0,,1,0,,3,394,(GMT 3:00) Eastern African Time (Africa/Addis_Ababa),True
479,@EG@8212fd07b684e00392e8ba3d3c64f499,,ERGI,1112,Kenya,1000707,,KES,77,Kenyan Shilling,KES,,dd/MM/yyyy,2,,,2025-10-04 05:00:00,"#,###.##",DD/MM/YYYY,2025-10-04 05:14:07,2025-10-04 05:14:07,100383,34,,0,,4,English,1000707,,0,0,,1,0,,3,394,(GMT 3:00) Eastern African Time (Africa/Addis_Ababa),True
477,@EG@008f5c6207a5950a62f1d1685fef18b4,,Martin mugambi,1112,Kenya,1000705,,KES,77,Kenyan Shilling,KES,,dd/MM/yyyy,2,,,2025-10-04 05:00:00,"#,###.##",DD/MM/YYYY,2025-10-04 05:13:52,2025-10-04 05:13:52,100381,34,,0,,4,English,1000705,,0,0,,1,0,,3,394,(GMT 3:00) Eastern African Time (Africa/Addis_Ababa),True
475,@EG@f044a24f68b46d95ee7fc7bbe3d2e599,,Noah,1112,Kenya,1000703,,KES,77,Kenyan Shilling,KES,,dd/MM/yyyy,2,,,2025-10-04 05:00:00,"#,###.##",DD/MM/YYYY,2025-10-04 05:10:50,2025-10-04 05:10:50,100380,5,,0,,4,English,1000703,,0,0,,1,0,,3,394,(GMT 3:00) Eastern African Time (Africa/Addis_Ababa),True
474,@EG@04311ed4cfd2356b0040bd3c0daadc52,,Ann Nyangai,1112,Kenya,1000702,,KES,77,Kenyan Shilling,KES,,dd/MM/yyyy,2,,,2025-10-04 05:00:00,"#,###.##",DD/MM/YYYY,2025-10-04 05:10:30,2025-10-04 05:10:30,100379,4,,0,,4,English,1000702,,0,0,,1,0,,3,394,(GMT 3:00) Eastern African Time (Africa/Addis_Ababa),True
471,@EG@972ce892ffee32fd113a7fb207de7a3e,,Tony Kilonzo,1112,Kenya,1000699,,KES,77,Kenyan Shilling,KES,,dd/MM/yyyy,2,,,2025-10-04 05:00:00,"#,###.##",DD/MM/YYYY,2025-10-04 05:09:57,2025-10-04 05:09:57,100378,33,,0,,4,English,1000699,,0,0,,1,0,,3,394,(GMT 3:00) Eastern African Time (Africa/Addis_Ababa),True
470,@EG@00cc69889cd1b29dc1c45ecb911dbaf5,,Maurice,1112,Kenya,1000698,,KES,77,Kenyan Shilling,KES,,dd/MM/yyyy,2,,,2025-10-04 05:00:00,"#,###.##",DD/MM/YYYY,2025-10-04 05:09:34,2025-10-04 05:09:34,100377,15,,0,,4,English,1000698,,0,0,,1,0,,3,394,(GMT 3:00) Eastern African Time (Africa/Addis_Ababa),True
469,@EG@d9979d550ebc860ec52973fea5618ba2,,Siloam,1039,Canada,1000697,,CAD,27,Canadian Dollar,$,,yyyy-MM-dd,2,,,2025-10-04 13:00:00,"#,###.##",YYYY-MM-DD,2025-10-04 05:08:14,2025-10-04 05:08:14,100376,1,,0,,4,English,1000697,,0,0,,1,0,,-5,110,(GMT -5:00) Eastern Standard Time (America/Atikokan),True
467,@EG@5ba8e49c9a446f5fb8e4cb99b30bb662,,The camperos,1112,Kenya,1000695,,KES,77,Kenyan Shilling,KES,,dd/MM/yyyy,2,,,2025-10-04 05:00:00,"#,###.##",DD/MM/YYYY,2025-10-04 05:06:45,2025-10-04 05:06:45,100374,7,,0,,4,English,1000695,,0,0,,1,0,,3,394,(GMT 3:00) Eastern African Time (Africa/Addis_Ababa),True
466,@EG@8b27e2f07ea6bda2f5dbbbc230c5d55e,,Almado Balilo,1112,Kenya,1000694,,KES,77,Kenyan Shilling,KES,,dd/MM/yyyy,2,,,2025-10-04 05:00:00,"#,###.##",DD/MM/YYYY,2025-10-04 05:07:25,2025-10-04 05:07:25,100375,2,,0,,4,English,1000694,,0,0,,1,0,,3,394,(GMT 3:00) Eastern African Time (Africa/Addis_Ababa),True
463,@EG@ccc316229b802156af6dfdcb1da9e7cd,,Self employed,1112,Kenya,1000691,,KES,77,Kenyan Shilling,KES,,dd/MM/yyyy,2,,,2025-10-04 05:00:00,"#,###.##",DD/MM/YYYY,2025-10-04 05:05:17,2025-10-04 05:05:17,100373,7,,0,,4,English,1000691,,0,0,,1,0,,3,394,(GMT 3:00) Eastern African Time (Africa/Addis_Ababa),True
461,@EG@a3b974ac34cdf800fa6e0489b8fd9e1d,,Jc,1112,Kenya,1000689,,KES,77,Kenyan Shilling,KES,,dd/MM/yyyy,2,,,2025-10-04 05:00:00,"#,###.##",DD/MM/YYYY,2025-10-04 02:21:26,2025-10-04 02:21:26,100372,7,,0,,4,English,1000689,,0,0,,1,0,,3,394,(GMT 3:00) Eastern African Time (Africa/Addis_Ababa),True
458,@EG@fcd26be09570461290ef29178996c3e4,,Kevin,1168,Papua New Guinea,1000686,,PGK,117,Papua New Guinean Kina,PGK,,dd/MM/yyyy,2,,,2025-10-03 22:00:00,"#.###,##",DD/MM/YYYY,2025-10-04 00:20:46,2025-10-04 00:20:46,100371,2,,0,,4,English,1000686,,0,0,,1,0,,10,546,(GMT 10:00) Papua New Guinea Time (Pacific/Port_Moresby),True
457,@EG@a73bdd2223d417c121b4bfb89fbfb4e7,,Smart welding & metal work,1112,Kenya,1000685,,KES,77,Kenyan Shilling,KES,,dd/MM/yyyy,2,,,2025-10-03 05:00:00,"#,###.##",DD/MM/YYYY,2025-10-03 21:57:10,2025-10-03 21:57:10,100370,3,,0,,4,English,1000685,,0,0,,1,0,,3,394,(GMT 3:00) Eastern African Time (Africa/Addis_Ababa),True
456,@EG@4e451221474e8e97b0bace44a6d335df,,Halisi Properties,1112,Kenya,1000684,,KES,77,Kenyan Shilling,KES,,dd/MM/yyyy,2,,,2025-10-03 05:00:00,"#,###.##",DD/MM/YYYY,2025-10-03 21:00:31,2025-10-03 21:00:31,100369,34,,0,,4,English,1000684,,0,0,,1,0,,3,394,(GMT 3:00) Eastern African Time (Africa/Addis_Ababa),True
455,@EG@5520c95a47e0b76e1c8938ef40b76e70,,Beatrice kipchumba,1112,Kenya,1000681,,KES,77,Kenyan Shilling,KES,,dd/MM/yyyy,2,,,2025-10-03 05:00:00,"#,###.##",DD/MM/YYYY,2025-10-03 19:07:43,2025-10-03 19:07:43,100368,7,,0,,4,English,1000681,,0,0,,1,0,,3,394,(GMT 3:00) Eastern African Time (Africa/Addis_Ababa),True
454,@EG@f0576f2317d7899e9bb5cb4b38984dd7,,Mohamed Shukri,1112,Kenya,1000680,,KES,77,Kenyan Shilling,KES,,dd/MM/yyyy,2,,,2025-10-03 05:00:00,"#,###.##",DD/MM/YYYY,2025-10-03 18:38:12,2025-10-03 18:38:12,100367,7,,0,,4,English,1000680,,0,0,,1,0,,3,394,(GMT 3:00) Eastern African Time (Africa/Addis_Ababa),True
453,@EG@cb242240e831e22df08632d60bbea584,,Peter ngugi,1105,Israel,1000679,,ILS,67,Israeli new shekel,ILS,,dd/MM/yyyy,2,,,2025-10-03 06:00:00,# ###.##,DD/MM/YYYY,2025-10-03 17:09:01,2025-10-03 17:09:01,100366,1,,0,,4,English,1000679,,0,0,,1,0,,2,366,(GMT 2:00) Israel Standard Time (Asia/Jerusalem),True
451,@EG@135e4b54e662725f46d02d368865ce3b,,Philip Kibon,1112,Kenya,1000677,,KES,77,Kenyan Shilling,KES,,dd/MM/yyyy,2,,,2025-10-03 05:00:00,"#,###.##",DD/MM/YYYY,2025-10-03 16:05:44,2025-10-03 16:05:44,100365,3,,0,,4,English,1000677,,0,0,,1,0,,3,394,(GMT 3:00) Eastern African Time (Africa/Addis_Ababa),True
450,@EG@153c495fa1775cc2d60d2fe8d57b9d63,,Anancutel,1112,Kenya,1000676,,KES,77,Kenyan Shilling,KES,,dd/MM/yyyy,2,,,2025-10-03 05:00:00,"#,###.##",DD/MM/YYYY,2025-10-03 15:06:09,2025-10-03 15:06:09,100364,3,,0,,4,English,1000676,,0,0,,1,0,,3,394,(GMT 3:00) Eastern African Time (Africa/Addis_Ababa),True
449,@EG@c98ee2ee597bfd66e637e6487e442e61,,Jackson mwaki,1112,Kenya,1000675,,KES,77,Kenyan Shilling,KES,,dd/MM/yyyy,2,,,2025-10-03 05:00:00,"#,###.##",DD/MM/YYYY,2025-10-03 14:57:38,2025-10-03 14:57:38,100362,14,,0,,4,English,1000675,,0,0,,1,0,,3,394,(GMT 3:00) Eastern African Time (Africa/Addis_Ababa),True
448,@EG@27eac56a916da42024ef47b4c3473be9,,Salama bakery,1112,Kenya,1000674,,KES,77,Kenyan Shilling,KES,,dd/MM/yyyy,2,,,2025-10-03 05:00:00,"#,###.##",DD/MM/YYYY,2025-10-03 15:04:36,2025-10-03 15:04:36,100363,7,,0,,4,English,1000674,,0,0,,1,0,,3,394,(GMT 3:00) Eastern African Time (Africa/Addis_Ababa),True
447,@EG@d232bb67e7ea17ad5213103da2f5d715,,Gee Writers,1112,Kenya,1000673,,KES,77,Kenyan Shilling,KES,,dd/MM/yyyy,2,,,2025-10-03 05:00:00,"#,###.##",DD/MM/YYYY,2025-10-03 14:39:18,2025-10-03 14:39:18,100361,4,,0,,4,English,1000673,,0,0,,1,0,,3,394,(GMT 3:00) Eastern African Time (Africa/Addis_Ababa),True
446,@EG@79e061c4e116d52522b95c0bcb5a1e6f,,Noeli sanayi karani,1112,Kenya,1000672,,KES,77,Kenyan Shilling,KES,,dd/MM/yyyy,2,,,2025-10-03 05:00:00,"#,###.##",DD/MM/YYYY,2025-10-03 14:05:02,2025-10-03 14:05:02,100360,6,,0,,4,English,1000672,,0,0,,1,0,,3,394,(GMT 3:00) Eastern African Time (Africa/Addis_Ababa),True
443,@EG@3a8cb977b2e314dd3e219695d9f73451,,Glass/aluminium work,1112,Kenya,1000669,,KES,77,Kenyan Shilling,KES,,dd/MM/yyyy,2,,,2025-10-03 05:00:00,"#,###.##",DD/MM/YYYY,2025-10-03 13:06:15,2025-10-03 13:06:15,100358,34,,0,,4,English,1000669,,0,0,,1,0,,3,394,(GMT 3:00) Eastern African Time (Africa/Addis_Ababa),True
442,@EG@948bcb90d58545a305d1c41d45e8a60a,,Mathias,1112,Kenya,1000668,,KES,77,Kenyan Shilling,KES,,dd/MM/yyyy,2,,,2025-10-03 05:00:00,"#,###.##",DD/MM/YYYY,2025-10-03 13:37:02,2025-10-03 13:37:02,100359,7,,0,,4,English,1000668,,0,0,,1,0,,3,394,(GMT 3:00) Eastern African Time (Africa/Addis_Ababa),True
441,@EG@fe7ba0457bfd390e7b22c5e0b586a417,,Global Internet Fortunes,1112,Kenya,1000667,,KES,77,Kenyan Shilling,KES,,dd/MM/yyyy,2,,,2025-10-03 05:00:00,"#,###.##",DD/MM/YYYY,2025-10-03 11:33:14,2025-10-03 11:33:14,100357,3,,0,,4,English,1000667,,0,0,,1,0,,3,394,(GMT 3:00) Eastern African Time (Africa/Addis_Ababa),True
439,@EG@58ba12526c559d0f54a9f1075a74f175,,Daniel shop,1112,Kenya,1000665,,KES,77,Kenyan Shilling,KES,,dd/MM/yyyy,2,,,2025-10-03 05:00:00,"#,###.##",DD/MM/YYYY,2025-10-03 09:23:15,2025-10-03 09:23:15,100356,4,,0,,4,English,1000665,,0,0,,1,0,,3,394,(GMT 3:00) Eastern African Time (Africa/Addis_Ababa),True
438,@EG@3b363b590f12d6c1972b86f02ce807d0,,Nuvera rose,1112,Kenya,1000664,,KES,77,Kenyan Shilling,KES,,dd/MM/yyyy,2,,,2025-10-03 05:00:00,"#,###.##",DD/MM/YYYY,2025-10-03 09:17:07,2025-10-03 09:17:07,100355,10,,0,,4,English,1000664,,0,0,,1,0,,3,394,(GMT 3:00) Eastern African Time (Africa/Addis_Ababa),True
436,@EG@204861d2dd2c00de451c8b2f81f3c13b,,Farhan Abdi omar,1005,American Samoa,1000662,,USD,155,United States Dollar,$,,MM/dd/yyyy,2,,,2025-10-03 19:00:00,"#,###.##",MM/DD/YYYY,2025-10-03 06:59:47,2025-10-03 06:59:47,100354,2,,0,,4,English,1000662,,0,0,,1,0,,-11,5,(GMT -11:00) Samoa Standard Time (Pacific/Midway),True
435,@EG@29c30642f3b3b39b512f075aa2707e0d,,Pageer,1112,Kenya,1000661,,KES,77,Kenyan Shilling,KES,,dd/MM/yyyy,2,,,2025-10-03 05:00:00,"#,###.##",DD/MM/YYYY,2025-10-03 06:04:59,2025-10-03 06:04:59,100353,2,,0,,4,English,1000661,,0,0,,1,0,,3,394,(GMT 3:00) Eastern African Time (Africa/Addis_Ababa),True
433,@EG@57c4812a28e47d8fb8d48051fc7d2263,,Na,1205,Sweden,1000659,,SEK,131,Swedish Krona,kr,,yyyy-MM-dd,2,,,2025-10-03 07:00:00,# ###.##,YYYY-MM-DD,2025-10-03 05:38:44,2025-10-03 05:38:44,100352,34,,0,,4,English,1000659,,0,0,,1,0,,1,295,(GMT 1:00) Central European Time (Africa/Algiers),True
432,@EG@305c9f4738b1b6e044f2069dfc6abb24,,Ngayo farmcare,1112,Kenya,1000658,,KES,77,Kenyan Shilling,KES,,dd/MM/yyyy,2,,,2025-10-03 05:00:00,"#,###.##",DD/MM/YYYY,2025-10-03 05:30:15,2025-10-03 05:30:15,100351,30,,0,,4,English,1000658,,0,0,,1,0,,3,394,(GMT 3:00) Eastern African Time (Africa/Addis_Ababa),True
431,@EG@0a06fb9b65c5283190c94c111ed37eb3,,Emanuel Yaire,1112,Kenya,1000657,,KES,77,Kenyan Shilling,KES,,dd/MM/yyyy,2,,,2025-10-03 05:00:00,"#,###.##",DD/MM/YYYY,2025-10-03 05:25:39,2025-10-03 05:25:39,100350,7,,0,,4,English,1000657,,0,0,,1,0,,3,394,(GMT 3:00) Eastern African Time (Africa/Addis_Ababa),True
430,@EG@93c527bffd7a1b363d5a282034183e05,,KELVIN MUTHOMI,1112,Kenya,1000656,,KES,77,Kenyan Shilling,KES,,dd/MM/yyyy,2,,,2025-10-03 05:00:00,"#,###.##",DD/MM/YYYY,2025-10-03 05:22:55,2025-10-03 05:22:55,100349,3,,0,,4,English,1000656,,0,0,,1,0,,3,394,(GMT 3:00) Eastern African Time (Africa/Addis_Ababa),True
429,@EG@5f7eb79f8e197f174c6795ecf19ec74e,,@jde~interiors,1112,Kenya,1000655,,KES,77,Kenyan Shilling,KES,,dd/MM/yyyy,2,,,2025-10-03 05:00:00,"#,###.##",DD/MM/YYYY,2025-10-03 05:14:25,2025-10-03 05:14:25,100348,34,,0,,4,English,1000655,,0,0,,1,0,,3,394,(GMT 3:00) Eastern African Time (Africa/Addis_Ababa),True
428,@EG@772ba98cf06d1ec29e1002d2716c5d98,,Kongoni river farm gorge division,1112,Kenya,1000654,,KES,77,Kenyan Shilling,KES,,dd/MM/yyyy,2,,,2025-10-03 05:00:00,"#,###.##",DD/MM/YYYY,2025-10-03 05:09:23,2025-10-03 05:09:23,100347,34,,0,,4,English,1000654,,0,0,,1,0,,3,394,(GMT 3:00) Eastern African Time (Africa/Addis_Ababa),True
427,@EG@79bc6bdd303924f172afb047095aa7d6,,Nyar manyala,1112,Kenya,1000653,,KES,77,Kenyan Shilling,KES,,dd/MM/yyyy,2,,,2025-10-03 05:00:00,"#,###.##",DD/MM/YYYY,2025-10-03 05:08:38,2025-10-03 05:08:38,100345,1,,0,,4,English,1000653,,0,0,,1,0,,3,394,(GMT 3:00) Eastern African Time (Africa/Addis_Ababa),True
426,@EG@502fa0445c0f14809f084c4e5b3a6c80,,Brian Kiprop,1112,Kenya,1000652,,KES,77,Kenyan Shilling,KES,,dd/MM/yyyy,2,,,2025-10-03 05:00:00,"#,###.##",DD/MM/YYYY,2025-10-03 05:08:12,2025-10-03 05:08:12,100344,7,,0,,4,English,1000652,,0,0,,1,0,,3,394,(GMT 3:00) Eastern African Time (Africa/Addis_Ababa),True
425,@EG@8fe417c3d2d22d0f5e9f535e52a0ba98,,Karim onyango,1112,Kenya,1000651,,KES,77,Kenyan Shilling,KES,,dd/MM/yyyy,2,,,2025-10-03 05:00:00,"#,###.##",DD/MM/YYYY,2025-10-03 05:07:32,2025-10-03 05:07:32,100342,34,,0,,4,English,1000651,,0,0,,1,0,,3,394,(GMT 3:00) Eastern African Time (Africa/Addis_Ababa),True
424,@EG@8d5c7f4842a2ff81f391c50c2915480d,,Arya Beby,1112,Kenya,1000650,,KES,77,Kenyan Shilling,KES,,dd/MM/yyyy,2,,,2025-10-03 05:00:00,"#,###.##",DD/MM/YYYY,2025-10-03 05:07:40,2025-10-03 05:07:40,100343,1,,0,,4,English,1000650,,0,0,,1,0,,3,394,(GMT 3:00) Eastern African Time (Africa/Addis_Ababa),True
423,@EG@1872af6f39ee87375743b9393c54295f,,Palajiz,1112,Kenya,1000649,,KES,77,Kenyan Shilling,KES,,dd/MM/yyyy,2,,,2025-10-03 05:00:00,"#,###.##",DD/MM/YYYY,2025-10-03 05:06:39,2025-10-03 05:06:39,100340,3,,0,,4,English,1000649,,0,0,,1,0,,3,394,(GMT 3:00) Eastern African Time (Africa/Addis_Ababa),True
422,@EG@708883df5d597b8d8c8e7dd9b82c1494,,kERRa,1112,Kenya,1000648,,KES,77,Kenyan Shilling,KES,,dd/MM/yyyy,2,,,2025-10-03 05:00:00,"#,###.##",DD/MM/YYYY,2025-10-03 05:05:29,2025-10-03 05:05:29,100339,34,,0,,4,English,1000648,,0,0,,1,0,,3,394,(GMT 3:00) Eastern African Time (Africa/Addis_Ababa),True
421,@EG@e14b882cd79a8bbf95e54e4e1c5d1945,,West Kenya,1112,Kenya,1000647,,KES,77,Kenyan Shilling,KES,,dd/MM/yyyy,2,,,2025-10-03 05:00:00,"#,###.##",DD/MM/YYYY,2025-10-03 05:09:13,2025-10-03 05:09:13,100346,3,,0,,4,English,1000647,,0,0,,1,0,,3,394,(GMT 3:00) Eastern African Time (Africa/Addis_Ababa),True
419,@EG@7a11b6cc30f858231d45fb8c873dee7a,,Blessed,1112,Kenya,1000645,,KES,77,Kenyan Shilling,KES,,dd/MM/yyyy,2,,,2025-10-03 05:00:00,"#,###.##",DD/MM/YYYY,2025-10-03 05:06:59,2025-10-03 05:06:59,100341,15,,0,,4,English,1000645,,0,0,,1,0,,3,394,(GMT 3:00) Eastern African Time (Africa/Addis_Ababa),True
418,@EG@2a5c2a4f3c168c595bb7f17bc7d47498,,Sadia Hassan Borbor,1112,Kenya,1000644,,KES,77,Kenyan Shilling,KES,,dd/MM/yyyy,2,,,2025-10-03 05:00:00,"#,###.##",DD/MM/YYYY,2025-10-03 01:32:18,2025-10-03 01:32:18,100338,1,,0,,4,English,1000644,,0,0,,1,0,,3,394,(GMT 3:00) Eastern African Time (Africa/Addis_Ababa),True
416,@EG@be69a044c7abaa5c960168cc15db8123,,Canton,1112,Kenya,1000642,,KES,77,Kenyan Shilling,KES,,dd/MM/yyyy,2,,,2025-10-02 05:00:00,"#,###.##",DD/MM/YYYY,2025-10-02 19:33:02,2025-10-02 19:33:02,100337,15,,0,,4,English,1000642,,0,0,,1,0,,3,394,(GMT 3:00) Eastern African Time (Africa/Addis_Ababa),True
414,@EG@261bf044d664000797a15373c96ca92f,,SAMBATI CHEMIST,1112,Kenya,1000640,,KES,77,Kenyan Shilling,KES,,dd/MM/yyyy,2,,,2025-10-02 05:00:00,"#,###.##",DD/MM/YYYY,2025-10-02 16:53:01,2025-10-02 16:53:01,100336,10,,0,,4,English,1000640,,0,0,,1,0,,3,394,(GMT 3:00) Eastern African Time (Africa/Addis_Ababa),True
413,@EG@c2386e0dffa1b09a990f2807aa83d694,,M-TECH,1112,Kenya,1000639,,KES,77,Kenyan Shilling,KES,,dd/MM/yyyy,2,,,2025-10-02 05:00:00,"#,###.##",DD/MM/YYYY,2025-10-02 16:41:54,2025-10-02 16:41:54,100335,22,,0,,4,English,1000639,,0,0,,1,0,,3,394,(GMT 3:00) Eastern African Time (Africa/Addis_Ababa),True
412,@EG@d67e797c17a2e6b4c8c7f02659cee425,,Coins and cents investment company limited,1112,Kenya,1000638,,KES,77,Kenyan Shilling,KES,,dd/MM/yyyy,2,,,2025-10-02 05:00:00,"#,###.##",DD/MM/YYYY,2025-10-02 16:17:14,2025-10-02 16:17:14,100334,27,,0,,4,English,1000638,,0,0,,1,0,,3,394,(GMT 3:00) Eastern African Time (Africa/Addis_Ababa),True
411,@EG@e4fb5daaec62a26c500f40c2101a501d,,Gradient Solutions,1112,Kenya,1000636,,KES,77,Kenyan Shilling,KES,,dd/MM/yyyy,2,,,2025-10-02 05:00:00,"#,###.##",DD/MM/YYYY,2025-10-02 15:07:39,2025-10-02 15:07:39,100333,16,,0,,4,English,1000636,,0,0,,1,0,,3,394,(GMT 3:00) Eastern African Time (Africa/Addis_Ababa),True
410,@EG@64269797f6f692f586848ed39e22b3a1,,Healthy lifestyle,1112,Kenya,1000635,,KES,77,Kenyan Shilling,KES,,dd/MM/yyyy,2,,,2025-10-02 05:00:00,"#,###.##",DD/MM/YYYY,2025-10-02 15:06:47,2025-10-02 15:06:47,100332,5,,0,,4,English,1000635,,0,0,,1,0,,3,394,(GMT 3:00) Eastern African Time (Africa/Addis_Ababa),True
409,@EG@e073b501a1686291a45e2c2d6a867fb7,,Karkton electronic,1112,Kenya,1000634,,KES,77,Kenyan Shilling,KES,,dd/MM/yyyy,2,,,2025-10-02 05:00:00,"#,###.##",DD/MM/YYYY,2025-10-02 14:36:12,2025-10-02 14:36:12,100331,22,,0,,4,English,1000634,,0,0,,1,0,,3,394,(GMT 3:00) Eastern African Time (Africa/Addis_Ababa),True
408,@EG@4e4ac244bd0c38d6f66a08c271d3d545,,RENCEY TECHNOLOGY SERVICES,1112,Kenya,1000633,,KES,77,Kenyan Shilling,KES,,dd/MM/yyyy,2,,,2025-10-02 05:00:00,"#,###.##",DD/MM/YYYY,2025-10-02 14:27:41,2025-10-02 14:27:41,100330,15,,0,,4,English,1000633,,0,0,,1,0,,3,394,(GMT 3:00) Eastern African Time (Africa/Addis_Ababa),True
407,@EG@6748d8c671963d045b7712da7593cdf7,,T Trade,1112,Kenya,1000632,,KES,77,Kenyan Shilling,KES,,dd/MM/yyyy,2,,,2025-10-02 05:00:00,"#,###.##",DD/MM/YYYY,2025-10-02 13:48:05,2025-10-02 13:48:05,100329,34,,0,,4,English,1000632,,0,0,,1,0,,3,394,(GMT 3:00) Eastern African Time (Africa/Addis_Ababa),True
406,@EG@8ecd9d2d7d7e9d9a5999f67b0069d389,,Teresia,1112,Kenya,1000631,,KES,77,Kenyan Shilling,KES,,dd/MM/yyyy,2,,,2025-10-02 05:00:00,"#,###.##",DD/MM/YYYY,2025-10-02 13:37:01,2025-10-02 13:37:01,100328,1,,0,,4,English,1000631,,0,0,,1,0,,3,394,(GMT 3:00) Eastern African Time (Africa/Addis_Ababa),True
404,@EG@47310dc76c3cc1aba8431325edd26bcb,,Nyama,1112,Kenya,1000629,,KES,77,Kenyan Shilling,KES,,dd/MM/yyyy,2,,,2025-10-06 05:00:00,"#,###.##",DD/MM/YYYY,2025-10-06 14:38:25,2025-10-06 14:38:25,100548,5,,0,,4,English,1000629,,0,0,,1,0,,3,394,(GMT 3:00) Eastern African Time (Africa/Addis_Ababa),True
402,@EG@cb4f0e9b68a37948cc8183c7836b26db,,Kevin Hirum,1112,Kenya,1000627,,KES,77,Kenyan Shilling,KES,,dd/MM/yyyy,2,,,2025-10-02 05:00:00,"#,###.##",DD/MM/YYYY,2025-10-02 12:36:15,2025-10-02 12:36:15,100327,14,,0,,4,English,1000627,,0,0,,1,0,,3,394,(GMT 3:00) Eastern African Time (Africa/Addis_Ababa),True
401,@EG@4cd47fa77c8790bccf5903b8592351cc,,Reuben,1112,Kenya,1000626,,KES,77,Kenyan Shilling,KES,,dd/MM/yyyy,2,,,2025-10-02 05:00:00,"#,###.##",DD/MM/YYYY,2025-10-02 12:10:46,2025-10-02 12:10:46,100326,4,,0,,4,English,1000626,,0,0,,1,0,,3,394,(GMT 3:00) Eastern African Time (Africa/Addis_Ababa),True
400,@EG@5cca93d68871ee8c16db8c00cffd39d3,,Geoffrey Rugut,1112,Kenya,1000625,,KES,77,Kenyan Shilling,KES,,dd/MM/yyyy,2,,,2025-10-11 05:00:00,"#,###.##",DD/MM/YYYY,2025-10-11 12:26:54,2025-10-11 12:26:54,101189,15,,0,,4,English,1000625,,0,0,,1,0,,3,394,(GMT 3:00) Eastern African Time (Africa/Addis_Ababa),True
398,@EG@598995750e068c81bd58a5db8be2a617,,Ichobore,1112,Kenya,1000623,,KES,77,Kenyan Shilling,KES,,dd/MM/yyyy,2,,,2025-10-02 05:00:00,"#,###.##",DD/MM/YYYY,2025-10-02 07:45:29,2025-10-02 07:45:29,100325,1,,0,,4,English,1000623,,0,0,,1,0,,3,394,(GMT 3:00) Eastern African Time (Africa/Addis_Ababa),True
397,@EG@605391b0f5eb872a3408308794345430,,Fred moses idewa,1112,Kenya,1000622,,KES,77,Kenyan Shilling,KES,,dd/MM/yyyy,2,,,2025-10-02 05:00:00,"#,###.##",DD/MM/YYYY,2025-10-02 07:43:50,2025-10-02 07:43:50,100324,1,,0,,4,English,1000622,,0,0,,1,0,,3,394,(GMT 3:00) Eastern African Time (Africa/Addis_Ababa),True
396,@EG@0ef051ac09b84b18c0fbc501a2f8df9d,,A.s.k,1112,Kenya,1000621,,KES,77,Kenyan Shilling,KES,,dd/MM/yyyy,2,,,2025-10-02 05:00:00,"#,###.##",DD/MM/YYYY,2025-10-02 07:27:52,2025-10-02 07:27:52,100323,1,,0,,4,English,1000621,,0,0,,1,0,,3,394,(GMT 3:00) Eastern African Time (Africa/Addis_Ababa),True
395,@EG@d65671d83a738749ba636351021feef6,,Naivers,1022,Belgium,1000620,,EUR,49,Euro,€,,dd/MM/yyyy,2,,,2025-10-02 07:00:00,"# ###,##",DD/MM/YYYY,2025-10-02 07:20:11,2025-10-02 07:20:11,100322,7,,0,,4,English,1000620,,0,0,,1,0,,1,295,(GMT 1:00) Central European Time (Africa/Algiers),True
394,@EG@906cae27bca50a9a426bf4e647f178c0,,Helen,1112,Kenya,1000619,,KES,77,Kenyan Shilling,KES,,dd/MM/yyyy,2,,,2025-10-02 05:00:00,"#,###.##",DD/MM/YYYY,2025-10-02 06:56:48,2025-10-02 06:56:48,100320,1,,0,,4,English,1000619,,0,0,,1,0,,3,394,(GMT 3:00) Eastern African Time (Africa/Addis_Ababa),True
393,@EG@782b3206dc356942a77a0bddc01dc6bf,,Blissful,1112,Kenya,1000618,,KES,77,Kenyan Shilling,KES,,dd/MM/yyyy,2,,,2025-10-02 05:00:00,"#,###.##",DD/MM/YYYY,2025-10-02 07:02:35,2025-10-02 07:02:35,100321,7,,0,,4,English,1000618,,0,0,,1,0,,3,394,(GMT 3:00) Eastern African Time (Africa/Addis_Ababa),True
391,@EG@615945ee85441b713390abdef214e227,,Jethro Tull,1112,Kenya,1000616,,KES,77,Kenyan Shilling,KES,,dd/MM/yyyy,2,,,2025-10-02 05:00:00,"#,###.##",DD/MM/YYYY,2025-10-02 06:42:48,2025-10-02 06:42:48,100319,34,,0,,4,English,1000616,,0,0,,1,0,,3,394,(GMT 3:00) Eastern African Time (Africa/Addis_Ababa),True
390,@EG@9916e0ff35fa1035c069380168083b50,,Lucky luckyish,1112,Kenya,1000615,,KES,77,Kenyan Shilling,KES,,dd/MM/yyyy,2,,,2025-10-02 05:00:00,"#,###.##",DD/MM/YYYY,2025-10-02 06:38:26,2025-10-02 06:38:26,100318,18,,0,,4,English,1000615,,0,0,,1,0,,3,394,(GMT 3:00) Eastern African Time (Africa/Addis_Ababa),True
388,@EG@e6ac26852ea199024aa66093c0dc75bd,,Tipsun 001,1112,Kenya,1000613,,KES,77,Kenyan Shilling,KES,,dd/MM/yyyy,2,,,2025-10-02 05:00:00,"#,###.##",DD/MM/YYYY,2025-10-02 06:36:10,2025-10-02 06:36:10,100317,34,,0,,4,English,1000613,,0,0,,1,0,,3,394,(GMT 3:00) Eastern African Time (Africa/Addis_Ababa),True
387,@EG@a60a2c6ab2cfa747c212e25d864e15b2,,Daka kubwa,1112,Kenya,1000612,,KES,77,Kenyan Shilling,KES,,dd/MM/yyyy,2,,,2025-10-02 05:00:00,"#,###.##",DD/MM/YYYY,2025-10-02 06:30:37,2025-10-02 06:30:37,100316,3,,0,,4,English,1000612,,0,0,,1,0,,3,394,(GMT 3:00) Eastern African Time (Africa/Addis_Ababa),True
385,@EG@f5a2f146ee0083d30ee8f08f82f1e24f,,bonfacemutharimi,1112,Kenya,1000610,,KES,77,Kenyan Shilling,KES,,dd/MM/yyyy,2,,,2025-10-02 05:00:00,"#,###.##",DD/MM/YYYY,2025-10-02 06:26:17,2025-10-02 06:26:17,100315,7,,0,,4,English,1000610,,0,0,,1,0,,3,394,(GMT 3:00) Eastern African Time (Africa/Addis_Ababa),True
383,@EG@4eebdb1e17bcd68303387475ec0b3544,,Boutique but,1112,Kenya,1000608,,KES,77,Kenyan Shilling,KES,,dd/MM/yyyy,2,,,2025-10-02 05:00:00,"#,###.##",DD/MM/YYYY,2025-10-02 06:07:49,2025-10-02 06:07:49,100314,1,,0,,4,English,1000608,,0,0,,1,0,,3,394,(GMT 3:00) Eastern African Time (Africa/Addis_Ababa),True
381,@EG@caf0bcc67294df872b503649be582bcd,,Ishateq,1112,Kenya,1000606,,KES,77,Kenyan Shilling,KES,,dd/MM/yyyy,2,,,2025-10-02 05:00:00,"#,###.##",DD/MM/YYYY,2025-10-02 05:55:40,2025-10-02 05:55:40,100313,6,,0,,4,English,1000606,,0,0,,1,0,,3,394,(GMT 3:00) Eastern African Time (Africa/Addis_Ababa),True
380,@EG@fab7bc4766df91544ccd8b9d61f7cf9a,,Peter Onchari,1112,Kenya,1000605,,KES,77,Kenyan Shilling,KES,,dd/MM/yyyy,2,,,2025-10-02 05:00:00,"#,###.##",DD/MM/YYYY,2025-10-02 05:54:15,2025-10-02 05:54:15,100312,7,,0,,4,English,1000605,,0,0,,1,0,,3,394,(GMT 3:00) Eastern African Time (Africa/Addis_Ababa),True
379,@EG@2d0976139d33c80209748948e0c0bd87,,Lenanyekie Ltariano,1001,Afghanistan,1000604,,AFN,2,Afghan Afghani,AFN,,yyyy-MM-dd,2,,,2025-10-02 03:30:00,"#,###.##",YYYY-MM-DD,2025-10-02 05:52:01,2025-10-02 05:52:01,100311,1,,0,,4,English,1000604,,0,0,,1,0,,4.3,436,(GMT 4:30) Afghanistan Time (Asia/Kabul),True
378,@EG@5db289e84bc0e827557285ef5f0d4e42,,Kambona Stores,1112,Kenya,1000603,,KES,77,Kenyan Shilling,KES,,dd/MM/yyyy,2,,,2025-10-02 05:00:00,"#,###.##",DD/MM/YYYY,2025-10-02 05:39:33,2025-10-02 05:39:33,100309,14,,0,,4,English,1000603,,0,0,,1,0,,3,394,(GMT 3:00) Eastern African Time (Africa/Addis_Ababa),True
376,@EG@0710736e3840703841be12e37c34234c,,Flavine,1112,Kenya,1000601,,KES,77,Kenyan Shilling,KES,,dd/MM/yyyy,2,,,2025-10-02 05:00:00,"#,###.##",DD/MM/YYYY,2025-10-02 05:40:31,2025-10-02 05:40:31,100310,4,,0,,4,English,1000601,,0,0,,1,0,,3,394,(GMT 3:00) Eastern African Time (Africa/Addis_Ababa),True
375,@EG@e0314c30307e36a14ffe8541669aa649,,Kenya power,1112,Kenya,1000600,,KES,77,Kenyan Shilling,KES,,dd/MM/yyyy,2,,,2025-10-02 05:00:00,"#,###.##",DD/MM/YYYY,2025-10-02 05:37:43,2025-10-02 05:37:43,100308,10,,0,,4,English,1000600,,0,0,,1,0,,3,394,(GMT 3:00) Eastern African Time (Africa/Addis_Ababa),True
374,@EG@876faabb99a97716381f17a55926b302,,I don't have i am new,1112,Kenya,1000599,,KES,77,Kenyan Shilling,KES,,dd/MM/yyyy,2,,,2025-10-02 05:00:00,"#,###.##",DD/MM/YYYY,2025-10-02 05:36:24,2025-10-02 05:36:24,100307,2,,0,,4,English,1000599,,0,0,,1,0,,3,394,(GMT 3:00) Eastern African Time (Africa/Addis_Ababa),True
372,@EG@7ee3c0b46a7e5f49ca77fc09eae1fc36,,Nasreen Aarif,1039,Canada,1000597,,CAD,27,Canadian Dollar,$,,yyyy-MM-dd,2,,,2025-10-02 13:00:00,"#,###.##",YYYY-MM-DD,2025-10-02 05:22:31,2025-10-02 05:22:31,100306,6,,0,,4,English,1000597,,0,0,,1,0,,-5,110,(GMT -5:00) Eastern Standard Time (America/Atikokan),True
370,@EG@0821cb54521ac9de1707296afec0f8bd,,Geofrey Mulongo,1112,Kenya,1000595,,KES,77,Kenyan Shilling,KES,,dd/MM/yyyy,2,,,2025-10-09 05:00:00,"#,###.##",DD/MM/YYYY,2025-10-09 05:03:27,2025-10-09 05:03:27,100762,18,,0,,4,English,1000595,,0,0,,1,0,,3,394,(GMT 3:00) Eastern African Time (Africa/Addis_Ababa),True
369,@EG@c3e325bdccb97c42ef39bf4c3460e9b9,,Ezraensosh,1112,Kenya,1000594,,KES,77,Kenyan Shilling,KES,,dd/MM/yyyy,2,,,2025-10-02 05:00:00,"#,###.##",DD/MM/YYYY,2025-10-02 05:12:53,2025-10-02 05:12:53,100305,7,,0,,4,English,1000594,,0,0,,1,0,,3,394,(GMT 3:00) Eastern African Time (Africa/Addis_Ababa),True
367,@EG@c9c5fa9b62fa264b2b84d8682314e74c,,Biladi contracts,1112,Kenya,1000592,,KES,77,Kenyan Shilling,KES,,dd/MM/yyyy,2,,,2025-10-02 05:00:00,"#,###.##",DD/MM/YYYY,2025-10-02 05:08:54,2025-10-02 05:08:54,100304,2,,0,,4,English,1000592,,0,0,,1,0,,3,394,(GMT 3:00) Eastern African Time (Africa/Addis_Ababa),True
366,@EG@2778c23e3a4688b8d6a71498f6ff4c97,,Hussein Charo,1112,Kenya,1000591,,KES,77,Kenyan Shilling,KES,,dd/MM/yyyy,2,,,2025-10-02 05:00:00,"#,###.##",DD/MM/YYYY,2025-10-02 05:07:09,2025-10-02 05:07:09,100303,34,,0,,4,English,1000591,,0,0,,1,0,,3,394,(GMT 3:00) Eastern African Time (Africa/Addis_Ababa),True
364,@EG@0f5400e65a67dd9d143e28d5d4fd0cfe,,ABDULAZIZ,1006,Andorra,1000589,,EUR,49,Euro,€,,dd/MM/yyyy,2,,,2025-10-02 07:00:00,"#.###,##",DD/MM/YYYY,2025-10-02 05:06:26,2025-10-02 05:06:26,100302,4,,0,,4,English,1000589,,0,0,,1,0,,1,295,(GMT 1:00) Central European Time (Africa/Algiers),True
362,@EG@e5b188449bc148289dec6f6648a89a22,,Julax Painting and Interior Design,1112,Kenya,1000587,,KES,77,Kenyan Shilling,KES,,dd/MM/yyyy,2,,,2025-10-30 05:00:00,"#,###.##",DD/MM/YYYY,2025-10-30 17:56:34,2025-10-30 17:56:34,101797,15,,0,,4,English,1000587,,0,0,,1,0,,3,394,(GMT 3:00) Eastern African Time (Africa/Addis_Ababa),True
360,@EG@99ec0e141740d097ac512249a2fbf27b,,David njuguna,1112,Kenya,1000585,,KES,77,Kenyan Shilling,KES,,dd/MM/yyyy,2,,,2025-10-02 05:00:00,"#,###.##",DD/MM/YYYY,2025-10-02 05:04:28,2025-10-02 05:04:28,100300,1,,0,,4,English,1000585,,0,0,,1,0,,3,394,(GMT 3:00) Eastern African Time (Africa/Addis_Ababa),True
359,@EG@0a3f56ab66a9a383e129fd3d3f2e7f1d,,Vytex sellers,1112,Kenya,1000584,,KES,77,Kenyan Shilling,KES,,dd/MM/yyyy,2,,,2025-10-02 05:00:00,"#,###.##",DD/MM/YYYY,2025-10-02 05:04:46,2025-10-02 05:04:46,100301,2,,0,,4,English,1000584,,0,0,,1,0,,3,394,(GMT 3:00) Eastern African Time (Africa/Addis_Ababa),True
358,@EG@1b91c5c9b463ecb5d5e24310b1841dd2,,Amex,1039,Canada,1000583,,CAD,27,Canadian Dollar,$,,yyyy-MM-dd,2,,,2025-10-02 13:00:00,"#,###.##",YYYY-MM-DD,2025-10-02 05:04:10,2025-10-02 05:04:10,100299,21,,0,,4,English,1000583,,0,0,,1,0,,-5,110,(GMT -5:00) Eastern Standard Time (America/Atikokan),True
357,@EG@bf0e32c3fd344540bd64ab0e663886a1,,Little yeyo enterprises,1112,Kenya,1000582,,KES,77,Kenyan Shilling,KES,,dd/MM/yyyy,2,,,2025-10-02 05:00:00,"#,###.##",DD/MM/YYYY,2025-10-02 04:20:08,2025-10-02 04:20:08,100298,10,,0,,4,English,1000582,,0,0,,1,0,,3,394,(GMT 3:00) Eastern African Time (Africa/Addis_Ababa),True
356,@EG@752c9020d1c81f9d75f92f5c6f0ac713,,James Makokha,1112,Kenya,1000581,,KES,77,Kenyan Shilling,KES,,dd/MM/yyyy,2,,,2025-10-02 05:00:00,"#,###.##",DD/MM/YYYY,2025-10-02 03:18:11,2025-10-02 03:18:11,100297,5,,0,,4,English,1000581,,0,0,,1,0,,3,394,(GMT 3:00) Eastern African Time (Africa/Addis_Ababa),True
355,@EG@4e091cf90efb9cd57a245d6540882ae2,,Jabev limited,1112,Kenya,1000580,,KES,77,Kenyan Shilling,KES,,dd/MM/yyyy,2,,,2025-10-02 05:00:00,"#,###.##",DD/MM/YYYY,2025-10-02 03:08:56,2025-10-02 03:08:56,100296,3,,0,,4,English,1000580,,0,0,,1,0,,3,394,(GMT 3:00) Eastern African Time (Africa/Addis_Ababa),True
354,@EG@c5934d8710a000a851a351f977f04d1d,,Harris Kipla,1112,Kenya,1000579,,KES,77,Kenyan Shilling,KES,,dd/MM/yyyy,2,,,2025-10-02 05:00:00,"#,###.##",DD/MM/YYYY,2025-10-02 02:44:07,2025-10-02 02:44:07,100295,3,,0,,4,English,1000579,,0,0,,1,0,,3,394,(GMT 3:00) Eastern African Time (Africa/Addis_Ababa),True
353,@EG@72a8094f5c6472aa4e8be10937c17ec4,,Ancy Branding and Sighnage,1112,Kenya,1000578,,KES,77,Kenyan Shilling,KES,,dd/MM/yyyy,2,,,2025-10-02 05:00:00,"#,###.##",DD/MM/YYYY,2025-10-02 02:25:32,2025-10-02 02:25:32,100294,21,,0,,4,English,1000578,,0,0,,1,0,,3,394,(GMT 3:00) Eastern African Time (Africa/Addis_Ababa),True
351,@EG@176b040e1ea5d3bd638ec831dc0df6e7,,WANDATECH SUPPLIES LIMITED,1112,Kenya,1000575,,KES,77,Kenyan Shilling,KES,,dd/MM/yyyy,2,,,2025-10-01 05:00:00,"#,###.##",DD/MM/YYYY,2025-10-01 23:08:29,2025-10-01 23:08:29,100293,15,,0,,4,English,1000575,,0,0,,1,0,,3,394,(GMT 3:00) Eastern African Time (Africa/Addis_Ababa),True
350,@EG@d50d365284bafb8430a58383f6e95d47,,LOOP,1112,Kenya,1000574,,KES,77,Kenyan Shilling,KES,,dd/MM/yyyy,2,,,2025-10-01 05:00:00,"#,###.##",DD/MM/YYYY,2025-10-01 22:21:16,2025-10-01 22:21:16,100292,6,,0,,4,English,1000574,,0,0,,1,0,,3,394,(GMT 3:00) Eastern African Time (Africa/Addis_Ababa),True
349,@EG@520be7f49ab3e982a2666cbad7888672,,Joe Engi. consultancy,1112,Kenya,1000573,,KES,77,Kenyan Shilling,KES,,dd/MM/yyyy,2,,,2025-10-01 05:00:00,"#,###.##",DD/MM/YYYY,2025-10-01 21:44:02,2025-10-01 21:44:02,100291,22,,0,,4,English,1000573,,0,0,,1,0,,3,394,(GMT 3:00) Eastern African Time (Africa/Addis_Ababa),True
348,@EG@0cc11b3ee16aacbdcdba3bda165a4fa3,,CRANE'S PHARMACY,1112,Kenya,1000572,,KES,77,Kenyan Shilling,KES,,dd/MM/yyyy,2,,,2025-10-01 05:00:00,"#,###.##",DD/MM/YYYY,2025-10-01 21:35:48,2025-10-01 21:35:48,100290,2,,0,,4,English,1000572,,0,0,,1,0,,3,394,(GMT 3:00) Eastern African Time (Africa/Addis_Ababa),True
347,@EG@67dc3c20acf91f22584dec1c9e5b2b7a,,Joseph Vundi,1112,Kenya,1000571,,KES,77,Kenyan Shilling,KES,,dd/MM/yyyy,2,,,2025-10-01 05:00:00,"#,###.##",DD/MM/YYYY,2025-10-01 21:24:51,2025-10-01 21:24:51,100289,22,,0,,4,English,1000571,,0,0,,1,0,,3,394,(GMT 3:00) Eastern African Time (Africa/Addis_Ababa),True
346,@EG@5a709f330f07fa547eb2fc9e67b7b4ec,,Yasin Yasir,1112,Kenya,1000570,,KES,77,Kenyan Shilling,KES,,dd/MM/yyyy,2,,,2025-10-01 05:00:00,"#,###.##",DD/MM/YYYY,2025-10-01 21:20:10,2025-10-01 21:20:10,100288,1,,0,,4,English,1000570,,0,0,,1,0,,3,394,(GMT 3:00) Eastern African Time (Africa/Addis_Ababa),True
345,@EG@a669d121344258223a277e2d8c0db335,,RAKIDOM MINI SUPERMARKET,1112,Kenya,1000569,,KES,77,Kenyan Shilling,KES,,dd/MM/yyyy,2,,,2025-10-01 05:00:00,"#,###.##",DD/MM/YYYY,2025-10-01 16:20:41,2025-10-01 16:20:41,100287,3,,0,,4,English,1000569,,0,0,,1,0,,3,394,(GMT 3:00) Eastern African Time (Africa/Addis_Ababa),True
344,@EG@71b087a998ed364e5f2c4d4e66c77ae6,,Welcare,1112,Kenya,1000568,,KES,77,Kenyan Shilling,KES,,dd/MM/yyyy,2,,,2025-10-01 05:00:00,"#,###.##",DD/MM/YYYY,2025-10-01 15:44:53,2025-10-01 15:44:53,100286,10,,0,,4,English,1000568,,0,0,,1,0,,3,394,(GMT 3:00) Eastern African Time (Africa/Addis_Ababa),True
343,@EG@382573f90801379b682bcd1a68de97e2,,IoTnics,1112,Kenya,1000567,,KES,77,Kenyan Shilling,KES,,dd/MM/yyyy,2,,,2025-10-01 05:00:00,"#,###.##",DD/MM/YYYY,2025-10-01 15:00:26,2025-10-01 15:00:26,100285,16,,0,,4,English,1000567,,0,0,,1,0,,3,394,(GMT 3:00) Eastern African Time (Africa/Addis_Ababa),True
342,@EG@cf0302c7d39fbd6eb67b980fc269c780,,Ngunjiri,1112,Kenya,1000565,,KES,77,Kenyan Shilling,KES,,dd/MM/yyyy,2,,,2025-10-01 05:00:00,"#,###.##",DD/MM/YYYY,2025-10-01 14:49:54,2025-10-01 14:49:54,100283,34,,0,,4,English,1000565,,0,0,,1,0,,3,394,(GMT 3:00) Eastern African Time (Africa/Addis_Ababa),True
341,@EG@5b6dca5be204ef92d72b75419d1f4acb,,Kariuki Justin,1112,Kenya,1000564,,KES,77,Kenyan Shilling,KES,,dd/MM/yyyy,2,,,2025-10-01 05:00:00,"#,###.##",DD/MM/YYYY,2025-10-01 14:47:38,2025-10-01 14:47:38,100282,5,,0,,4,English,1000564,,0,0,,1,0,,3,394,(GMT 3:00) Eastern African Time (Africa/Addis_Ababa),True
340,@EG@3d422bf539c797c4b69fca0a4a9e41ae,,Musyimi enterprises,1112,Kenya,1000563,,KES,77,Kenyan Shilling,KES,,dd/MM/yyyy,2,,,2025-10-01 05:00:00,"#,###.##",DD/MM/YYYY,2025-10-01 14:52:35,2025-10-01 14:52:35,100284,7,,0,,4,English,1000563,,0,0,,1,0,,3,394,(GMT 3:00) Eastern African Time (Africa/Addis_Ababa),True
339,@EG@b69391896b474751c3225fe73ac2528e,,Junior lemayian Junior lemayian Sena,1112,Kenya,1000562,,KES,77,Kenyan Shilling,KES,,dd/MM/yyyy,2,,,2025-10-01 05:00:00,"#,###.##",DD/MM/YYYY,2025-10-01 14:46:14,2025-10-01 14:46:14,100281,34,,0,,4,English,1000562,,0,0,,1,0,,3,394,(GMT 3:00) Eastern African Time (Africa/Addis_Ababa),True
338,@EG@9f9590a5412d80888acf14764709baa3,,Capability company,1112,Kenya,1000561,,KES,77,Kenyan Shilling,KES,,dd/MM/yyyy,2,,,2025-10-01 05:00:00,"#,###.##",DD/MM/YYYY,2025-10-01 14:45:06,2025-10-01 14:45:06,100279,4,,0,,4,English,1000561,,0,0,,1,0,,3,394,(GMT 3:00) Eastern African Time (Africa/Addis_Ababa),True
337,@EG@10dba83309f47626a768c0384f724758,,Self employment,1112,Kenya,1000560,,KES,77,Kenyan Shilling,KES,,dd/MM/yyyy,2,,,2025-10-01 05:00:00,"#,###.##",DD/MM/YYYY,2025-10-01 14:45:41,2025-10-01 14:45:41,100280,7,,0,,4,English,1000560,,0,0,,1,0,,3,394,(GMT 3:00) Eastern African Time (Africa/Addis_Ababa),True
335,@EG@714836906c660b5ed6ce49833ee1ed22,,Melvin Uside,1112,Kenya,1000558,,KES,77,Kenyan Shilling,KES,,dd/MM/yyyy,2,,,2025-10-01 05:00:00,"#,###.##",DD/MM/YYYY,2025-10-01 14:43:42,2025-10-01 14:43:42,100278,4,,0,,4,English,1000558,,0,0,,1,0,,3,394,(GMT 3:00) Eastern African Time (Africa/Addis_Ababa),True
334,@EG@3a43cc13bed4a1cac5b5dea0d859322c,,Power tech Energies,1112,Kenya,1000557,,KES,77,Kenyan Shilling,KES,,dd/MM/yyyy,2,,,2025-10-01 05:00:00,"#,###.##",DD/MM/YYYY,2025-10-01 14:27:24,2025-10-01 14:27:24,100276,15,,0,,4,English,1000557,,0,0,,1,0,,3,394,(GMT 3:00) Eastern African Time (Africa/Addis_Ababa),True
332,@EG@1a4c6c7c3cdbe39d5a8b36bc88ea1fd3,,Dennis bosko,1112,Kenya,1000555,,KES,77,Kenyan Shilling,KES,,dd/MM/yyyy,2,,,2025-10-01 05:00:00,"#,###.##",DD/MM/YYYY,2025-10-01 14:35:10,2025-10-01 14:35:10,100277,1,,0,,4,English,1000555,,0,0,,1,0,,3,394,(GMT 3:00) Eastern African Time (Africa/Addis_Ababa),True
331,@EG@5d3628934407b8af8feb919ceb095d64,,Gloria Kim,1112,Kenya,1000554,,KES,77,Kenyan Shilling,KES,,dd/MM/yyyy,2,,,2025-10-01 05:00:00,"#,###.##",DD/MM/YYYY,2025-10-01 14:22:17,2025-10-01 14:22:17,100275,5,,0,,4,English,1000554,,0,0,,1,0,,3,394,(GMT 3:00) Eastern African Time (Africa/Addis_Ababa),True
330,@EG@49206d192c0ff77f6e745d326ec21a73,,Mukiti,1112,Kenya,1000553,,KES,77,Kenyan Shilling,KES,,dd/MM/yyyy,2,,,2025-10-01 05:00:00,"#,###.##",DD/MM/YYYY,2025-10-01 14:18:50,2025-10-01 14:18:50,100274,5,,0,,4,English,1000553,,0,0,,1,0,,3,394,(GMT 3:00) Eastern African Time (Africa/Addis_Ababa),True
329,@EG@31fa79e1f3cbeaa90f3f2c75f6889329,,Mama ASAM,1112,Kenya,1000552,,KES,77,Kenyan Shilling,KES,,dd/MM/yyyy,2,,,2025-10-01 05:00:00,"#,###.##",DD/MM/YYYY,2025-10-01 14:14:18,2025-10-01 14:14:18,100273,14,,0,,4,English,1000552,,0,0,,1,0,,3,394,(GMT 3:00) Eastern African Time (Africa/Addis_Ababa),True
328,@EG@f99eada4accda712d976e5fb0b0e3a26,,Abdifitaax ibrahim,1112,Kenya,1000551,,KES,77,Kenyan Shilling,KES,,dd/MM/yyyy,2,,,2025-10-01 05:00:00,"#,###.##",DD/MM/YYYY,2025-10-01 10:32:27,2025-10-01 10:32:27,100272,1,,0,,4,English,1000551,,0,0,,1,0,,3,394,(GMT 3:00) Eastern African Time (Africa/Addis_Ababa),True
326,@EG@376dfc90124c49cd3c0a8c52a4d02e65,,Waso ltd,1112,Kenya,1000549,,KES,77,Kenyan Shilling,KES,,dd/MM/yyyy,2,,,2025-10-01 05:00:00,"#,###.##",DD/MM/YYYY,2025-10-01 09:47:56,2025-10-01 09:47:56,100271,1,,0,,4,English,1000549,,0,0,,1,0,,3,394,(GMT 3:00) Eastern African Time (Africa/Addis_Ababa),True
325,@EG@a727c52a16e06430816641e2e0bf80b7,,Abdallah,1112,Kenya,1000548,,KES,77,Kenyan Shilling,KES,,dd/MM/yyyy,2,,,2025-10-01 05:00:00,"#,###.##",DD/MM/YYYY,2025-10-01 07:52:12,2025-10-01 07:52:12,100270,7,,0,,4,English,1000548,,0,0,,1,0,,3,394,(GMT 3:00) Eastern African Time (Africa/Addis_Ababa),True
322,@EG@291eb8951a2d50d5136dad1ee9cf03e5,,Ogonda juniors,1112,Kenya,1000545,,KES,77,Kenyan Shilling,KES,,dd/MM/yyyy,2,,,2025-10-01 05:00:00,"#,###.##",DD/MM/YYYY,2025-10-01 05:13:21,2025-10-01 05:13:21,100269,34,,0,,4,English,1000545,,0,0,,1,0,,3,394,(GMT 3:00) Eastern African Time (Africa/Addis_Ababa),True
320,@EG@d995ee64cbf768f477d3b7f61f5ad33b,,Hashi,1004,Algeria,1000543,,DZD,45,Algerian Dinar,DZD,,dd/MM/yyyy,2,,,2025-10-01 07:00:00,"# ###,##",DD/MM/YYYY,2025-10-01 05:09:38,2025-10-01 05:09:38,100268,4,,0,,4,English,1000543,,0,0,,1,0,,1,295,(GMT 1:00) Central European Time (Africa/Algiers),True
318,@EG@fa9814a264fa673cb72630413e095354,,Paby Asili,1112,Kenya,1000541,,KES,77,Kenyan Shilling,KES,,dd/MM/yyyy,2,,,2025-10-01 05:00:00,"#,###.##",DD/MM/YYYY,2025-10-01 04:29:38,2025-10-01 04:29:38,100267,7,,0,,4,English,1000541,,0,0,,1,0,,3,394,(GMT 3:00) Eastern African Time (Africa/Addis_Ababa),True
317,@EG@73826abb50b9831a99c97e2ad14ff3f9,,Imani bookshop,1112,Kenya,1000540,,KES,77,Kenyan Shilling,KES,,dd/MM/yyyy,2,,,2025-10-01 05:00:00,"#,###.##",DD/MM/YYYY,2025-10-01 04:11:36,2025-10-01 04:11:36,100266,4,,0,,4,English,1000540,,0,0,,1,0,,3,394,(GMT 3:00) Eastern African Time (Africa/Addis_Ababa),True
316,@EG@f39ba809fc6bf311246a0dd248b5a322,,EUXMART CYBER AND ACCESSORIES,1112,Kenya,1000539,,KES,77,Kenyan Shilling,KES,,dd/MM/yyyy,2,,,2025-10-01 05:00:00,"#,###.##",DD/MM/YYYY,2025-10-01 03:53:10,2025-10-01 03:53:10,100265,14,,0,,4,English,1000539,,0,0,,1,0,,3,394,(GMT 3:00) Eastern African Time (Africa/Addis_Ababa),True
315,@EG@b93fa9b8b4373f215464a831775c9dca,,members inn,1112,Kenya,1000538,,KES,77,Kenyan Shilling,KES,,dd/MM/yyyy,2,,,2025-10-01 05:00:00,"#,###.##",DD/MM/YYYY,2025-10-01 02:40:23,2025-10-01 02:40:23,100264,7,,0,,4,English,1000538,,0,0,,1,0,,3,394,(GMT 3:00) Eastern African Time (Africa/Addis_Ababa),True
314,@EG@a4769a59a8a9678b656e9b90c39749f4,,Msafiri work shop,1112,Kenya,1000537,,KES,77,Kenyan Shilling,KES,,dd/MM/yyyy,2,,,2025-10-01 05:00:00,"#,###.##",DD/MM/YYYY,2025-10-01 02:35:51,2025-10-01 02:35:51,100263,15,,0,,4,English,1000537,,0,0,,1,0,,3,394,(GMT 3:00) Eastern African Time (Africa/Addis_Ababa),True
313,@EG@9e6282453efe6c3bf3d6dec95ae9134b,,Zamzam,1112,Kenya,1000536,,KES,77,Kenyan Shilling,KES,,dd/MM/yyyy,2,,,2025-10-01 05:00:00,"#,###.##",DD/MM/YYYY,2025-10-01 02:14:33,2025-10-01 02:14:33,100262,33,,0,,4,English,1000536,,0,0,,1,0,,3,394,(GMT 3:00) Eastern African Time (Africa/Addis_Ababa),True
312,@EG@cbe1e9989dfaf504ebab870df0b04097,,AJ structures,1112,Kenya,1000535,,KES,77,Kenyan Shilling,KES,,dd/MM/yyyy,2,,,2025-10-01 05:00:00,"#,###.##",DD/MM/YYYY,2025-10-01 01:39:37,2025-10-01 01:39:37,100261,27,,0,,4,English,1000535,,0,0,,1,0,,3,394,(GMT 3:00) Eastern African Time (Africa/Addis_Ababa),True
311,@EG@9b53da2e64368b703991cd11027e03f8,,Unclek Eggdepot,1112,Kenya,1000534,,KES,77,Kenyan Shilling,KES,,dd/MM/yyyy,2,,,2025-10-01 05:00:00,"#,###.##",DD/MM/YYYY,2025-10-01 01:00:18,2025-10-01 01:00:18,100260,14,,0,,4,English,1000534,,0,0,,1,0,,3,394,(GMT 3:00) Eastern African Time (Africa/Addis_Ababa),True
310,@EG@2908ad7fe3a652024de4cfba5447e872,,Unique home furniture,1112,Kenya,1000533,,KES,77,Kenyan Shilling,KES,,dd/MM/yyyy,2,,,2025-09-30 05:00:00,"#,###.##",DD/MM/YYYY,2025-09-30 21:59:19,2025-09-30 21:59:19,100259,34,,0,,4,English,1000533,,0,0,,1,0,,3,394,(GMT 3:00) Eastern African Time (Africa/Addis_Ababa),True
309,@EG@a66105e62944c9d8d2f2124b7837ed2c,,Geofrey Kaka Moywaywa,1112,Kenya,1000532,,KES,77,Kenyan Shilling,KES,,dd/MM/yyyy,2,,,2025-09-30 05:00:00,"#,###.##",DD/MM/YYYY,2025-09-30 21:54:56,2025-09-30 21:54:56,100258,15,,0,,4,English,1000532,,0,0,,1,0,,3,394,(GMT 3:00) Eastern African Time (Africa/Addis_Ababa),True
308,@EG@56368cd0dbb40e610f88a421b2bed427,,Mapesa's choice,1112,Kenya,1000531,,KES,77,Kenyan Shilling,KES,,dd/MM/yyyy,2,,,2025-09-30 05:00:00,"#,###.##",DD/MM/YYYY,2025-09-30 21:02:56,2025-09-30 21:02:56,100257,7,,0,,4,English,1000531,,0,0,,1,0,,3,394,(GMT 3:00) Eastern African Time (Africa/Addis_Ababa),True
307,@EG@9bafb504b522f6e505fcccb7a2f6c717,,Meek shop,1112,Kenya,1000529,,KES,77,Kenyan Shilling,KES,,dd/MM/yyyy,2,,,2025-09-30 05:00:00,"#,###.##",DD/MM/YYYY,2025-09-30 20:31:42,2025-09-30 20:31:42,100256,14,,0,,4,English,1000529,,0,0,,1,0,,3,394,(GMT 3:00) Eastern African Time (Africa/Addis_Ababa),True
306,@EG@67d79405e75fc8dbf5b22985ca017dca,,MNKafe Ltd,1112,Kenya,1000528,,KES,77,Kenyan Shilling,KES,,dd/MM/yyyy,2,,,2025-09-30 05:00:00,"#,###.##",DD/MM/YYYY,2025-09-30 20:20:53,2025-09-30 20:20:53,100255,7,,0,,4,English,1000528,,0,0,,1,0,,3,394,(GMT 3:00) Eastern African Time (Africa/Addis_Ababa),True
305,@EG@7ed7f10d54bd9733ad8eadffa0b92e96,,Mosaic bull,1112,Kenya,1000527,,KES,77,Kenyan Shilling,KES,,dd/MM/yyyy,2,,,2025-09-30 05:00:00,"#,###.##",DD/MM/YYYY,2025-09-30 18:43:21,2025-09-30 18:43:21,100253,3,,0,,4,English,1000527,,0,0,,1,0,,3,394,(GMT 3:00) Eastern African Time (Africa/Addis_Ababa),True
304,@EG@487373a91c8ff4c38cadfd68bcfb50de,,Uptown,1112,Kenya,1000526,,KES,77,Kenyan Shilling,KES,,dd/MM/yyyy,2,,,2025-09-30 05:00:00,"#,###.##",DD/MM/YYYY,2025-09-30 18:40:35,2025-09-30 18:40:35,100252,3,,0,,4,English,1000526,,0,0,,1,0,,3,394,(GMT 3:00) Eastern African Time (Africa/Addis_Ababa),True
303,@EG@1688988a9f3b97fd2cc706be9d613145,,传音控股,1112,Kenya,1000525,,KES,77,Kenyan Shilling,KES,,dd/MM/yyyy,2,,,2025-10-17 05:00:00,"#,###.##",DD/MM/YYYY,2025-10-17 16:47:56,2025-10-17 16:47:56,101266,6,,0,,4,English,1000525,,0,0,,1,0,,3,394,(GMT 3:00) Eastern African Time (Africa/Addis_Ababa),True
301,@EG@4044659013ecdc8acb730630d8c136d2,,Silita travel,1112,Kenya,1000522,,KES,77,Kenyan Shilling,KES,,dd/MM/yyyy,2,,,2025-09-30 05:00:00,"#,###.##",DD/MM/YYYY,2025-09-30 15:29:36,2025-09-30 15:29:36,100251,18,,0,,4,English,1000522,,0,0,,1,0,,3,394,(GMT 3:00) Eastern African Time (Africa/Addis_Ababa),True
299,@EG@ce64837cd1fa23488bbc3f62fc233ade,,SpoilerL.T.D,1112,Kenya,1000520,,KES,77,Kenyan Shilling,KES,,dd/MM/yyyy,2,,,2025-09-30 05:00:00,"#,###.##",DD/MM/YYYY,2025-09-30 14:43:09,2025-09-30 14:43:09,100250,1,,0,,4,English,1000520,,0,0,,1,0,,3,394,(GMT 3:00) Eastern African Time (Africa/Addis_Ababa),True
298,@EG@320dadde1fd71f9d178f4d55e21eb9fc,,sebastian ndenga,1112,Kenya,1000519,,KES,77,Kenyan Shilling,KES,,dd/MM/yyyy,2,,,2025-09-30 05:00:00,"#,###.##",DD/MM/YYYY,2025-09-30 14:26:05,2025-09-30 14:26:05,100249,2,,0,,4,English,1000519,,0,0,,1,0,,3,394,(GMT 3:00) Eastern African Time (Africa/Addis_Ababa),True
296,@EG@f5bf689467b7e5609f64f8b7c0d9e159,,shalom cafe,1112,Kenya,1000517,,KES,77,Kenyan Shilling,KES,,dd/MM/yyyy,2,,,2025-09-30 05:00:00,"#,###.##",DD/MM/YYYY,2025-09-30 12:40:02,2025-09-30 12:40:02,100248,7,,0,,4,English,1000517,,0,0,,1,0,,3,394,(GMT 3:00) Eastern African Time (Africa/Addis_Ababa),True
292,@EG@20c1071c3a466d614174e091a8787a01,,Kipkiki,1112,Kenya,1000513,,KES,77,Kenyan Shilling,KES,,dd/MM/yyyy,2,,,2025-09-30 05:00:00,"#,###.##",DD/MM/YYYY,2025-09-30 12:07:31,2025-09-30 12:07:31,100247,27,,0,,4,English,1000513,,0,0,,1,0,,3,394,(GMT 3:00) Eastern African Time (Africa/Addis_Ababa),True
290,@EG@75c3103dcfed21887d26ec12db5773ca,,HEAVEN LOUNGE,1112,Kenya,1000511,,KES,77,Kenyan Shilling,KES,,dd/MM/yyyy,2,,,2025-09-30 05:00:00,"#,###.##",DD/MM/YYYY,2025-09-30 05:03:24,2025-09-30 05:03:24,100246,7,,0,,4,English,1000511,,0,0,,1,0,,3,394,(GMT 3:00) Eastern African Time (Africa/Addis_Ababa),True
289,@EG@522cb230e3b8556f441b50a2add15f60,,Oduk Pius,1221,Uganda,1000510,,UGX,154,Ugandan Shilling,UGX,,dd/MM/yyyy,2,,,2025-09-30 05:00:00,# ###.##,DD/MM/YYYY,2025-09-30 04:50:26,2025-09-30 04:50:26,100245,6,,0,,4,English,1000510,,0,0,,1,0,,3,394,(GMT 3:00) Eastern African Time (Africa/Addis_Ababa),True
288,@EG@f0e5c1434aac90d913adae1664d4fa17,,KASUKU LOUNGE,1112,Kenya,1000509,,KES,77,Kenyan Shilling,KES,,dd/MM/yyyy,2,,,2025-09-30 05:00:00,"#,###.##",DD/MM/YYYY,2025-09-30 04:09:06,2025-09-30 04:09:06,100244,14,,0,,4,English,1000509,,0,0,,1,0,,3,394,(GMT 3:00) Eastern African Time (Africa/Addis_Ababa),True
287,@EG@f82245c582b1cc4a6e1d39b444ea16af,,Gefans Enterprises,1112,Kenya,1000507,,KES,77,Kenyan Shilling,KES,,dd/MM/yyyy,2,,,2025-09-30 05:00:00,"#,###.##",DD/MM/YYYY,2025-09-30 03:19:18,2025-09-30 03:19:18,100243,15,,0,,4,English,1000507,,0,0,,1,0,,3,394,(GMT 3:00) Eastern African Time (Africa/Addis_Ababa),True
285,@EG@11d08704c9cf4867a49e1ce678784410,,Derick Kamau,1112,Kenya,1000505,,KES,77,Kenyan Shilling,KES,,dd/MM/yyyy,2,,,2025-09-30 05:00:00,"#,###.##",DD/MM/YYYY,2025-09-30 02:33:05,2025-09-30 02:33:05,100242,14,,0,,4,English,1000505,,0,0,,1,0,,3,394,(GMT 3:00) Eastern African Time (Africa/Addis_Ababa),True
284,@EG@b85037dbe640f77df988f66cffabe790,,LaptopHub Solutions,1112,Kenya,1000504,,KES,77,Kenyan Shilling,KES,,dd/MM/yyyy,2,,,2025-09-30 05:00:00,"#,###.##",DD/MM/YYYY,2025-09-30 02:14:42,2025-09-30 02:14:42,100241,16,,0,,4,English,1000504,,0,0,,1,0,,3,394,(GMT 3:00) Eastern African Time (Africa/Addis_Ababa),True
283,@EG@42e59e68b5dd1215ff770312d4f6289f,,Lights,1112,Kenya,1000503,,KES,77,Kenyan Shilling,KES,,dd/MM/yyyy,2,,,2025-09-29 05:00:00,"#,###.##",DD/MM/YYYY,2025-09-29 21:20:44,2025-09-29 21:20:44,100240,3,,0,,4,English,1000503,,0,0,,1,0,,3,394,(GMT 3:00) Eastern African Time (Africa/Addis_Ababa),True
282,@EG@45b5a59d5a91dc88efb3fbf9b166ff5f,,Magondu,1112,Kenya,1000502,,KES,77,Kenyan Shilling,KES,,dd/MM/yyyy,2,,,2025-09-29 05:00:00,"#,###.##",DD/MM/YYYY,2025-09-29 21:09:21,2025-09-29 21:09:21,100239,3,,0,,4,English,1000502,,0,0,,1,0,,3,394,(GMT 3:00) Eastern African Time (Africa/Addis_Ababa),True
281,@EG@f174472bc5bec37d1080a79672f169bc,,Owen Githu,1112,Kenya,1000501,,KES,77,Kenyan Shilling,KES,,dd/MM/yyyy,2,,,2025-09-29 05:00:00,"#,###.##",DD/MM/YYYY,2025-09-29 18:41:39,2025-09-29 18:41:39,100238,14,,0,,4,English,1000501,,0,0,,1,0,,3,394,(GMT 3:00) Eastern African Time (Africa/Addis_Ababa),True
280,@EG@120d10b12ecbebb32be58220a731a910,,Imjo Adventures,1112,Kenya,1000499,,KES,77,Kenyan Shilling,KES,,dd/MM/yyyy,2,,,2025-09-29 05:00:00,"#,###.##",DD/MM/YYYY,2025-09-29 15:03:34,2025-09-29 15:03:34,100237,7,,0,,4,English,1000499,,0,0,,1,0,,3,394,(GMT 3:00) Eastern African Time (Africa/Addis_Ababa),True
279,@EG@2969ed3ed5241e2390798420324e809b,,测试企业-001,1007,Angola,1000498,,AOA,6,Angolan Kwanza,AOA,,dd-MM-yyyy,3,,,2025-10-01 07:00:00,"#,###.##",DD-MM-YYYY,2025-10-10 16:31:23,2025-10-10 16:31:23,101081,1,,0,,4,English,1000498,,1,0,,1,0,,1,295,(GMT 1:00) Central European Time (Africa/Algiers),True
279,@EG@271f03ea1a3d8301b5cc99fca56d738c,,test_gg,1096,Hong Kong,1000498,,HKD,61,Hong Kong Dollar,HK$,,dd/MM/yyyy,2,,,2025-09-01 00:00:00,"#,###.##",DD/MM/YYYY,2025-09-29 11:38:53,2025-09-29 11:38:53,100236,4,,0,,4,English,1000498,,1,0,,1,0,,8,488,(GMT 8:00) Hong Kong Time (Asia/Hong_Kong),True
278,@EG@536f83043cc456bd304d9534c7b99721,,Hack,1112,Kenya,1000497,,KES,77,Kenyan Shilling,KES,,dd/MM/yyyy,2,,,2025-09-29 05:00:00,"#,###.##",DD/MM/YYYY,2025-09-29 05:18:13,2025-09-29 05:18:13,100235,34,,0,,4,English,1000497,,0,0,,1,0,,3,394,(GMT 3:00) Eastern African Time (Africa/Addis_Ababa),True
276,@EG@0abd3328db31b2a53b9c7fd02b8f5b87,,bidzNbuy,1112,Kenya,1000495,,KES,77,Kenyan Shilling,KES,,dd/MM/yyyy,2,,,2025-09-29 05:00:00,"#,###.##",DD/MM/YYYY,2025-09-29 03:21:46,2025-09-29 03:21:46,100234,6,,0,,4,English,1000495,,0,0,,1,0,,3,394,(GMT 3:00) Eastern African Time (Africa/Addis_Ababa),True
275,@EG@058e7c6051805fc308c1b5121d74138e,,Berean Kibet,1112,Kenya,1000494,,KES,77,Kenyan Shilling,KES,,dd/MM/yyyy,2,,,2025-09-29 05:00:00,"#,###.##",DD/MM/YYYY,2025-09-29 02:39:59,2025-09-29 02:39:59,100233,16,,0,,4,English,1000494,,0,0,,1,0,,3,394,(GMT 3:00) Eastern African Time (Africa/Addis_Ababa),True
274,@EG@3d2fe9cdc904641dec2898419e4b1e48,,offside ke,1112,Kenya,1000493,,KES,77,Kenyan Shilling,KES,,dd/MM/yyyy,2,,,2025-09-29 05:00:00,"#,###.##",DD/MM/YYYY,2025-09-29 02:27:05,2025-09-29 02:27:05,100232,12,,0,,4,English,1000493,,0,0,,1,0,,3,394,(GMT 3:00) Eastern African Time (Africa/Addis_Ababa),True
273,@EG@1ffd13957837507a53db7c4e9c0e1da0,,Tavi solutions,1112,Kenya,1000492,,KES,77,Kenyan Shilling,KES,,dd/MM/yyyy,2,,,2025-09-29 05:00:00,"#,###.##",DD/MM/YYYY,2025-09-29 00:36:31,2025-09-29 00:36:31,100231,10,,0,,4,English,1000492,,0,0,,1,0,,3,394,(GMT 3:00) Eastern African Time (Africa/Addis_Ababa),True
272,@EG@9f4d50c0127d165979b855e914ebfa56,,Richard Muhoro (rkmconsultance),1112,Kenya,1000491,,KES,77,Kenyan Shilling,KES,,dd/MM/yyyy,2,,,2025-09-28 05:00:00,"#,###.##",DD/MM/YYYY,2025-09-28 22:18:00,2025-09-28 22:18:00,100230,6,,0,,4,English,1000491,,0,0,,1,0,,3,394,(GMT 3:00) Eastern African Time (Africa/Addis_Ababa),True
271,@EG@b1586991e7e815e23fde5541c7e794ea,,Nyassaka phone point,1210,Tanzania,1000490,,TZS,152,Tanzanian Shilling,TZS,,dd/MM/yyyy,2,,,2025-09-28 05:00:00,"# ###,##",DD/MM/YYYY,2025-09-28 22:09:25,2025-09-28 22:09:25,100229,3,,0,,4,English,1000490,,0,0,,1,0,,3,394,(GMT 3:00) Eastern African Time (Africa/Addis_Ababa),True
270,@EG@0926408dff4c1c42b6345cba1626b839,,Keke K2k,1068,Ethiopia,1000489,,ETB,48,Ethiopian Birr,ETB,,dd/MM/yyyy,2,,,2025-09-28 05:00:00,"#.###,##",DD/MM/YYYY,2025-09-28 21:37:39,2025-09-28 21:37:39,100228,6,,0,,4,English,1000489,,0,0,,1,0,,3,410,(GMT 3:00) GMT+03:00 (Etc/GMT-3),True
269,@EG@8b733c3a0353468e815e690eb22a7e40,,Pearl apartment,1112,Kenya,1000488,,KES,77,Kenyan Shilling,KES,,dd/MM/yyyy,2,,,2025-09-28 05:00:00,"#,###.##",DD/MM/YYYY,2025-09-28 20:28:03,2025-09-28 20:28:03,100227,1,,0,,4,English,1000488,,0,0,,1,0,,3,394,(GMT 3:00) Eastern African Time (Africa/Addis_Ababa),True
268,@EG@44a5f8ed13ad7898ecfffb48171ccd68,,John,1112,Kenya,1000487,,KES,77,Kenyan Shilling,KES,,dd/MM/yyyy,2,,,2025-09-28 05:00:00,"#,###.##",DD/MM/YYYY,2025-09-28 20:16:51,2025-09-28 20:16:51,100226,7,,0,,4,English,1000487,,0,0,,1,0,,3,394,(GMT 3:00) Eastern African Time (Africa/Addis_Ababa),True
267,@EG@79dfedc27104a24a8f36c879c4fd453e,,Bikila Gezahegn,1068,Ethiopia,1000486,,ETB,48,Ethiopian Birr,ETB,,dd/MM/yyyy,2,,,2025-09-28 05:00:00,"#.###,##",DD/MM/YYYY,2025-09-28 18:14:22,2025-09-28 18:14:22,100225,32,,0,,4,English,1000486,,0,0,,1,0,,3,410,(GMT 3:00) GMT+03:00 (Etc/GMT-3),True
264,@EG@8d00b794bf3db86a2d3e1819e074d931,,Starboy world,1112,Kenya,1000483,,KES,77,Kenyan Shilling,KES,,dd/MM/yyyy,2,,,2025-09-28 05:00:00,"#,###.##",DD/MM/YYYY,2025-09-28 02:25:45,2025-09-28 02:25:45,100223,3,,0,,4,English,1000483,,0,0,,1,0,,3,394,(GMT 3:00) Eastern African Time (Africa/Addis_Ababa),True
263,@EG@7509da94362b74621ef33e523a68df97,,bozko business centre,1112,Kenya,1000482,,KES,77,Kenyan Shilling,KES,,dd/MM/yyyy,2,,,2025-09-28 05:00:00,"#,###.##",DD/MM/YYYY,2025-09-28 01:10:33,2025-09-28 01:10:33,100222,14,,0,,4,English,1000482,,0,0,,1,0,,3,394,(GMT 3:00) Eastern African Time (Africa/Addis_Ababa),True
262,@EG@9300469d5407fafe99bf5b1469e69a5a,,Kiwango Daniel,1210,Tanzania,1000481,,TZS,152,Tanzanian Shilling,TZS,,dd/MM/yyyy,2,,,2025-09-27 05:00:00,"# ###,##",DD/MM/YYYY,2025-09-27 22:09:15,2025-09-27 22:09:15,100221,3,,0,,4,English,1000481,,0,0,,1,0,,3,394,(GMT 3:00) Eastern African Time (Africa/Addis_Ababa),True
261,@EG@74ca6908758be034f4064fc41a735f2f,,Bendashboard Autospares,1112,Kenya,1000480,,KES,77,Kenyan Shilling,KES,,dd/MM/yyyy,2,,,2025-09-27 05:00:00,"#,###.##",DD/MM/YYYY,2025-09-27 20:17:37,2025-09-27 20:17:37,100220,2,,0,,4,English,1000480,,0,0,,1,0,,3,394,(GMT 3:00) Eastern African Time (Africa/Addis_Ababa),True
259,@EG@29f5d358b3cf667a557244fec6d2e448,,Azubedi Electronics,1112,Kenya,1000478,,KES,77,Kenyan Shilling,KES,,dd/MM/yyyy,2,,,2025-09-27 05:00:00,"#,###.##",DD/MM/YYYY,2025-09-27 16:40:52,2025-09-27 16:40:52,100219,1,,0,,4,English,1000478,,0,0,,1,0,,3,394,(GMT 3:00) Eastern African Time (Africa/Addis_Ababa),True
258,@EG@c3116d7f323aec4eae21415e1d66df94,,Yonas Bonger Spring Leaf Manufacturing,1068,Ethiopia,1000477,,ETB,48,Ethiopian Birr,ETB,,dd.MM.yyyy,2,,,2025-09-01 05:00:00,"#.###,##",DD.MM.YYYY,2025-09-27 16:33:40,2025-09-27 16:33:40,100218,32,,0,,4,English,1000477,,0,0,,1,0,,3,410,(GMT 3:00) GMT+03:00 (Etc/GMT-3),True
257,@EG@7c8464688770da6b2c70f973322231e9,,AMIIR STORE,1112,Kenya,1000471,,KES,77,Kenyan Shilling,KES,,dd/MM/yyyy,2,,,2025-09-27 05:00:00,"#,###.##",DD/MM/YYYY,2025-09-27 12:11:12,2025-09-27 12:11:12,100217,14,,0,,4,English,1000471,,0,0,,1,0,,3,394,(GMT 3:00) Eastern African Time (Africa/Addis_Ababa),True
255,@EG@c05208e1a0ece9f329e1bccbce4b2d94,,Milki Sead,1068,Ethiopia,1000469,,ETB,48,Ethiopian Birr,ETB,,dd/MM/yyyy,2,,,2025-09-27 05:00:00,"#.###,##",DD/MM/YYYY,2025-09-27 04:57:00,2025-09-27 04:57:00,100216,3,,0,,4,English,1000469,,0,0,,1,0,,3,410,(GMT 3:00) GMT+03:00 (Etc/GMT-3),True
254,@EG@fdcf36d6f99f34a52815979b6a8b22a3,,Abuukar Mohamed,1112,Kenya,1000468,,KES,77,Kenyan Shilling,KES,,dd/MM/yyyy,2,,,2025-09-27 05:00:00,"#,###.##",DD/MM/YYYY,2025-09-27 04:41:20,2025-09-27 04:41:20,100215,2,,0,,4,English,1000468,,0,0,,1,0,,3,394,(GMT 3:00) Eastern African Time (Africa/Addis_Ababa),True
253,@EG@cec6e4e83ae8737d4f72aef5f350f05a,,Isak,1039,Canada,1000467,,CAD,27,Canadian Dollar,$,,yyyy-MM-dd,2,,,2025-09-27 13:00:00,"#,###.##",YYYY-MM-DD,2025-09-27 03:41:51,2025-09-27 03:41:51,100214,4,,0,,4,English,1000467,,0,0,,1,0,,-5,110,(GMT -5:00) Eastern Standard Time (America/Atikokan),True
248,@EG@ab58020051756e57dd34490c4b67aa80,,Sacom investment LTD -joska,1112,Kenya,1000462,,KES,77,Kenyan Shilling,KES,,dd/MM/yyyy,2,,,2025-09-26 05:00:00,"#,###.##",DD/MM/YYYY,2025-09-26 21:21:27,2025-09-26 21:21:27,100213,1,,0,,4,English,1000462,,0,0,,1,0,,3,394,(GMT 3:00) Eastern African Time (Africa/Addis_Ababa),True
247,@EG@bc4044f1051ff2356d96310eb3d479bc,,Milton Savatia,1112,Kenya,1000459,,KES,77,Kenyan Shilling,KES,,dd/MM/yyyy,2,,,2025-09-26 05:00:00,"#,###.##",DD/MM/YYYY,2025-09-26 20:18:38,2025-09-26 20:18:38,100212,3,,0,,4,English,1000459,,0,0,,1,0,,3,394,(GMT 3:00) Eastern African Time (Africa/Addis_Ababa),True
246,@EG@585bd1e7ef5429902980649a66166bbf,,Milton Kabute,1112,Kenya,1000458,,KES,77,Kenyan Shilling,KES,,dd/MM/yyyy,2,,,2025-09-26 05:00:00,"#,###.##",DD/MM/YYYY,2025-09-26 20:09:34,2025-09-26 20:09:34,100211,2,,0,,4,English,1000458,,0,0,,1,0,,3,394,(GMT 3:00) Eastern African Time (Africa/Addis_Ababa),True
245,@EG@6782c8ea06020306becf009e5054501d,,Smartphone Store,1112,Kenya,1000457,,KES,77,Kenyan Shilling,KES,,dd/MM/yyyy,2,,,2025-09-26 05:00:00,"#,###.##",DD/MM/YYYY,2025-09-26 20:05:10,2025-09-26 20:05:10,100210,16,,0,,4,English,1000457,,0,0,,1,0,,3,394,(GMT 3:00) Eastern African Time (Africa/Addis_Ababa),True
244,@EG@5ff78afc8c8bef8862f5bc7a5d49d537,,Ika Three Sixty,1112,Kenya,1000455,,KES,77,Kenyan Shilling,KES,,dd/MM/yyyy,2,,,2025-09-26 05:00:00,"#,###.##",DD/MM/YYYY,2025-09-26 18:06:44,2025-09-26 18:06:44,100209,15,,0,,4,English,1000455,,0,0,,1,0,,3,394,(GMT 3:00) Eastern African Time (Africa/Addis_Ababa),True
243,@EG@a4cd4b11e9cbef20d0a835ec23bb5f14,,Jamal hola issa,1112,Kenya,1000454,,KES,77,Kenyan Shilling,KES,,dd/MM/yyyy,2,,,2025-09-26 05:00:00,"#,###.##",DD/MM/YYYY,2025-09-26 17:06:31,2025-09-26 17:06:31,100208,2,,0,,4,English,1000454,,0,0,,1,0,,3,394,(GMT 3:00) Eastern African Time (Africa/Addis_Ababa),True
242,@EG@67b4eb6f54d3b3c590f84ff73f333f9a,,Ronald Ng'eno,1112,Kenya,1000449,,KES,77,Kenyan Shilling,KES,,dd/MM/yyyy,2,,,2025-09-26 05:00:00,"#,###.##",DD/MM/YYYY,2025-09-26 14:28:44,2025-09-26 14:28:44,100207,3,,0,,4,English,1000449,,0,0,,1,0,,3,394,(GMT 3:00) Eastern African Time (Africa/Addis_Ababa),True
239,@EG@8518b674c82ec8adfb4397eee4600af3,,Dan mbae,1112,Kenya,1000446,,KES,77,Kenyan Shilling,KES,,dd/MM/yyyy,2,,,2025-09-26 05:00:00,"#,###.##",DD/MM/YYYY,2025-09-26 02:41:03,2025-09-26 02:41:03,100206,3,,0,,4,English,1000446,,0,0,,1,0,,3,394,(GMT 3:00) Eastern African Time (Africa/Addis_Ababa),True
238,@EG@dae5ecd57d6388bb7eb7b3d589ddcee7,,Austin Ike,1112,Kenya,1000445,,KES,77,Kenyan Shilling,KES,,dd/MM/yyyy,2,,,2025-09-25 05:00:00,"#,###.##",DD/MM/YYYY,2025-09-25 22:57:09,2025-09-25 22:57:09,100205,16,,0,,4,English,1000445,,0,0,,1,0,,3,394,(GMT 3:00) Eastern African Time (Africa/Addis_Ababa),True
237,@EG@815d343f9a6aa4d47c6471134eca4035,,Yellow shop,1112,Kenya,1000444,,KES,77,Kenyan Shilling,KES,,dd/MM/yyyy,2,,,2025-09-25 05:00:00,"#,###.##",DD/MM/YYYY,2025-09-25 19:54:01,2025-09-25 19:54:01,100204,15,,0,,4,English,1000444,,0,0,,1,0,,3,394,(GMT 3:00) Eastern African Time (Africa/Addis_Ababa),True
236,@EG@fb610057ee9e04c37e1ba99c5cd6a491,,自己人在做测试,1096,Hong Kong,1000442,,HKD,61,Hong Kong Dollar,HK$,,dd/MM/yyyy,2,,,2025-09-25 00:00:00,"#.###,##",DD/MM/YYYY,2025-09-25 15:06:08,2025-09-25 15:06:08,100202,4,,0,,4,English,1000442,,0,0,,1,0,,8,488,(GMT 8:00) Hong Kong Time (Asia/Hong_Kong),True
235,@EG@56b62a7904e489d873b6b2020a7b05d3,,Value Creation Traders,1112,Kenya,1000441,,KES,77,Kenyan Shilling,KES,,dd/MM/yyyy,2,,,2025-09-24 05:00:00,"#,###.##",DD/MM/YYYY,2025-09-24 15:03:34,2025-09-24 15:03:34,100199,7,,0,,4,English,1000441,,0,0,,1,0,,3,394,(GMT 3:00) Eastern African Time (Africa/Addis_Ababa),True
234,@EG@1551e65f9e1264d887277cac98a706dd,,TH beauty ,1112,Kenya,1000406,,KES,77,Kenyan Shilling,KES,,dd/MM/yyyy,2,,,2025-09-23 05:00:00,"#,###.##",DD/MM/YYYY,2025-09-23 20:38:44,2025-09-23 20:38:44,100197,15,,0,,4,English,1000406,,0,0,,1,0,,3,394,(GMT 3:00) Eastern African Time (Africa/Addis_Ababa),True
232,@EG@bef67fbabf6ad03e67163a21548f5369,,Sabfambiz,1112,Kenya,1000400,,KES,77,Kenyan Shilling,KES,,dd/MM/yyyy,2,,,2025-09-20 05:00:00,"#,###.##",DD/MM/YYYY,2025-09-20 17:11:31,2025-09-20 17:11:31,100195,1,,0,,4,English,1000400,,0,0,,1,0,,3,394,(GMT 3:00) Eastern African Time (Africa/Addis_Ababa),True
231,@EG@2db804f755a70d1c917c777bedd0bacf,,Timerc Educational Publisher,1112,Kenya,1000399,,KES,77,Kenyan Shilling,KES,,dd/MM/yyyy,2,,,2025-09-20 05:00:00,"#,###.##",DD/MM/YYYY,2025-09-20 00:54:23,2025-09-20 00:54:23,100194,4,,0,,4,English,1000399,,0,0,,1,0,,3,394,(GMT 3:00) Eastern African Time (Africa/Addis_Ababa),True
229,@EG@11dec4220181287d175c800d3bf84bbc,,Salad logistics and services limited,1112,Kenya,1000397,,KES,77,Kenyan Shilling,KES,,dd/MM/yyyy,2,,,2025-09-19 05:00:00,"#,###.##",DD/MM/YYYY,2025-09-19 22:17:13,2025-09-19 22:17:13,100193,6,,0,,4,English,1000397,,0,0,,1,0,,3,394,(GMT 3:00) Eastern African Time (Africa/Addis_Ababa),True
228,@EG@efed4c76cabce55d46e95e41fd80b607,,Lucy Ji,1112,Kenya,1000396,,KES,77,Kenyan Shilling,KES,,dd/MM/yyyy,2,,,2025-09-19 05:00:00,"#,###.##",DD/MM/YYYY,2025-09-19 20:39:13,2025-09-19 20:39:13,100192,3,,0,,4,English,1000396,,0,0,,1,0,,3,394,(GMT 3:00) Eastern African Time (Africa/Addis_Ababa),True
227,@EG@a942ef4f8be3833f0c3eb63965b3bbe3,,test-chandler,1096,Hong Kong,1000395,,HKD,61,Hong Kong Dollar,HK$,,dd/MM/yyyy,2,,,2025-09-19 00:00:00,"#.###,##",DD/MM/YYYY,2025-09-19 17:51:41,2025-09-19 17:51:41,100191,2,,0,,4,English,1000395,,0,0,,1,0,,8,488,(GMT 8:00) Hong Kong Time (Asia/Hong_Kong),True
226,@EG@edd252c00fe0749b77350a2b19bdb8c5,,Test  Ltd,1112,Kenya,1000393,,KES,77,Kenyan Shilling,KES,,dd/MM/yyyy,2,,,2025-09-19 05:00:00,"#,###.##",DD/MM/YYYY,2025-09-19 15:33:50,2025-09-19 15:33:50,100189,3,,0,,4,English,1000393,,0,0,,1,0,,3,394,(GMT 3:00) Eastern African Time (Africa/Addis_Ababa),True
225,@EG@0047dbcc76d6068cd378cb761a415711,,charlene Chege Test,1112,Kenya,1000392,,KES,77,Kenyan Shilling,KES,,dd/MM/yyyy,2,,,2025-09-19 05:00:00,"#,###.##",DD/MM/YYYY,2025-09-19 15:36:01,2025-09-19 15:36:01,100190,2,,0,,4,English,1000392,,0,0,,1,0,,3,394,(GMT 3:00) Eastern African Time (Africa/Addis_Ababa),True
224,@EG@9d7ce67ff9244389b9a2f31fe81ce525,"https://static.kilimax.com/enterprise_224/company_100188/logo/ChatGPT Image Sep 19, 2025, 11_09_54 AM.png",Akoo's Electrical ltd,1112,Kenya,1000391,,KES,77,Kenyan Shilling,KES,,dd/MM/yyyy,2,,,2025-09-01 05:00:00,"#,###.##",DD/MM/YYYY,2025-09-19 10:49:53,2025-09-19 10:49:53,100188,16,,0,,4,English,1000391,,0,0,,1,0,,3,394,(GMT 3:00) Eastern African Time (Africa/Addis_Ababa),True
223,@EG@694c8dd151a2c41fdbffd9644c6de6ef,,Keysuyah,1112,Kenya,1000390,,KES,77,Kenyan Shilling,KES,,dd/MM/yyyy,2,,,2025-09-18 05:00:00,"#,###.##",DD/MM/YYYY,2025-09-18 22:41:22,2025-09-18 22:41:22,100187,15,,0,,4,English,1000390,,0,0,,1,0,,3,394,(GMT 3:00) Eastern African Time (Africa/Addis_Ababa),True
222,@EG@484befe2c2d35ae6073665b0c8cf4872,,Henry,1112,Kenya,1000389,,KES,77,Kenyan Shilling,KES,,dd/MM/yyyy,2,,,2025-09-18 05:00:00,"#,###.##",DD/MM/YYYY,2025-09-18 21:41:48,2025-09-18 21:41:48,100186,7,,0,,4,English,1000389,,0,0,,1,0,,3,394,(GMT 3:00) Eastern African Time (Africa/Addis_Ababa),True
221,@EG@426905d63ad56b1faf8ab6eb73aea39c,,Laser electronics,1112,Kenya,1000388,,KES,77,Kenyan Shilling,KES,,dd/MM/yyyy,2,,,2025-09-18 05:00:00,"#,###.##",DD/MM/YYYY,2025-09-18 20:40:01,2025-09-18 20:40:01,100185,14,,0,,4,English,1000388,,0,0,,1,0,,3,394,(GMT 3:00) Eastern African Time (Africa/Addis_Ababa),True
217,@EG@f7f3bed2ac6913199f95b74d94267893,,Tokyo Mini Shop ,1112,Kenya,1000384,,KES,77,Kenyan Shilling,KES,,dd/MM/yyyy,2,,,2025-09-18 05:00:00,"#,###.##",DD/MM/YYYY,2025-09-18 17:26:56,2025-09-18 17:26:56,100181,14,,0,,4,English,1000384,,0,0,,1,0,,3,394,(GMT 3:00) Eastern African Time (Africa/Addis_Ababa),True
216,@EG@51cbc5292e169d49ed2ca7e788d80c2d,,Taurus computers,1112,Kenya,1000383,,KES,77,Kenyan Shilling,KES,,dd/MM/yyyy,2,,,2025-09-18 05:00:00,"#,###.##",DD/MM/YYYY,2025-09-18 16:53:38,2025-09-18 16:53:38,100180,16,,0,,4,English,1000383,,0,0,,1,0,,3,394,(GMT 3:00) Eastern African Time (Africa/Addis_Ababa),True
214,@EG@cadc6229e266e580ff7b1820818ed8ed,,ABNAS TECH SOLUTION,1112,Kenya,1000381,,KES,77,Kenyan Shilling,KES,,dd/MM/yyyy,2,,,2025-09-18 05:00:00,"#,###.##",DD/MM/YYYY,2025-09-18 15:18:19,2025-09-18 15:18:19,100179,14,,0,,4,English,1000381,,0,0,,1,0,,3,394,(GMT 3:00) Eastern African Time (Africa/Addis_Ababa),True
213,@EG@7e520e2dbb5ccdd342ee01cc736f180c,,hello1,1096,Hong Kong,1000380,,HKD,61,Hong Kong Dollar,HK$,,dd/MM/yyyy,2,,,2025-09-18 00:00:00,"#.###,##",DD/MM/YYYY,2025-09-18 15:09:40,2025-09-18 15:09:40,100178,7,,0,,4,English,1000380,,0,0,,1,0,,8,488,(GMT 8:00) Hong Kong Time (Asia/Hong_Kong),True
212,@EG@2a276f5d0ff80bd5ad82ae7cc1cb688a,,Zouli Ocean paints limited,1112,Kenya,1000379,,KES,77,Kenyan Shilling,KES,,dd/MM/yyyy,2,,,2025-09-18 05:00:00,"#,###.##",DD/MM/YYYY,2025-09-18 03:41:00,2025-09-18 03:41:00,100177,1,,0,,4,English,1000379,,0,0,,1,0,,3,394,(GMT 3:00) Eastern African Time (Africa/Addis_Ababa),True
211,@EG@92ca216fae73be0e387ae4e1b672143a,,Sunlight,1112,Kenya,1000378,,KES,77,Kenyan Shilling,KES,,dd/MM/yyyy,2,,,2025-09-17 05:00:00,"#,###.##",DD/MM/YYYY,2025-09-17 22:14:38,2025-09-17 22:14:38,100176,14,,0,,4,English,1000378,,0,0,,1,0,,3,394,(GMT 3:00) Eastern African Time (Africa/Addis_Ababa),True
210,@EG@215a54fd70e28ecb98110c6d1df37591,,Ghana TECNO 2,1081,Ghana,1000376,,GHS,55,Ghanaian Cedi,¢,,dd-MM-yyyy,2,,,2025-09-01 08:00:00,"#,###.##",DD-MM-YYYY,2025-09-18 17:30:35,2025-09-18 17:30:35,100183,14,,0,,4,English,1000376,,0,0,,1,0,,0,244,(GMT 0:00) Greenwich Mean Time (Africa/Abidjan),True
210,@EG@cc188ea3e292cf4e65bd00ed954ba4ec,,Ghana TECNO 1,1081,Ghana,1000376,,GHS,55,Ghanaian Cedi,¢,,dd-MM-yyyy,2,,,2025-09-01 08:00:00,"#,###.##",DD-MM-YYYY,2025-09-18 17:29:31,2025-09-18 17:29:31,100182,14,,0,,4,English,1000376,,0,0,,1,0,,0,244,(GMT 0:00) Greenwich Mean Time (Africa/Abidjan),True
210,@EG@951564b12e974910f1b4ce17fc5e7a6c,,TECNO EXCLUSIVE CELLULAR LINE SHOP,1081,Ghana,1000376,,GHS,55,Ghanaian Cedi,¢,,dd/MM/yyyy,2,,,2025-09-01 08:00:00,# ###.##,DD/MM/YYYY,2025-09-17 18:33:10,2025-09-17 18:33:10,100175,14,,0,,4,English,1000376,,0,0,,1,0,,0,244,(GMT 0:00) Greenwich Mean Time (Africa/Abidjan),True
209,@EG@66dad28ae0b4aea2519c75036d7e6ed4,,BI Fumigation and cleaning services,1112,Kenya,1000375,,KES,77,Kenyan Shilling,KES,,dd/MM/yyyy,2,,,2025-09-17 05:00:00,"#,###.##",DD/MM/YYYY,2025-09-17 17:40:34,2025-09-17 17:40:34,100174,15,,0,,4,English,1000375,,0,0,,1,0,,3,394,(GMT 3:00) Eastern African Time (Africa/Addis_Ababa),True
208,@EG@9a33ce2ef51e53c540bffb27e21728c6,,Rubyutsa Samuragwa,1112,Kenya,1000374,,KES,77,Kenyan Shilling,KES,,dd/MM/yyyy,2,,,2025-09-17 05:00:00,"#,###.##",DD/MM/YYYY,2025-09-17 00:04:08,2025-09-17 00:04:08,100173,5,,0,,4,English,1000374,,0,0,,1,0,,3,394,(GMT 3:00) Eastern African Time (Africa/Addis_Ababa),True
203,@EG@7b6e5c6d9435a49fd3ff13bfadfb3ee6,,3N hôtel,1112,Kenya,1000365,,KES,77,Kenyan Shilling,KES,,dd/MM/yyyy,2,,,2025-09-13 05:00:00,"#,###.##",DD/MM/YYYY,2025-09-13 14:50:04,2025-09-13 14:50:04,100172,7,,0,,4,English,1000365,,0,0,,1,0,,3,394,(GMT 3:00) Eastern African Time (Africa/Addis_Ababa),True
202,@EG@79886c51190d00c45b68576afb021214,,Daniel Mwani,1112,Kenya,1000364,,KES,77,Kenyan Shilling,KES,,dd/MM/yyyy,2,,,2025-09-13 05:00:00,"#,###.##",DD/MM/YYYY,2025-09-13 01:16:36,2025-09-13 01:16:36,100171,6,,0,,4,English,1000364,,0,0,,1,0,,3,394,(GMT 3:00) Eastern African Time (Africa/Addis_Ababa),True
201,@EG@aad6f4f4caf3fa4cf165bf9699342c55,,elias murithi,1112,Kenya,1000360,,KES,77,Kenyan Shilling,KES,,dd/MM/yyyy,2,,,2025-09-12 05:00:00,"#,###.##",DD/MM/YYYY,2025-09-12 20:21:31,2025-09-12 20:21:31,100170,7,,0,,4,English,1000360,,0,0,,1,0,,3,394,(GMT 3:00) Eastern African Time (Africa/Addis_Ababa),True
200,@EG@f0b5189fe4ac3ebda4cb7055d03a95d0,,Simon Juma,1112,Kenya,1000359,,KES,77,Kenyan Shilling,KES,,dd/MM/yyyy,2,,,2025-09-18 05:00:00,"#,###.##",DD/MM/YYYY,2025-09-18 19:20:49,2025-09-18 19:20:49,100184,14,,0,,4,English,1000359,,0,0,,1,0,,3,394,(GMT 3:00) Eastern African Time (Africa/Addis_Ababa),True
198,@EG@b20e98cfa8668362b0767c5c7aac12a0,,G- TARVEN BAR &REST,1112,Kenya,1000357,,KES,77,Kenyan Shilling,KES,,dd/MM/yyyy,2,,,2025-09-12 05:00:00,"#,###.##",DD/MM/YYYY,2025-09-12 18:42:53,2025-09-12 18:42:53,100169,7,,0,,4,English,1000357,,0,0,,1,0,,3,394,(GMT 3:00) Eastern African Time (Africa/Addis_Ababa),True
197,@EG@19df824ab7fd299970d766923995ce20,https://static.kilimax.com/enterprise_197/company_100168/logo/b16d71651d23a8a308880393c65def4a.jpeg,ANKE HOME APPLIANCE SERVICES LIMITED,1112,Kenya,1000356,,KES,77,Kenyan Shilling,KES,,dd/MM/yyyy,2,,,2025-09-01 05:00:00,"#,###.##",DD/MM/YYYY,2025-09-11 22:05:30,2025-09-11 22:05:30,100168,32,,0,,4,English,1000356,,0,0,,1,0,,3,394,(GMT 3:00) Eastern African Time (Africa/Addis_Ababa),True
195,@EG@697b4817fbbb76fe679d710d3e4aea1e,,Masters Farmers,1112,Kenya,1000354,,KES,77,Kenyan Shilling,KES,,dd/MM/yyyy,2,,,2025-09-11 05:00:00,"#,###.##",DD/MM/YYYY,2025-09-11 20:21:32,2025-09-11 20:21:32,100165,30,,0,,4,English,1000354,,0,0,,1,0,,3,394,(GMT 3:00) Eastern African Time (Africa/Addis_Ababa),True
194,@EG@fe6df0fef606a920201a475d04410727,,Rabach Justus,1112,Kenya,1000353,,KES,77,Kenyan Shilling,KES,,dd/MM/yyyy,2,,,2025-09-11 05:00:00,"#,###.##",DD/MM/YYYY,2025-09-11 21:15:51,2025-09-11 21:15:51,100167,34,,0,,4,English,1000353,,0,0,,1,0,,3,394,(GMT 3:00) Eastern African Time (Africa/Addis_Ababa),True
193,@EG@aa3c2d1608c5da50d1b1a5f54bea7c94,,Rasphin Enterprises Ltd,1112,Kenya,1000352,,KES,77,Kenyan Shilling,KES,,dd/MM/yyyy,2,,,2025-09-11 05:00:00,"#,###.##",DD/MM/YYYY,2025-09-11 16:16:24,2025-09-11 16:16:24,100163,3,,0,,4,English,1000352,,0,0,,1,0,,3,394,(GMT 3:00) Eastern African Time (Africa/Addis_Ababa),True
192,@EG@e73d1c8d6189c617701095d47b5c0357,,BGH,1112,Kenya,1000351,,KES,77,Kenyan Shilling,KES,,dd/MM/yyyy,2,,,2025-09-11 05:00:00,"#,###.##",DD/MM/YYYY,2025-09-11 15:46:15,2025-09-11 15:46:15,100162,30,,0,,4,English,1000351,,0,0,,1,0,,3,394,(GMT 3:00) Eastern African Time (Africa/Addis_Ababa),True
191,@EG@96ba06919d995dbed89855c69bead724,,KAVOU FARM,1112,Kenya,1000350,,KES,77,Kenyan Shilling,KES,,dd/MM/yyyy,2,,,2025-09-11 05:00:00,"#,###.##",DD/MM/YYYY,2025-09-11 15:25:05,2025-09-11 15:25:05,100161,30,,0,,4,English,1000350,,0,0,,1,0,,3,394,(GMT 3:00) Eastern African Time (Africa/Addis_Ababa),True
190,@EG@d76ebad8838ca0f2d034ba2562e53761,,ABC Enterprise,1112,Kenya,1000349,,KES,77,Kenyan Shilling,KES,,dd/MM/yyyy,2,,,2025-09-01 05:00:00,"#,###.##",DD/MM/YYYY,2025-09-11 04:06:02,2025-09-11 04:06:02,100159,27,,0,,4,English,1000349,,0,0,,1,0,,3,394,(GMT 3:00) Eastern African Time (Africa/Addis_Ababa),True
189,@EG@208abd3151fb9cd659fe29328a5c2a27,,Savannah,1112,Kenya,1000347,,KES,77,Kenyan Shilling,KES,,dd/MM/yyyy,2,,,2025-09-10 05:00:00,"#,###.##",DD/MM/YYYY,2025-09-10 20:11:10,2025-09-10 20:11:10,100158,5,,0,,4,English,1000347,,0,0,,1,0,,3,394,(GMT 3:00) Eastern African Time (Africa/Addis_Ababa),True
188,@EG@0e17db8f6466e356ca30b74324e7d5f1,https://static.kilimax.com/enterprise_188/company_100157/logo/Screenshot 2025-09-26 132508.png,INFINITE TECHNOLOGIES,1112,Kenya,1000345,,KES,77,Kenyan Shilling,KES,,dd/MM/yyyy,2,,,2025-09-01 05:00:00,"#,###.##",DD/MM/YYYY,2025-09-10 16:20:53,2025-09-10 16:20:53,100157,14,,0,,4,English,1000345,,0,0,,1,0,,3,394,(GMT 3:00) Eastern African Time (Africa/Addis_Ababa),True
186,@EG@2c854bc6f41f7f3fe6d62bcf50ae35ef,,Onelifer,1112,Kenya,1000343,,KES,77,Kenyan Shilling,KES,,dd/MM/yyyy,2,,,2025-09-10 05:00:00,"#,###.##",DD/MM/YYYY,2025-09-10 14:41:16,2025-09-10 14:41:16,100156,1,,0,,4,English,1000343,,0,0,,1,0,,3,394,(GMT 3:00) Eastern African Time (Africa/Addis_Ababa),True
185,@EG@5743913b7888bc670b691292c53b2ac3,,bita mart,1112,Kenya,1000342,,KES,77,Kenyan Shilling,KES,,dd/MM/yyyy,2,,,2025-09-10 05:00:00,"#,###.##",DD/MM/YYYY,2025-09-10 14:40:18,2025-09-10 14:40:18,100155,14,,0,,4,English,1000342,,0,0,,1,0,,3,394,(GMT 3:00) Eastern African Time (Africa/Addis_Ababa),True
184,@EG@e2a88c8b8ef5c6f4a324742bf1ef4a94,,Gituju companies,1112,Kenya,1000341,,KES,77,Kenyan Shilling,KES,,dd/MM/yyyy,2,,,2025-09-10 05:00:00,"#,###.##",DD/MM/YYYY,2025-09-10 14:26:06,2025-09-10 14:26:06,100154,16,,0,,4,English,1000341,,0,0,,1,0,,3,394,(GMT 3:00) Eastern African Time (Africa/Addis_Ababa),True
183,@EG@3872a96bb4e71081d5d72e94cfdc4c37,,cerebrox,1081,Ghana,1000340,,GHS,55,Ghanaian Cedi,¢,,dd/MM/yyyy,2,,,2025-09-10 08:00:00,# ###.##,DD/MM/YYYY,2025-09-10 08:26:46,2025-09-10 08:26:46,100153,16,,0,,4,English,1000340,,0,0,,1,0,,0,244,(GMT 0:00) Greenwich Mean Time (Africa/Abidjan),True
182,@EG@f57ff37da2916bb0db94a0f12314ce4a,,ONE FRATERNITY,1112,Kenya,1000339,,KES,77,Kenyan Shilling,KES,,dd/MM/yyyy,2,,,2025-09-10 05:00:00,"#,###.##",DD/MM/YYYY,2025-09-10 05:14:25,2025-09-10 05:14:25,100152,3,,0,,4,English,1000339,,0,0,,1,0,,3,394,(GMT 3:00) Eastern African Time (Africa/Addis_Ababa),True
180,@EG@e9cbb5c9a44c21f1ee942ec628cdcde2,,Self care,1112,Kenya,1000337,,KES,77,Kenyan Shilling,KES,,dd/MM/yyyy,2,,,2025-09-10 05:00:00,"#,###.##",DD/MM/YYYY,2025-09-10 00:41:06,2025-09-10 00:41:06,100151,15,,0,,4,English,1000337,,0,0,,1,0,,3,394,(GMT 3:00) Eastern African Time (Africa/Addis_Ababa),True
179,@EG@c6c242a5221ad4503094f13039d243fd,,Skyver Group Ltd,1112,Kenya,1000336,,KES,77,Kenyan Shilling,KES,,dd/MM/yyyy,2,,,2025-09-09 05:00:00,"#,###.##",DD/MM/YYYY,2025-09-09 22:27:25,2025-09-09 22:27:25,100150,16,,0,,4,English,1000336,,0,0,,1,0,,3,394,(GMT 3:00) Eastern African Time (Africa/Addis_Ababa),True
178,@EG@5269f4dc223ed77b106b6f538b13fbf1,,Connect Coffee,1112,Kenya,1000335,,KES,77,Kenyan Shilling,KES,,dd/MM/yyyy,2,,,2025-09-09 05:00:00,"#,###.##",DD/MM/YYYY,2025-09-09 18:33:23,2025-09-09 18:33:23,100149,7,,0,,4,English,1000335,,0,0,,1,0,,3,394,(GMT 3:00) Eastern African Time (Africa/Addis_Ababa),True
177,@EG@bca39516232ab18531452643eb2296c0,,HOMESOUND,1112,Kenya,1000334,,KES,77,Kenyan Shilling,KES,,dd/MM/yyyy,2,,,2025-09-09 05:00:00,"#,###.##",DD/MM/YYYY,2025-09-09 15:37:01,2025-09-09 15:37:01,100148,6,,0,,4,English,1000334,,0,0,,1,0,,3,394,(GMT 3:00) Eastern African Time (Africa/Addis_Ababa),True
176,@EG@543480c208d19e870f8133865a468685,,victor,1112,Kenya,1000332,,KES,77,Kenyan Shilling,KES,,dd/MM/yyyy,2,,,2025-09-08 05:00:00,"#,###.##",DD/MM/YYYY,2025-09-08 19:34:36,2025-09-08 19:34:36,100147,3,,0,,4,English,1000332,,0,0,,1,0,,3,394,(GMT 3:00) Eastern African Time (Africa/Addis_Ababa),True
175,@EG@7720186c8f7666ecc22952342f06d9b0,,Waken Events,1112,Kenya,1000331,,KES,77,Kenyan Shilling,KES,,dd/MM/yyyy,2,,,2025-09-08 05:00:00,"#,###.##",DD/MM/YYYY,2025-09-08 17:47:38,2025-09-08 17:47:38,100146,5,,0,,4,English,1000331,,0,0,,1,0,,3,394,(GMT 3:00) Eastern African Time (Africa/Addis_Ababa),True
174,@EG@e3555cdc3d883a8dedee0b91fe53d69d,,Kennedy Njoroge,1112,Kenya,1000330,,KES,77,Kenyan Shilling,KES,,dd/MM/yyyy,2,,,2025-09-08 05:00:00,"#,###.##",DD/MM/YYYY,2025-09-08 17:41:09,2025-09-08 17:41:09,100145,5,,0,,4,English,1000330,,0,0,,1,0,,3,394,(GMT 3:00) Eastern African Time (Africa/Addis_Ababa),True
173,@EG@8b34d921a9c26469790d001b52c415bd,,BILAN ELECTRONICS AND PHONES,1112,Kenya,1000329,,KES,77,Kenyan Shilling,KES,,dd/MM/yyyy,2,,,2025-09-05 05:00:00,"#,###.##",DD/MM/YYYY,2025-09-05 20:56:26,2025-09-05 20:56:26,100143,14,,0,,4,English,1000329,,0,0,,1,0,,3,394,(GMT 3:00) Eastern African Time (Africa/Addis_Ababa),True
172,@EG@24fd9ea42779f7d06d547c1f60df7e6a,,Itisha,1112,Kenya,1000327,,KES,77,Kenyan Shilling,KES,,dd/MM/yyyy,2,,,2025-09-05 05:00:00,"#,###.##",DD/MM/YYYY,2025-09-05 07:58:54,2025-09-05 07:58:54,100141,5,,0,,4,English,1000327,,0,0,,1,0,,3,394,(GMT 3:00) Eastern African Time (Africa/Addis_Ababa),True
171,@EG@b5b5123d32724b2f37569c1a4b1e2eec,,Jeweli Delight Ventures,1112,Kenya,1000326,,KES,77,Kenyan Shilling,KES,,dd/MM/yyyy,2,,,2025-09-04 05:00:00,"#,###.##",DD/MM/YYYY,2025-09-04 21:34:12,2025-09-04 21:34:12,100140,14,,0,,4,English,1000326,,0,0,,1,0,,3,394,(GMT 3:00) Eastern African Time (Africa/Addis_Ababa),True
170,@EG@5d771afeab67c9dd4872c02c77ef4d7c,,Axelrod Phones,1112,Kenya,1000325,,KES,77,Kenyan Shilling,KES,,dd/MM/yyyy,2,,,2025-09-04 05:00:00,"#,###.##",DD/MM/YYYY,2025-09-04 20:35:44,2025-09-04 20:35:44,100139,14,,0,,4,English,1000325,,0,0,,1,0,,3,394,(GMT 3:00) Eastern African Time (Africa/Addis_Ababa),True
169,@EG@4b244f90d9b0e2e7aa5e44a9df4f45d8,,Test upgrade,1045,China,1000320,,CNY,34,Yuan Renminbi,CNY,,yyyy-MM-dd,2,,,2025-09-04 00:00:00,"#,###.##",YYYY-MM-DD,2025-09-04 10:50:54,2025-09-04 10:50:54,100138,1,,0,,4,English,1000320,,0,0,,1,0,,8,486,(GMT 8:00) China Standard Time (Asia/Chongqing),True
168,@EG@cda3b54ffab0e1367c99dfd58b35c4db,,test-二两,1096,Hong Kong,1000319,,HKD,61,Hong Kong Dollar,HK$,,dd/MM/yyyy,2,,,2025-09-04 00:00:00,"#.###,##",DD/MM/YYYY,2025-09-04 10:44:31,2025-09-04 10:44:31,100137,2,,0,,4,English,1000319,,0,0,,1,0,,8,488,(GMT 8:00) Hong Kong Time (Asia/Hong_Kong),True
167,@EG@7aec3ff65dd50143cbe311b76e1064b6,,Tabarin,1112,Kenya,1000317,,KES,77,Kenyan Shilling,KES,,dd/MM/yyyy,2,,,2025-09-04 05:00:00,"#,###.##",DD/MM/YYYY,2025-09-04 02:42:28,2025-09-04 02:42:28,100136,3,,0,,4,English,1000317,,0,0,,1,0,,3,394,(GMT 3:00) Eastern African Time (Africa/Addis_Ababa),True
166,@EG@07bef29bd546a965436229cc2e979747,https://static.kilimax.com/enterprise_166/company_100196/logo/Shamborina.png,Shamborina Enterprises Ltd,1112,Kenya,1000310,,KES,77,Kenyan Shilling,KES,,dd-MM-yyyy,0,,,2025-09-01 05:00:00,"#,###.##",DD-MM-YYYY,2025-09-22 20:25:15,2025-09-22 20:25:15,100196,14,,0,,4,English,1000310,,0,0,,1,0,,3,401,(GMT 3:00) Eastern African Time (Africa/Nairobi),True
166,@EG@f8eb538e3c30c2f3e6dbfab604164140,https://static.kilimax.com/enterprise_166/company_100135/logo/1007039618.jpg,Shamborina Enterprises,1112,Kenya,1000310,,KES,77,Kenyan Shilling,KES,,dd/MM/yyyy,2,,,2025-09-01 05:00:00,"#,###.##",DD/MM/YYYY,2025-09-03 14:12:30,2025-09-03 14:12:30,100135,14,,0,,4,English,1000310,,0,0,,2,0,,3,394,(GMT 3:00) Eastern African Time (Africa/Addis_Ababa),False
164,@EG@79058fd6764c6fd73c989c9e358ec88d,,Fi-integrated QB,1112,Kenya,1000308,,KES,77,Kenyan Shilling,KES,,dd/MM/yyyy,2,,,2025-09-01 05:00:00,"#,###.##",DD/MM/YYYY,2025-09-01 14:42:14,2025-09-01 14:42:14,100133,14,,0,,4,English,1000315,,0,0,,1,0,,3,394,(GMT 3:00) Eastern African Time (Africa/Addis_Ababa),True
163,@EG@9d53b37a6610f694efcdd4695892e478,,twyford,1225,U.S.A,1000307,,USD,155,United States Dollar,$,,MM/dd/yyyy,2,,,2025-09-01 13:00:00,# ###.##,MM/DD/YYYY,2025-09-01 11:36:16,2025-09-01 11:36:16,100132,14,,0,,4,English,1000307,,0,0,,1,0,,-5,110,(GMT -5:00) Eastern Standard Time (America/Atikokan),True
162,@EG@81baa450daa0762fee5d7c87834061d5,,Business One,1112,Kenya,1000304,,KES,77,Kenyan Shilling,KES,,dd/MM/yyyy,2,,,2025-08-29 05:00:00,"#,###.##",DD/MM/YYYY,2025-08-29 15:11:24,2025-08-29 15:11:24,100130,16,,0,,4,English,1000304,,0,0,,1,0,,3,394,(GMT 3:00) Eastern African Time (Africa/Addis_Ababa),True
160,@EG@f0153e7fa2e6486f374e4d1ac9cf5a54,,Wycliffe Paul Otieno,1112,Kenya,1000302,,KES,77,Kenyan Shilling,KES,,dd/MM/yyyy,2,,,2025-08-27 05:00:00,"#,###.##",DD/MM/YYYY,2025-08-27 20:09:43,2025-08-27 20:09:43,100128,1,,0,,4,English,1000302,,0,0,,1,0,,3,394,(GMT 3:00) Eastern African Time (Africa/Addis_Ababa),True
159,@EG@d42361d221a423c470f12da3f2fdd840,,kenya,1112,Kenya,1000301,,KES,77,Kenyan Shilling,KES,,dd-MM-yyyy,2,,,2025-11-01 11:00:00,"#,###.##",DD-MM-YYYY,2025-11-20 20:17:13,2025-11-20 20:17:13,102026,,,0,,4,English,1000301,,0,0,,1,0,,-3,235,(GMT -3:00) GMT-03:00 (Etc/GMT+3),True
159,@EG@c05590ee14b31b00871afc22fc42009f,,钟文龙,1096,Hong Kong,1000301,,HKD,61,Hong Kong Dollar,HK$,,dd/MM/yyyy,2,,,2025-08-01 00:00:00,"#.###,##",DD/MM/YYYY,2025-08-27 11:24:50,2025-08-27 11:24:50,100127,1,,0,,4,English,1000301,,0,0,,1,0,,8,488,(GMT 8:00) Hong Kong Time (Asia/Hong_Kong),True
158,@EG@0379698033e2d074047bb3afcff1f058,,CCC,1045,China,1000298,,CNY,34,Yuan Renminbi,CNY,,yyyy-MM-dd,2,,,2025-08-25 00:00:00,"#,###.##",YYYY-MM-DD,2025-08-25 13:37:08,2025-08-25 13:37:08,100125,3,,0,,4,English,1000298,,0,0,,1,0,,8,486,(GMT 8:00) China Standard Time (Asia/Chongqing),True
157,@EG@4f4b7382364a1ddadb6608f264ed41c0,,wilmax,1112,Kenya,1000297,,KES,77,Kenyan Shilling,KES,,dd/MM/yyyy,2,,,2025-08-25 05:00:00,"#,###.##",DD/MM/YYYY,2025-08-25 13:10:19,2025-08-25 13:10:19,100124,3,,0,,4,English,1000297,,0,0,,1,0,,3,394,(GMT 3:00) Eastern African Time (Africa/Addis_Ababa),True
155,@EG@4981ceb92185f9e59f80f718465d561d,,wx_test,1096,Hong Kong,1000293,,HKD,61,Hong Kong Dollar,HK$,,dd/MM/yyyy,2,,,2025-08-23 00:00:00,"#.###,##",DD/MM/YYYY,2025-08-23 16:48:55,2025-08-23 16:48:55,100123,34,,0,,4,English,1000293,,0,0,,1,0,,8,488,(GMT 8:00) Hong Kong Time (Asia/Hong_Kong),True
154,@EG@35dea01b19ac64dbdeed3abcb54922ae,,Raphael Mutili,1112,Kenya,1000292,,KES,77,Kenyan Shilling,KES,,dd/MM/yyyy,2,,,2025-08-23 05:00:00,"#,###.##",DD/MM/YYYY,2025-08-23 16:10:17,2025-08-23 16:10:17,100122,3,,0,,4,English,1000292,,0,0,,1,0,,3,394,(GMT 3:00) Eastern African Time (Africa/Addis_Ababa),True
153,@EG@921a31f9eb8acddbaad6e823c52e0865,,窦海超,1045,China,1000291,,CNY,34,Yuan Renminbi,CNY,,yyyy-MM-dd,2,,,2025-08-23 00:00:00,"#,###.##",YYYY-MM-DD,2025-08-23 15:01:51,2025-08-23 15:01:51,100121,4,,0,,4,English,1000291,,0,0,,1,0,,8,486,(GMT 8:00) China Standard Time (Asia/Chongqing),True
152,@EG@35a9ac0a40f291672da804843c485b0a,,winnie_datatest,1096,Hong Kong,1000290,,HKD,61,Hong Kong Dollar,HK$,,dd/MM/yyyy,2,,,2025-08-23 00:00:00,"#.###,##",DD/MM/YYYY,2025-08-23 14:55:42,2025-08-23 14:55:42,100120,34,,0,,4,English,1000290,,0,0,,1,0,,8,488,(GMT 8:00) Hong Kong Time (Asia/Hong_Kong),True
151,@EG@8bb83a4fc333cf2d15f18396dbf13dab,,MidRift Distributors,1112,Kenya,1000288,,KES,77,Kenyan Shilling,KES,,dd/MM/yyyy,2,,,2025-08-22 05:00:00,"#,###.##",DD/MM/YYYY,2025-08-22 16:20:53,2025-08-22 16:20:53,100119,2,,0,,4,English,1000288,,0,0,,1,0,,3,394,(GMT 3:00) Eastern African Time (Africa/Addis_Ababa),True
150,@EG@2e657c8b3e99245abbfea0e342767cee,,ECLESIA M,1112,Kenya,1000287,,KES,77,Kenyan Shilling,KES,,dd/MM/yyyy,2,,,2025-08-22 05:00:00,"#,###.##",DD/MM/YYYY,2025-08-22 12:42:08,2025-08-22 12:42:08,100118,3,,0,,4,English,1000287,,0,0,,1,0,,3,394,(GMT 3:00) Eastern African Time (Africa/Addis_Ababa),True
149,@EG@937ae6369ce286d1d8166f2d87e8c8b9,,Grandpa Joe Company Limited,1112,Kenya,1000286,,KES,77,Kenyan Shilling,KES,,dd/MM/yyyy,2,,,2025-08-21 05:00:00,"#,###.##",DD/MM/YYYY,2025-08-21 18:08:19,2025-08-21 18:08:19,100117,3,,0,,4,English,1000286,,0,0,,1,0,,3,394,(GMT 3:00) Eastern African Time (Africa/Addis_Ababa),True
148,@EG@ca4cd1f6fd188eb96e6a98fc2f09ad7b,,test-fm-821,1096,Hong Kong,1000284,,HKD,61,Hong Kong Dollar,HK$,,dd/MM/yyyy,2,,,2025-08-01 07:00:00,"#.###,##",DD/MM/YYYY,2025-08-20 14:03:28,2025-08-20 14:03:28,100116,1,,0,,4,English,1000284,,0,0,,1,0,,1,346,(GMT 1:00) Central European Summer Time (Poland),True
146,@EG@1fa78f8727dcd95656d5d6c6c6d00f73,,Shwari Phones,1112,Kenya,1000263,,KES,77,Kenyan Shilling,KES,,dd/MM/yyyy,2,,,2025-08-15 05:00:00,"#,###.##",DD/MM/YYYY,2025-08-15 18:04:47,2025-08-15 18:04:47,100114,14,,0,,4,English,1000263,,0,0,,1,0,,3,394,(GMT 3:00) Eastern African Time (Africa/Addis_Ababa),True
145,@EG@a07302a5a3aa17184b87c4ab21cfb82c,,Phyllis Mwangi,1112,Kenya,1000262,,KES,77,Kenyan Shilling,KES,,dd/MM/yyyy,2,,,2025-08-14 05:00:00,"#,###.##",DD/MM/YYYY,2025-08-14 18:10:49,2025-08-14 18:10:49,100113,3,,0,,4,English,1000262,,0,0,,1,0,,3,394,(GMT 3:00) Eastern African Time (Africa/Addis_Ababa),True
144,@EG@761c07460f396d9fac561328251d4cc2,,kilimax,1112,Kenya,1000260,,KES,77,Kenyan Shilling,KES,,dd/MM/yyyy,2,,,2025-08-13 05:00:00,"#,###.##",DD/MM/YYYY,2025-08-13 22:24:22,2025-08-13 22:24:22,100112,18,,0,,4,English,1000260,,0,0,,1,0,,3,394,(GMT 3:00) Eastern African Time (Africa/Addis_Ababa),True
143,@EG@194ebd9438b11c9b4c24f79190f7e792,,Haron Enterprises,1112,Kenya,1000259,,KES,77,Kenyan Shilling,KES,,dd/MM/yyyy,2,,,2025-08-13 05:00:00,"#,###.##",DD/MM/YYYY,2025-08-13 18:14:03,2025-08-13 18:14:03,100111,5,,0,,4,English,1000259,,0,0,,1,0,,3,394,(GMT 3:00) Eastern African Time (Africa/Addis_Ababa),True
142,@EG@ac0a1a4c2bcdb949ea03887c351222e7,,test 我是测试,1096,Hong Kong,1000258,,HKD,61,Hong Kong Dollar,HK$,,dd/MM/yyyy,2,,,2025-08-13 00:00:00,"#.###,##",DD/MM/YYYY,2025-08-13 14:41:54,2025-08-13 14:41:54,100110,1,,0,,4,English,1000258,,0,0,,1,0,,8,488,(GMT 8:00) Hong Kong Time (Asia/Hong_Kong),True
141,@EG@f256e2bcca7238e53606ce8c1a30eb52,,san san,1096,Hong Kong,1000253,,HKD,61,Hong Kong Dollar,HK$,,dd/MM/yyyy,2,,,2025-08-13 00:00:00,"#.###,##",DD/MM/YYYY,2025-08-13 10:31:16,2025-08-13 10:31:16,100109,1,,0,,4,English,1000253,,0,0,,1,0,,8,488,(GMT 8:00) Hong Kong Time (Asia/Hong_Kong),True
139,@EG@28586fdd43448ca02fae5ac48f2e9715,,Luke11111,1096,Hong Kong,1000251,,HKD,61,Hong Kong Dollar,HK$,,dd/MM/yyyy,2,,,2025-08-12 00:00:00,"#.###,##",DD/MM/YYYY,2025-08-12 10:37:38,2025-08-12 10:37:38,100107,1,,0,,4,English,1000251,,0,0,,1,0,,8,488,(GMT 8:00) Hong Kong Time (Asia/Hong_Kong),True
138,@EG@b2792477790730a14a9899029c54e36f,,BOLY INDUSTRIES KENYA LIMITED,1112,Kenya,1000250,,KES,77,Kenyan Shilling,KES,,dd/MM/yyyy,2,,,2025-08-11 05:00:00,"#,###.##",DD/MM/YYYY,2025-08-11 23:56:51,2025-08-11 23:56:51,100106,32,,0,,4,English,1000250,,0,0,,1,0,,3,394,(GMT 3:00) Eastern African Time (Africa/Addis_Ababa),True
137,@EG@02b329a7bd662d8901a8f5cd675a51bf,,elytest,1112,Kenya,1000249,,KES,77,Kenyan Shilling,KES,,dd/MM/yyyy,2,,,2025-08-11 05:00:00,"#,###.##",DD/MM/YYYY,2025-08-11 20:35:37,2025-08-11 20:35:37,100105,34,,0,,4,English,1000249,,0,0,,1,0,,3,394,(GMT 3:00) Eastern African Time (Africa/Addis_Ababa),True
136,@EG@3c23d4ea763c42a3e50e0ac793bde7e3,,Anomali,1112,Kenya,1000245,,KES,77,Kenyan Shilling,KES,,dd/MM/yyyy,2,,,2025-08-08 05:00:00,"#,###.##",DD/MM/YYYY,2025-08-08 15:25:23,2025-08-08 15:25:23,100102,5,,0,,4,English,1000245,,0,0,,1,0,,3,394,(GMT 3:00) Eastern African Time (Africa/Addis_Ababa),True
135,@EG@ef22b4d3d95fa9b9454f2f59d8d2c25c,,KES,1004,Algeria,1000238,,KES,77,Kenyan Shilling,KES,,dd-MM-yyyy,3,,,2025-05-31 22:00:00,"#,###.##",DD-MM-YYYY,2025-11-05 12:41:30,2025-11-05 12:41:30,101859,,,0,,4,English,1000238,,0,0,,1,0,,10,528,(GMT 10:00) Eastern Standard Time (New South Wales)(AET),True
135,@EG@c7e1f9a84e9e176eae8bf616c4804b35,,101053-多币种-KES-GMT 10,1003,Albania,1000238,,KES,77,Kenyan Shilling,KES,,dd-MM-yyyy,3,,,2025-09-30 22:00:00,"#,###.##",DD-MM-YYYY,2025-10-10 13:57:29,2025-10-10 13:57:29,101053,,,0,,4,English,1000238,,1,0,,1,0,,10,528,(GMT 10:00) Eastern Standard Time (New South Wales)(AET),True
135,@EG@2412b887e4b1583b96a2da6e489a4438,,100099-test 0806fm-未开多币种,1096,Hong Kong,1000238,,HKD,61,Hong Kong Dollar,HK$,,dd/MM/yyyy,2,,,2025-08-01 00:00:00,"#.###,##",DD/MM/YYYY,2025-08-06 11:12:58,2025-08-06 11:12:58,100099,6,,0,,4,English,1000238,,0,0,,1,0,,8,488,(GMT 8:00) Hong Kong Time (Asia/Hong_Kong),True
134,@EG@6f3b06e21c46b13919488d4f783ac979,,电子猴,1096,Hong Kong,1000237,,HKD,61,Hong Kong Dollar,HK$,,dd/MM/yyyy,2,,,2025-08-06 00:00:00,"#.###,##",DD/MM/YYYY,2025-08-06 11:08:55,2025-08-06 11:08:55,100098,9,,0,,4,English,1000237,,0,0,,1,0,,8,488,(GMT 8:00) Hong Kong Time (Asia/Hong_Kong),True
133,@EG@f3ec586c54f350108912cde371b6664a,,ABNAS VISSION,1112,Kenya,1000233,,KES,77,Kenyan Shilling,KES,,dd/MM/yyyy,2,,,2025-08-04 05:00:00,"#,###.##",DD/MM/YYYY,2025-08-04 19:24:31,2025-08-04 19:24:31,100096,14,,0,,4,English,1000233,,0,0,,1,0,,3,394,(GMT 3:00) Eastern African Time (Africa/Addis_Ababa),True
132,@EG@b6e0f24750ad98e6024b693acc333790,,ui user,1096,Hong Kong,1000230,,HKD,61,Hong Kong Dollar,HK$,,dd/MM/yyyy,2,,,2025-08-04 00:00:00,"#.###,##",DD/MM/YYYY,2025-08-04 10:37:11,2025-08-04 10:37:11,100095,1,,0,,4,English,1000230,,0,0,,1,0,,8,488,(GMT 8:00) Hong Kong Time (Asia/Hong_Kong),True
130,@EG@54e0489491b3831ccbbdd2a28e680fbd,,Ely ou测试加 0 不加 0 哼,1112,Kenya,1000227,,KES,77,Kenyan Shilling,KES,,dd/MM/yyyy,2,,,2025-08-02 05:00:00,"#,###.##",DD/MM/YYYY,2025-08-02 20:39:40,2025-08-02 20:39:40,100093,7,,0,,4,English,1000227,,0,0,,1,0,,3,394,(GMT 3:00) Eastern African Time (Africa/Addis_Ababa),True
128,@EG@05874edf1adbf0fd5af37ec33558636a,,I just type when I registered,1112,Kenya,1000221,,KES,77,Kenyan Shilling,KES,,dd/MM/yyyy,2,,,2025-08-01 05:00:00,"#,###.##",DD/MM/YYYY,2025-08-01 21:29:12,2025-08-01 21:29:12,100092,3,,0,,4,English,1000221,,0,0,,1,0,,3,394,(GMT 3:00) Eastern African Time (Africa/Addis_Ababa),True
127,@EG@8b2d9c85a143e9b7e0b854b20e378569,,0731005fm,1096,Hong Kong,1000210,,HKD,61,Hong Kong Dollar,HK$,,dd/MM/yyyy,2,,,2025-07-31 00:00:00,"#.###,##",DD/MM/YYYY,2025-07-31 15:57:27,2025-07-31 15:57:27,100090,6,,0,,4,English,1000210,,0,0,,1,0,,8,488,(GMT 8:00) Hong Kong Time (Asia/Hong_Kong),True
126,@EG@8f92d6f9f30373e75fdeba88531fd62e,,ruanhaha,1096,Hong Kong,1000169,,HKD,61,Hong Kong Dollar,HK$,,dd/MM/yyyy,2,,,2025-07-30 00:00:00,"#.###,##",DD/MM/YYYY,2025-07-30 14:50:02,2025-07-30 14:50:02,100088,34,,0,,4,English,1000169,,0,0,,1,0,,8,488,(GMT 8:00) Hong Kong Time (Asia/Hong_Kong),True
125,@EG@9c210db067f8a48e6b4dc34ed153747b,,MPS,1112,Kenya,1000167,,KES,77,Kenyan Shilling,KES,,dd/MM/yyyy,2,,,2025-07-29 05:00:00,"#,###.##",DD/MM/YYYY,2025-07-29 22:40:58,2025-07-29 22:40:58,100087,14,,0,,4,English,1000167,,0,0,,1,0,,3,394,(GMT 3:00) Eastern African Time (Africa/Addis_Ababa),True
124,@EG@ebb589107d4ec1ef58a423c76ddf7a3f,,Satirro Investments,1112,Kenya,1000165,,KES,77,Kenyan Shilling,KES,,dd/MM/yyyy,2,,,2025-07-29 05:00:00,"#,###.##",DD/MM/YYYY,2025-07-29 19:32:54,2025-07-29 19:32:54,100086,32,,0,,4,English,1000165,,0,0,,1,0,,3,394,(GMT 3:00) Eastern African Time (Africa/Addis_Ababa),True
123,@EG@075e2ce4c1fb54814e07e946d776c7c7,,Kilimax测试,1096,Hong Kong,1000162,,HKD,61,Hong Kong Dollar,HK$,,dd/MM/yyyy,2,,,2025-07-29 00:00:00,"#.###,##",DD/MM/YYYY,2025-07-29 15:18:36,2025-07-29 15:18:36,100085,1,,0,,4,English,1000162,,0,0,,1,0,,8,488,(GMT 8:00) Hong Kong Time (Asia/Hong_Kong),True
122,@EG@40f242037d6074ce815904f89a3e87da,,err,1096,Hong Kong,1000154,,HKD,61,Hong Kong Dollar,HK$,,dd/MM/yyyy,2,,,2025-08-06 00:00:00,"#.###,##",DD/MM/YYYY,2025-08-06 10:50:50,2025-08-06 10:50:50,100097,2,,0,,4,English,1000154,,0,0,,1,0,,8,488,(GMT 8:00) Hong Kong Time (Asia/Hong_Kong),True
121,@EG@79553046315136fef699cc33ec4df856,,333,1096,Hong Kong,1000152,,HKD,61,Hong Kong Dollar,HK$,,dd/MM/yyyy,2,,,2025-07-28 00:00:00,"#.###,##",DD/MM/YYYY,2025-07-28 16:31:24,2025-07-28 16:31:24,100083,5,,0,,4,English,1000152,,0,0,,1,0,,8,488,(GMT 8:00) Hong Kong Time (Asia/Hong_Kong),True
121,@EG@75776900c588f5ebc9ac9930e9d58565,,222,1096,Hong Kong,1000152,,HKD,61,Hong Kong Dollar,HK$,,dd/MM/yyyy,2,,,2025-07-28 00:00:00,"#.###,##",DD/MM/YYYY,2025-07-28 16:29:45,2025-07-28 16:29:45,100082,2,,0,,4,English,1000152,,0,0,,2,0,,8,488,(GMT 8:00) Hong Kong Time (Asia/Hong_Kong),False
121,@EG@0450268f0fc489079f7e6d4db0bf2aea,,3333,1096,Hong Kong,1000152,,HKD,61,Hong Kong Dollar,HK$,,dd/MM/yyyy,2,,,2025-07-28 00:00:00,"#.###,##",DD/MM/YYYY,2025-07-28 16:06:28,2025-07-28 16:06:28,100081,5,,0,,4,English,1000152,,0,0,,2,0,,8,488,(GMT 8:00) Hong Kong Time (Asia/Hong_Kong),False
121,@EG@cb0ecc8f1f9c7021db75787755ffd74f,,444,1005,American Samoa,1000152,,ARS,7,Argentine Peso,$,,dd-MM-yyyy,1,,,2025-07-01 08:00:00,"#,###.##",DD-MM-YYYY,2025-07-28 15:15:01,2025-07-28 15:15:01,100080,,,0,,6,Français,1000152,,0,0,,2,0,,0,244,(GMT 0:00) Greenwich Mean Time (Africa/Abidjan),False
121,@EG@77bb73858e0c072bc7b9bedc19e7cfc1,,ces company,1096,Hong Kong,1000152,,HKD,61,Hong Kong Dollar,HK$,,dd/MM/yyyy,2,,,2025-07-28 00:00:00,"#.###,##",DD/MM/YYYY,2025-07-28 15:11:01,2025-07-28 15:11:01,100079,1,,0,,4,English,1000152,,0,0,,2,0,,8,488,(GMT 8:00) Hong Kong Time (Asia/Hong_Kong),False
118,@EG@a17a6ee46feacd1b651b886124d782a1,,Ropem Nakuru Branch,1112,Kenya,1002954,,KES,77,Kenyan Shilling,KES,,dd-MM-yyyy,2,,,2025-11-01 05:00:00,"#,###.##",DD-MM-YYYY,2025-11-19 20:01:34,2025-11-19 20:01:34,102004,14,,0,,4,English,1002954,,1,0,,2,0,,3,398,(GMT 3:00) Eastern African Time (Africa/Kampala),False
118,@EG@c427fb67c532553e04fd61c49e08e46a,https://static.kilimax.com/enterprise_118/company_100224/logo/Screenshot 2025-07-29 113923.png,Ropem2.0-with QBO,1112,Kenya,1000149,,KES,77,Kenyan Shilling,KES,,dd-MM-yyyy,0,,,2025-09-01 05:00:00,"#,###.##",DD-MM-YYYY,2025-09-28 13:48:39,2025-09-28 13:48:39,100224,14,,0,,4,English,1000149,,0,0,,1,0,,3,394,(GMT 3:00) Eastern African Time (Africa/Addis_Ababa),True
118,@EG@e4f09ce218211485fd140fea88f07e7f,https://static.kilimax.com/enterprise_118/company_100084/logo/Screenshot 2025-07-29 113923.png,[test]Ropem,1112,Kenya,1000149,,KES,77,Kenyan Shilling,KES,,dd/MM/yyyy,2,,,2025-07-01 05:00:00,"#,###.##",DD/MM/YYYY,2025-07-28 16:50:56,2025-07-28 16:50:56,100084,14,,0,,4,English,1000149,,0,0,,2,0,,3,394,(GMT 3:00) Eastern African Time (Africa/Addis_Ababa),False
115,@EG@411aa09d978aed7721f49d1c47eda3b3,,CHINA BODA,1210,Tanzania,1000102,,TZS,152,Tanzanian Shilling,TZS,,dd-MM-yyyy,2,,,2025-12-01 05:00:00,"#,###.##",DD-MM-YYYY,2025-12-12 15:52:58,2025-12-12 15:52:58,102287,,,0,,23,中文,1003796,,0,0,,1,0,,3,396,(GMT 3:00) Eastern African Time (Africa/Dar_es_Salaam),True
115,@EG@484fcadef0d7760cbf6f3a69f58ea588,,SUNBELT,1210,Tanzania,1000102,,TZS,152,Tanzanian Shilling,TZS,,dd-MM-yyyy,2,,,2025-09-01 05:00:00,"#,###.##",DD-MM-YYYY,2025-09-24 15:06:57,2025-09-24 15:06:57,100200,,,0,,4,English,1000102,,0,0,,1,0,,3,396,(GMT 3:00) Eastern African Time (Africa/Dar_es_Salaam),True
115,@EG@ce455164361c9c6ba56e57447cf17020,https://static.kilimax.com/enterprise_115/company_100077/logo/toyar_logo_f.png,Toyar,1210,Tanzania,1000102,,TZS,152,Tanzanian Shilling,TZS,,dd-MM-yyyy,2,,,2025-09-01 05:00:00,"#,###.##",DD-MM-YYYY,2025-09-11 15:12:39,2025-09-11 15:12:39,100160,,,0,,4,English,1000100,,0,0,,1,0,,3,396,(GMT 3:00) Eastern African Time (Africa/Dar_es_Salaam),True
115,@EG@9247168d71bd70a1cfb45e51da4e23e7,,Midea Store,1210,Tanzania,1000102,,TZS,152,Tanzanian Shilling,TZS,,dd-MM-yyyy,2,,,2025-08-01 05:00:00,"#,###.##",DD-MM-YYYY,2025-08-01 17:03:24,2025-08-01 17:03:24,100091,,,0,,4,English,1000100,,0,0,,1,0,,3,396,(GMT 3:00) Eastern African Time (Africa/Dar_es_Salaam),True
115,@EG@cfd1c9b12a967ca4167c2e439313565a,,Toyar---disabled,1210,Tanzania,1000097,,TZS,152,Tanzanian Shilling,TZS,,dd-MM-yyyy,2,,,2025-07-01 05:00:00,"#,###.##",DD-MM-YYYY,2025-07-23 16:30:30,2025-07-23 16:30:30,100077,,,0,,23,中文,1000100,,0,0,,2,0,,3,396,(GMT 3:00) Eastern African Time (Africa/Dar_es_Salaam),False
113,@EG@7b31cab6a55dd65ed9abe27617a190b6,,MERSONS,1112,Kenya,1000094,,KES,77,Kenyan Shilling,KES,,dd/MM/yyyy,2,,,2025-08-03 05:00:00,"#,###.##",DD/MM/YYYY,2025-08-03 02:49:40,2025-08-03 02:49:40,100094,14,,0,,4,English,1000094,,0,0,,1,0,,3,394,(GMT 3:00) Eastern African Time (Africa/Addis_Ababa),True
112,@EG@b961febe73c20759fdbe9968400ae657,,Phonemart,1112,Kenya,1000093,,KES,77,Kenyan Shilling,KES,,dd/MM/yyyy,2,,,2025-08-25 05:00:00,"#,###.##",DD/MM/YYYY,2025-08-25 17:09:37,2025-08-25 17:09:37,100126,14,,0,,4,English,1000093,,0,0,,1,0,,3,394,(GMT 3:00) Eastern African Time (Africa/Addis_Ababa),True
110,@EG@79a68b64f547b9d679639a76d52c3309,,Houseline Store,1112,Kenya,1000081,,KES,77,Kenyan Shilling,KES,,dd-MM-yyyy,2,,,2025-07-01 05:00:00,"#,###.##",DD-MM-YYYY,2025-07-16 17:36:32,2025-07-16 17:36:32,100074,14,,0,,4,English,1000081,,0,0,,1,0,,3,401,(GMT 3:00) Eastern African Time (Africa/Nairobi),True
107,@EG@bfb8eb4dc7fa1b43c7c5c05b5364f2d2,,Generations,1112,Kenya,1000077,,KES,77,Kenyan Shilling,KES,,dd/MM/yyyy,2,,,2025-08-01 05:00:00,"#,###.##",DD/MM/YYYY,2025-08-06 16:43:43,2025-08-06 16:43:43,100100,14,,0,,4,English,1000077,,0,0,,1,0,,3,394,(GMT 3:00) Eastern African Time (Africa/Addis_Ababa),True
106,@EG@1aeafee514551978a5502ec061226877,,Midlink Investments,1112,Kenya,1000074,,KES,77,Kenyan Shilling,KES,,dd-MM-yyyy,0,,,2025-07-01 05:00:00,"#,###.##",DD-MM-YYYY,2025-07-10 21:43:57,2025-07-10 21:43:57,100071,14,,0,,4,English,1000074,,0,0,,1,0,,3,401,(GMT 3:00) Eastern African Time (Africa/Nairobi),True
105,@EG@2d9377172d674a664bf299d9eab2e4a6,,Gadget Solution International,1112,Kenya,1000076,,KES,77,Kenyan Shilling,KES,,dd-MM-yyyy,0,,,2025-07-01 05:00:00,"#,###.##",DD-MM-YYYY,2025-07-14 18:41:43,2025-07-14 18:41:43,100073,14,,0,,4,English,1000076,,0,0,,1,0,,3,394,(GMT 3:00) Eastern African Time (Africa/Addis_Ababa),True
104,@EG@a59a6c48a153e2033183b04f0a948f08,,Phone254,1112,Kenya,1000075,,KES,77,Kenyan Shilling,KES,,dd-MM-yyyy,0,,,2025-07-01 05:00:00,"#,###.##",DD-MM-YYYY,2025-07-08 16:43:24,2025-07-08 16:43:24,100069,14,,0,,4,English,1000075,,0,0,,1,0,,3,401,(GMT 3:00) Eastern African Time (Africa/Nairobi),True
101,@EG@f9c64d73962c501809c63e641cf61a92,,测试test-线下租户,1096,Hong Kong,1000006,,HKD,61,Hong Kong Dollar,HK$,,dd/MM/yyyy,2,,,2025-12-01 00:00:00,"#.###,##",DD/MM/YYYY,2025-12-02 10:24:59,2025-12-02 10:24:59,102160,30,,0,,4,English,1000006,,0,0,,1,0,,8,488,(GMT 8:00) Hong Kong Time (Asia/Hong_Kong),True
101,@EG@8044eb5f68464b71c9e91e4ab97b124a,,test-onboarding,1001,Afghanistan,1000006,,AFN,2,Afghan Afghani,AFN,,dd-MM-yyyy,3,,,2025-02-28 22:00:00,"#,###.##",DD-MM-YYYY,2025-11-21 11:51:33,2025-11-21 11:51:33,102037,,,0,,4,English,1000006,,0,0,,2,0,,10,528,(GMT 10:00) Eastern Standard Time (New South Wales)(AET),False
101,@EG@8500c55a36041559c80f41ae1090e06d,,ce3,1002,Aland Islands,1000006,,ALL,3,Albanian Lek,Lek,,dd-MM-yyyy,1,,,2025-05-31 22:00:00,"#,###.##",DD-MM-YYYY,2025-08-12 16:21:19,2025-08-12 16:21:19,100108,,,0,,6,Français,1000006,,0,0,,2,0,,10,528,(GMT 10:00) Eastern Standard Time (New South Wales)(AET),False
101,@EG@6193245020a18a822ae706170eb34040,,ces2,1004,Algeria,1000006,,AOA,6,Angolan Kwanza,AOA,,dd-MM-yyyy,3,,,2025-07-01 05:00:00,"#,###.##",DD-MM-YYYY,2025-07-18 11:30:15,2025-07-18 11:30:15,100076,,,0,,6,Français,1000006,,0,0,,2,0,,3,394,(GMT 3:00) Eastern African Time (Africa/Addis_Ababa),False
101,@EG@4510c57513d3f00058da75663a1f0d05,,ces,1001,Afghanistan,1000006,,AFN,2,Afghan Afghani,AFN,,dd-MM-yyyy,0,,,2025-06-30 22:30:00,"#,###.##",DD-MM-YYYY,2025-07-01 11:09:23,2025-07-01 11:09:23,100063,,,0,,4,English,1000006,,0,0,,2,0,,9.3,521,(GMT 9:30) Central Standard Time (Northern Territory)(ACT),False
66,@EG@81fcc2f89185a8dd89321ab13b52c152,https://static.kilimax.com/enterprise_66/company_100129/logo/WhatsApp Image 2025-09-03 at 09.42.57.jpeg,TAICOPOWER KENYA COMPANY,1112,Kenya,840914,,KES,77,Kenyan Shilling,KES,,dd-MM-yyyy,0,,,2025-09-01 05:00:00,"#,###.##",DD-MM-YYYY,2025-08-27 21:00:08,2025-08-27 21:00:08,100129,33,,0,,4,English,840914,,0,0,,1,0,,3,401,(GMT 3:00) Eastern African Time (Africa/Nairobi),True
66,@EG@d3f6de0d3646c8c263e0dc17cd6a8959,https://static.kilimax.com/enterprise_66/company_100064/logo/taico logo.png,TAICOPOWER KENYA,1112,Kenya,840914,,KES,77,Kenyan Shilling,KES,,dd-MM-yyyy,0,,,2025-07-01 05:00:00,"#,###.##",DD-MM-YYYY,2025-07-01 17:47:07,2025-07-01 17:47:07,100064,14,,0,,4,English,840914,,0,0,,2,0,,3,401,(GMT 3:00) Eastern African Time (Africa/Nairobi),False
64,@EG@d46bf0bcce183200b2d416446ef999cd,,MISS TORIA INVESTMENTS,1112,Kenya,840859,,KES,77,Kenyan Shilling,KES,,dd-MM-yyyy,2,,,2025-07-01 05:00:00,"#,###.##",DD-MM-YYYY,2025-07-25 19:29:00,2025-07-25 19:29:00,100078,14,,0,,4,English,840859,,0,0,,1,0,,3,394,(GMT 3:00) Eastern African Time (Africa/Addis_Ababa),True
64,@EG@32e923f1d11b5a55bb70a843fe638542,,【Trial】,1112,Kenya,840859,,KES,77,Kenyan Shilling,KES,,dd-MM-yyyy,2,,,2025-07-01 05:00:00,"#,###.##",DD-MM-YYYY,2025-07-04 20:22:16,2025-07-04 20:22:16,100067,14,,0,,4,English,840859,,0,0,,2,0,,3,394,(GMT 3:00) Eastern African Time (Africa/Addis_Ababa),False
63,@EG@20569216ed83d42c076865d398e795a7,,HUB 4 DISTRI LTD,1157,Nigeria,1000058,,NGN,109,Nigerian Naira,NGN,,dd-MM-yyyy,4,,,2025-11-01 08:00:00,"#,###.##",DD-MM-YYYY,2025-11-17 22:51:32,2025-11-17 22:51:32,101974,39,,0,,4,English,1000058,,0,0,,1,0,,0,245,(GMT 0:00) Greenwich Mean Time (Africa/Accra),True
63,@EG@7d439653c352eef09a0e4757282458dc,,Spectrum FMCG,1157,Nigeria,1000058,,NGN,109,Nigerian Naira,NGN,,dd-MM-yyyy,2,,,2025-11-01 07:00:00,"#,###.##",DD-MM-YYYY,2025-11-17 22:43:10,2025-11-17 22:43:10,101973,,,0,,4,English,1000058,,0,0,,1,0,,1,297,(GMT 1:00) Western African Time (Africa/Brazzaville),True
63,@EG@2a8843b925e9d47bcf77b32a3327d7a5,https://static.kilimax.com/enterprise_63/company_100060/logo/screenshot-20250702-141315.png,Spectrum (Trial Account),1157,Nigeria,838955,,NGN,109,Nigerian Naira,NGN,,dd-MM-yyyy,0,,,2025-06-01 07:00:00,"#,###.##",DD-MM-YYYY,2025-06-25 19:35:37,2025-06-25 19:35:37,100060,14,,0,,4,English,1000058,,1,0,,1,0,,1,297,(GMT 1:00) Western African Time (Africa/Brazzaville),True
62,@EG@fcacd08b954355aa8cbae74fa7f70869,,Spectrum,1157,Nigeria,829255,,NGN,109,Nigerian Naira,NGN,,dd-MM-yyyy,0,,,2025-06-01 07:00:00,"#,###.##",DD-MM-YYYY,2025-06-25 19:10:56,2025-06-25 19:10:56,100059,14,,0,,4,English,829255,,0,0,,1,0,,1,299,(GMT 1:00) Western African Time (Africa/Douala),True
58,@EG@9ed0556b8245c76b564283b72b55b68a,,Smartwave,1112,Kenya,837924,,KES,77,Kenyan Shilling,KES,,dd-MM-yyyy,0,,,2025-05-01 05:00:00,"#,###.##",DD-MM-YYYY,2025-06-24 15:31:57,2025-06-24 15:31:57,100058,14,,0,,4,English,837924,,0,0,,1,0,,3,401,(GMT 3:00) Eastern African Time (Africa/Nairobi),True
56,@EG@abe301e5eb5cf374cee814fc127877d6,https://static.kilimax.com/enterprise_56/company_100056/logo/Rabbi.jpeg,Rabbi Investments Company,1221,Uganda,837512,,UGX,154,Ugandan Shilling,UGX,,dd-MM-yyyy,0,,,2025-06-01 05:00:00,"#,###.##",DD-MM-YYYY,2025-08-11 17:13:37,2025-08-11 17:13:37,100104,1,,0,,4,English,837512,,0,0,,1,0,,3,398,(GMT 3:00) Eastern African Time (Africa/Kampala),True
56,@EG@deb44b283b49e2863aff48a2a8f05da9,https://static.kilimax.com/enterprise_56/company_100056/logo/WhatsApp Image 2025-06-28 at 1.08.35 PM.jpeg,Rabbi investments,1221,Uganda,837512,,UGX,154,Ugandan Shilling,UGX,,dd-MM-yyyy,0,,,2025-06-01 05:00:00,"#,###.##",DD-MM-YYYY,2025-06-21 17:52:18,2025-06-21 17:52:18,100056,1,,0,,4,English,837512,,0,0,,2,0,,3,394,(GMT 3:00) Eastern African Time (Africa/Addis_Ababa),False
55,@EG@6a825e139dbed9a96403280e68b9cbe6,,KAAB ELECTRONICS,1112,Kenya,837012,,KES,77,Kenyan Shilling,KES,,dd-MM-yyyy,0,,,2025-06-01 05:00:00,"#,###.##",DD-MM-YYYY,2025-06-21 18:59:55,2025-06-21 18:59:55,100057,,,0,,4,English,837012,,0,0,,1,0,,3,394,(GMT 3:00) Eastern African Time (Africa/Addis_Ababa),True
54,@EG@81cce804da3f3280afa81ccff0e4db7f,https://static.kilimax.com/enterprise_54/company_100066/logo/screenshot-20250704-100752.png,Pristine Hotel,1112,Kenya,836993,,KES,77,Kenyan Shilling,KES,,dd-MM-yyyy,0,,,2025-07-01 05:00:00,"#,###.##",DD-MM-YYYY,2025-07-02 22:03:54,2025-07-02 22:03:54,100066,,,0,,4,English,836993,,0,0,,1,0,,3,401,(GMT 3:00) Eastern African Time (Africa/Nairobi),True
54,@EG@926a820c2a37291ed59df5b388b53765,https://static.kilimax.com/enterprise_54/company_100054/logo/screenshot-20250704-100859.png,Swiss Hotel,1112,Kenya,836993,,KES,77,Kenyan Shilling,KES,,dd-MM-yyyy,0,,,2025-06-01 05:00:00,"#,###.##",DD-MM-YYYY,2025-06-20 01:46:55,2025-06-20 01:46:55,100054,,,0,,23,中文,836993,,0,0,,1,0,,3,394,(GMT 3:00) Eastern African Time (Africa/Addis_Ababa),True
53,@EG@3d9526d0b567e5b2bb5e7ba3745338a5,,salam comm,1112,Kenya,836859,,KES,77,Kenyan Shilling,KES,,dd-MM-yyyy,0,,,2025-06-01 05:00:00,"#,###.##",DD-MM-YYYY,2025-06-19 21:11:26,2025-06-19 21:11:26,100053,,,0,,4,English,836859,,0,0,,1,0,,3,394,(GMT 3:00) Eastern African Time (Africa/Addis_Ababa),True
52,@EG@8b4e5b2b4af65cd194531bf4c6be599c,https://static.kilimax.com/enterprise_52/company_100052/logo/screenshot-20250619-115617.png,Onfon,1112,Kenya,836686,,KES,77,Kenyan Shilling,KES,,dd-MM-yyyy,0,,,2025-06-01 05:00:00,"#,###.##",DD-MM-YYYY,2025-06-19 16:55:47,2025-06-19 16:55:47,100052,1,,0,,4,English,836686,,0,0,,1,0,,3,401,(GMT 3:00) Eastern African Time (Africa/Nairobi),True
47,@EG@7830b47b8de7fa8676566dbe5dcf2a25,,navi,1112,Kenya,834735,,KES,77,Kenyan Shilling,KES,,dd-MM-yyyy,1,,,2025-06-01 05:00:00,"#,###.##",DD-MM-YYYY,2025-06-13 13:39:14,2025-06-13 13:39:14,100046,2,,0,,23,中文,834735,,0,0,,1,0,,3,395,(GMT 3:00) Eastern African Time (Africa/Asmera),True
46,@EG@f9fe3b7384fe9ce40fde409a1d79e30e,,Agent-Test,1112,Kenya,834346,,KES,77,Kenyan Shilling,KES,,dd-MM-yyyy,2,,,2025-11-01 05:00:00,"#,###.##",DD-MM-YYYY,2025-11-28 21:05:35,2025-11-28 21:05:35,102132,,,0,,4,English,834346,,0,0,,1,0,,3,401,(GMT 3:00) Eastern African Time (Africa/Nairobi),True
46,@EG@51f941283029f16c013e1e06a55e0181,https://static.kilimax.com/enterprise_46/company_102091/logo/logo.jpg,Ayuko-test,1112,Kenya,834346,,KES,77,Kenyan Shilling,KES,,dd-MM-yyyy,2,,,2025-11-01 05:00:00,"#,###.##",DD-MM-YYYY,2025-11-26 21:41:34,2025-11-26 21:41:34,102091,,,0,,4,English,834346,,0,0,,1,0,,3,401,(GMT 3:00) Eastern African Time (Africa/Nairobi),True
46,@EG@4e018ed1dea685ea37cba9b78a9db880,,Nakuru Branch,1112,Kenya,834346,,KES,77,Kenyan Shilling,KES,,dd-MM-yyyy,0,,,2025-11-01 05:00:00,"#,###.##",DD-MM-YYYY,2025-11-19 20:01:16,2025-11-19 20:01:16,102003,14,,0,,4,English,834346,,1,0,,1,0,,3,396,(GMT 3:00) Eastern African Time (Africa/Dar_es_Salaam),True
46,@EG@b47c79d0ec31c732e8d52b4198c0d520,,Kilimax- Dorris,1112,Kenya,834346,,KES,77,Kenyan Shilling,KES,,dd-MM-yyyy,2,,,2025-11-01 05:00:00,"#,###.##",DD-MM-YYYY,2025-11-17 16:51:51,2025-11-17 16:51:51,101964,,,0,,4,English,834346,,0,0,,1,0,,3,401,(GMT 3:00) Eastern African Time (Africa/Nairobi),True
46,@EG@4c165e540dbf4843efc978aa6a4176eb,https://static.kilimax.com/enterprise_46/company_100035/logo/logo4.png,Christine - Kilimax,1112,Kenya,834346,,KES,77,Kenyan Shilling,KES,,dd-MM-yyyy,0,,,2025-11-01 05:00:00,"#,###.##",DD-MM-YYYY,2025-11-17 16:49:46,2025-11-17 16:49:46,101963,35,,0,,4,English,834346,,0,0,,1,0,,3,400,(GMT 3:00) Eastern African Time (Africa/Mogadishu),True
46,@EG@ddc3ac790472bc8c6c83feebe08e8777,,Tripple M - Test,1112,Kenya,834346,,KES,77,Kenyan Shilling,KES,,dd-MM-yyyy,0,,,2025-11-01 05:00:00,"#,###.##",DD-MM-YYYY,2025-11-14 14:33:39,2025-11-14 14:33:39,101930,10,,0,,4,English,834346,,0,0,,1,0,,3,409,(GMT 3:00) Eastern African Time (EAT),True
46,@EG@106b0ca296c8dacf3e400f654a44e683,,KillyMax-Preston,1045,China,834346,,KES,77,Kenyan Shilling,KES,,dd-MM-yyyy,0,,,2025-11-01 05:00:00,"#,###.##",DD-MM-YYYY,2025-11-12 20:16:30,2025-11-12 20:16:30,101912,16,,0,,4,English,834346,,0,0,,1,0,,3,395,(GMT 3:00) Eastern African Time (Africa/Asmera),True
46,@EG@a4b6545911c911930d7fed0c4781e1cb,,zoe-test,1112,Kenya,834346,,KES,77,Kenyan Shilling,KES,,dd-MM-yyyy,2,,,2025-10-01 05:00:00,"#,###.##",DD-MM-YYYY,2025-10-29 19:54:44,2025-10-29 19:54:44,101774,,,0,,4,English,834346,,0,0,,1,0,,3,394,(GMT 3:00) Eastern African Time (Africa/Addis_Ababa),True
46,@EG@c3850a7400f380cc7051caf0f60f24f3,https://static.kilimax.com/enterprise_46/company_101306/logo/Screenshot 2025-10-24 123449.png,Margaret Wangui - Kilimax test,1112,Kenya,834346,,KES,77,Kenyan Shilling,KES,,dd-MM-yyyy,2,,,2025-10-01 05:00:00,"#,###.##",DD-MM-YYYY,2025-10-24 17:39:11,2025-10-24 17:39:11,101688,39,,0,,4,English,834346,,0,0,,1,0,,3,394,(GMT 3:00) Eastern African Time (Africa/Addis_Ababa),True
46,@EG@0d8ed0d35347f2b652de45a8daab93cc,"https://static.kilimax.com/enterprise_46/company_101687/logo/ChatGPT Image Dec 18, 2025, 10_03_06 AM.png",Mburu Stores,1112,Kenya,834346,,KES,77,Kenyan Shilling,KES,,dd-MM-yyyy,2,,,2025-10-01 05:00:00,"#,###.##",DD-MM-YYYY,2025-10-24 17:25:24,2025-10-24 17:25:24,101687,1,,0,,4,English,834346,,0,0,,1,0,,3,395,(GMT 3:00) Eastern African Time (Africa/Asmera),True
44,@EG@722c574aa63c40836b455d287b155dcf,https://static.kilimax.com/enterprise_44/company_100072/logo/img_v3_02nq_45b9dd76-3d4d-4d22-a51b-7e94ed2df81g.jpg,MAXBUY,1081,Ghana,832544,,GHS,55,Ghanaian Cedi,¢,,dd-MM-yyyy,2,,,2025-07-01 08:00:00,"#,###.##",DD-MM-YYYY,2025-07-10 23:00:46,2025-07-10 23:00:46,100072,14,,0,,4,English,832544,,1,0,,1,0,,0,246,(GMT 0:00) Greenwich Mean Time (Africa/Bamako),True
44,@EG@b7615fcb3f11faa917d0657f05b1f060,https://static.kilimax.com/enterprise_44/company_100034/logo/img_v3_02nq_45b9dd76-3d4d-4d22-a51b-7e94ed2df81g.jpg,（Test）MAXBUY GHANA LIMITED,1081,Ghana,832544,,GHS,55,Ghanaian Cedi,¢,,dd-MM-yyyy,2,,,2025-06-01 08:00:00,"#,###.##",DD-MM-YYYY,2025-06-10 23:23:51,2025-06-10 23:23:51,100034,14,,0,,4,English,832544,,0,0,,2,0,,0,244,(GMT 0:00) Greenwich Mean Time (Africa/Abidjan),False
43,@EG@571003d73eb4c7a02ad4458a1c402580,,KiliCRM,1112,Kenya,829255,,KES,77,Kenyan Shilling,KES,,dd-MM-yyyy,0,,,2025-05-01 05:00:00,"#,###.##",DD-MM-YYYY,2025-05-27 23:10:17,2025-05-27 23:10:17,100032,,,0,,4,English,829255,,0,0,,1,0,,3,394,(GMT 3:00) Eastern African Time (Africa/Addis_Ababa),True
38,@EG@ec57876377b2991c83eda60d47f3374a,,D.M GROCERIES,1112,Kenya,827843,,KES,77,Kenyan Shilling,KES,,dd-MM-yyyy,0,,,2025-05-01 05:00:00,"#,###.##",DD-MM-YYYY,2025-05-23 17:36:47,2025-05-23 17:36:47,100028,30,,0,,4,English,827843,,0,0,,1,0,,3,401,(GMT 3:00) Eastern African Time (Africa/Nairobi),True
37,@EG@922f8895041fdb27fbd05bd2223efa5d,https://static.kilimax.com/enterprise_37/company_100027/logo/screenshot-20250528-093032.png,Installation Recode,1237,Zimbabwe,827788,,ZWL,174,Zimbabwe Dollar,Z$,,dd-MM-yyyy,0,,,2025-05-01 06:00:00,"#,###.##",DD-MM-YYYY,2025-05-28 14:24:29,2025-05-28 14:24:29,100033,14,,0,,4,English,827788,,0,0,,1,0,,2,348,(GMT 2:00) Central African Time (Africa/Blantyre),True
37,@EG@8c51e7637c344c27117ae0e272e4162b,https://static.kilimax.com/enterprise_37/company_100027/logo/screenshot-20250528-093102.png,Itel service,1237,Zimbabwe,827788,,ZWL,174,Zimbabwe Dollar,Z$,,dd-MM-yyyy,0,,,2025-05-01 06:00:00,"#,###.##",DD-MM-YYYY,2025-05-23 03:12:02,2025-05-23 03:12:02,100027,14,,0,,4,English,827788,,0,0,,1,0,,2,351,(GMT 2:00) Central African Time (Africa/Gaborone),True
36,@EG@d6c18aac29d8e637fcbf60f96368986c,,URBAN VIEW,1112,Kenya,827787,,KES,77,Kenyan Shilling,KES,,dd-MM-yyyy,0,,,2025-05-01 05:00:00,"#,###.##",DD-MM-YYYY,2025-05-27 20:30:31,2025-05-27 20:30:31,100031,16,,0,,4,English,827787,,0,0,,1,0,,3,394,(GMT 3:00) Eastern African Time (Africa/Addis_Ababa),True
34,@EG@5c2dd44de09bcfce8f3336a7d64baf29,https://static.kilimax.com/enterprise_34/company_null/logo/iphone 16promax.jfif,Freetech Technologies,1112,Kenya,827784,,KES,77,Kenyan Shilling,KES,,dd-MM-yyyy,2,,,2025-05-01 05:00:00,"#,###.##",DD-MM-YYYY,2025-05-26 19:15:46,2025-05-26 19:15:46,100030,14,,0,,4,English,827784,,0,0,,1,0,,3,395,(GMT 3:00) Eastern African Time (Africa/Asmera),True
34,@EG@62824d178f7e7249562d78e19a6a19d4,https://static.kilimax.com/enterprise_34/company_null/logo/iphone 16promax.jfif,Freetech Technologies,1112,Kenya,827784,,KES,77,Kenyan Shilling,KES,,dd-MM-yyyy,2,,,2025-05-01 05:00:00,"#,###.##",DD-MM-YYYY,2025-05-26 19:15:46,2025-05-26 19:15:46,100029,14,,0,,4,English,827784,,0,0,,1,0,,3,395,(GMT 3:00) Eastern African Time (Africa/Asmera),True
32,@EG@6d5a0d03b4430f7c9fd1268d1ce5d6af,,BangladeshTecno,1019,Bangladesh,825400,,BDT,13,Bangladeshi Taka,BDT,,dd-MM-yyyy,0,,,2025-05-01 00:00:00,"#,###.##",DD-MM-YYYY,2025-05-16 20:40:01,2025-05-16 20:40:01,100026,14,,0,,23,中文,825400,,0,0,,1,0,,6,460,(GMT 6:00) Bangladesh Time (Asia/Dacca),True
31,@EG@f3acafaa1fa4effe73d83be07eeb39cd,,QodeIQ,1112,Kenya,823620,,KES,77,Kenyan Shilling,KES,,dd-MM-yyyy,2,,,2025-05-01 00:00:00,"#,###.##",DD-MM-YYYY,2025-05-14 00:15:01,2025-05-14 00:15:01,100024,16,,0,,4,English,823620,,0,0,,1,0,,3,395,(GMT 3:00) Eastern African Time (Africa/Asmera),True
30,@EG@27ba5c4bc23fe154987e486f77321019,,Trucom BBS,1112,Kenya,823460,,KES,77,Kenyan Shilling,KES,,dd-MM-yyyy,0,,,2025-07-01 05:00:00,"#,###.##",DD-MM-YYYY,2025-07-17 17:55:48,2025-07-17 17:55:48,100075,14,,0,,4,English,823460,,0,0,,2,0,,3,401,(GMT 3:00) Eastern African Time (Africa/Nairobi),False
30,@EG@4feea92459775aa6bc4c1c95a8f9fed9,,Trucom,1112,Kenya,823460,,KES,77,Kenyan Shilling,KES,,dd-MM-yyyy,0,,,2025-04-01 05:00:00,"#,###.##",DD-MM-YYYY,2025-05-14 20:49:23,2025-05-14 20:49:23,100025,14,,0,,4,English,823460,,0,0,,1,0,,3,409,(GMT 3:00) Eastern African Time (EAT),True
29,@EG@a0cc7436228b328285696f05e4f7d897,,HOME APPLIANCES,1210,Tanzania,819906,,TZS,152,Tanzanian Shilling,TZS,,dd-MM-yyyy,2,,,2025-12-01 05:00:00,"#,###.##",DD-MM-YYYY,2025-12-02 17:42:30,2025-12-02 17:42:30,102163,37,,0,,4,English,819906,,0,0,,1,0,,3,398,(GMT 3:00) Eastern African Time (Africa/Kampala),True
29,@EG@ae046fc8fab49313a02060b94d5e0ad1,,MTAWA WHOLESALE,1210,Tanzania,819906,,TZS,152,Tanzanian Shilling,TZS,,dd-MM-yyyy,2,,,2025-10-01 05:00:00,"#,###.##",DD-MM-YYYY,2025-10-21 16:04:28,2025-10-21 16:04:28,101475,14,,0,,4,English,819906,,0,0,,2,0,,3,394,(GMT 3:00) Eastern African Time (Africa/Addis_Ababa),False
29,@EG@a20544d6aedf4371594bf2888a332c33,https://static.kilimax.com/enterprise_29/company_101474/logo/mtawa-logo.jpg,MTAWA FEATURE & WHOLESALE,1210,Tanzania,819906,,TZS,152,Tanzanian Shilling,TZS,,dd-MM-yyyy,2,,,2025-10-01 05:00:00,"#,###.##",DD-MM-YYYY,2025-10-21 16:02:22,2025-10-21 16:02:22,101474,14,,0,,4,English,819906,,0,0,,2,0,,3,395,(GMT 3:00) Eastern African Time (Africa/Asmera),False
28,@EG@5e4a9f49589786e093fce3c9c8902421,,"Casa de Tecnologia w.-Comércio (SU), LDA",1007,Angola,807874,,AOA,6,Angolan Kwanza,AOA,,dd-MM-yyyy,2,,,2025-05-01 00:00:00,"#,###.##",DD-MM-YYYY,2025-05-08 20:08:50,2025-05-08 20:08:50,100019,34,,0,,17,Português,807874,,0,0,,1,0,,1,303,(GMT 1:00) Western African Time (Africa/Luanda),True
27,@EG@7fd9c42418b67f681d9e6873b04b441e,https://static.kilimax.com/enterprise_27/company_102330/logo/大宁五金.jpg,大宁五金,1045,China,1000008,,KES,77,Kenyan Shilling,KES,,dd-MM-yyyy,0,,,2025-12-01 05:00:00,"#,###.##",DD-MM-YYYY,2025-12-15 18:59:31,2025-12-15 18:59:31,102330,,,0,,23,中文,1000008,,0,0,,2,0,,3,401,(GMT 3:00) Eastern African Time (Africa/Nairobi),False
27,@EG@a06a2a94cdb5533ad08f59c6743ed47b,https://static.kilimax.com/enterprise_27/company_null/logo/25.4.11.jpg,Egatee Tanzania,1210,Tanzania,806942,,TZS,152,Tanzanian Shilling,TZS,,dd-MM-yyyy,2,,,2025-04-01 00:00:00,"#,###.##",DD-MM-YYYY,2025-04-11 22:05:25,2025-04-11 22:05:25,100015,15,,0,,23,中文,806942,,0,0,,1,0,,3,396,(GMT 3:00) Eastern African Time (Africa/Dar_es_Salaam),True
26,@EG@fc6e249c880fe2e630ee05aa7e61b224,,test-精度0-9:30-AOP,1001,Afghanistan,1000012,,AOA,6,Angolan Kwanza,AOA,,dd-MM-yyyy,0,,,2025-05-31 22:30:00,"#,###.##",DD-MM-YYYY,2025-12-18 10:25:10,2025-12-18 10:25:10,102370,,,0,,4,English,1000012,,0,0,,1,0,,9.3,521,(GMT 9:30) Central Standard Time (Northern Territory)(ACT),True
26,@EG@fa6fdca17fc4fb63a98952e5e11b7faf,,onboarding1.1,1001,Afghanistan,1000012,,AOA,6,Angolan Kwanza,AOA,,dd-MM-yyyy,3,,,2025-05-31 22:00:00,"#,###.##",DD-MM-YYYY,2025-12-12 11:36:45,2025-12-12 11:36:45,102283,,,0,,4,English,1000012,,0,0,,1,0,,10,528,(GMT 10:00) Eastern Standard Time (New South Wales)(AET),True
26,@EG@3fd5b72318ef8124430eae2044ca33ff,,新手引导,1016,Azerbaijan,1000000,,ALL,3,Albanian Lek,Lek,,dd-MM-yyyy,2,,,2025-07-01 08:00:00,"#,###.##",DD-MM-YYYY,2025-11-20 17:52:22,2025-11-20 17:52:22,102016,10,,0,,4,English,1000000,,0,0,,1,0,,0,244,(GMT 0:00) Greenwich Mean Time (Africa/Abidjan),True
26,@EG@8a66c371e29983a69a3cb787fe3a99a7,,new company,1006,Andorra,1000000,,AWG,9,Aruban Guilder,ƒ,,dd-MM-yyyy,1,,,2025-10-31 22:30:00,"#,###.##",DD-MM-YYYY,2025-11-20 17:51:45,2025-11-20 17:51:45,102015,,,0,,23,中文,1000000,,0,0,,1,0,,9.3,521,(GMT 9:30) Central Standard Time (Northern Territory)(ACT),True
26,@EG@c37a74855aabf478b3016243a70e0c06,,hhuitest2,1007,Angola,787734,,AOA,6,Angolan Kwanza,AOA,,dd-MM-yyyy,2,,,2024-10-31 22:30:00,"#,###.##",DD-MM-YYYY,2025-11-15 11:50:14,2025-11-15 11:50:14,101941,,,0,,4,English,787734,,0,0,,1,0,,9.3,521,(GMT 9:30) Central Standard Time (Northern Territory)(ACT),True
26,@EG@5648898eeacd030e4cef4171b1e24be8,,测试企业-tom,1004,Algeria,1000001,,AOA,6,Angolan Kwanza,AOA,,dd-MM-yyyy,3,,,2025-10-01 07:00:00,"#,###.##",DD-MM-YYYY,2025-10-10 16:33:37,2025-10-10 16:33:37,101082,2,,0,,4,English,1000001,,1,0,,1,0,,1,296,(GMT 1:00) Western African Time (Africa/Bangui),True
26,@EG@f250b3fff91e2ac00dce749106e8fe86,,呃呃4,1007,Angola,1000088,,AMD,4,Armenian Dram,AMD,,dd-MM-yyyy,0,,,2025-09-01 05:00:00,"#,###.##",DD-MM-YYYY,2025-09-11 20:18:02,2025-09-11 20:18:02,100164,,,0,,4,English,1000088,,0,0,,2,0,,3,394,(GMT 3:00) Eastern African Time (Africa/Addis_Ababa),False
26,@EG@fab68f55b7c6db8947a4135f5f87089c,,100142-test-1月开启财务-未开启转开启多币种,1026,Bhutan,1000012,,ALL,3,Albanian Lek,Lek,,dd-MM-yyyy,3,,,2024-12-31 22:30:00,"#,###.##",DD-MM-YYYY,2025-09-05 10:44:45,2025-09-05 10:44:45,100142,,,0,,4,English,1000012,,0,0,,1,0,,9.3,521,(GMT 9:30) Central Standard Time (Northern Territory)(ACT),True
26,@EG@d4c740232f6910b5e558c6b925f6e966,,100134-test,1005,American Samoa,1000088,,ARS,7,Argentine Peso,$,,dd-MM-yyyy,3,,,2025-09-01 07:00:00,"#,###.##",DD-MM-YYYY,2025-09-02 15:46:26,2025-09-02 15:46:26,100134,,,0,,6,Français,1000088,,1,0,,1,0,,1,295,(GMT 1:00) Central European Time (Africa/Algiers),True
26,@EG@368ccc2bb0b86d9b7e8fbb126d28993c,https://static.kilimax.com/enterprise_26/company_100089/logo/8ab58f9ad1889f8b.jpg,zw company,1004,Algeria,1000003,,DZD,45,Algerian Dinar,DZD,,dd-MM-yyyy,2,,,2025-07-01 00:00:00,"#,###.##",DD-MM-YYYY,2025-07-31 14:03:39,2025-07-31 14:03:39,100089,,,0,,4,English,1000003,,1,0,,1,0,,8,493,(GMT 8:00) China Standard Time (Asia/Macao),True
25,@EG@8178491c4c9931f83fe4060a99d78970,,DHC测试货币格式,1112,Kenya,787585,,KES,77,Kenyan Shilling,KES,,dd-MM-yyyy,2,,,2025-11-01 05:00:00,"#,###.##",DD-MM-YYYY,2025-11-20 20:38:48,2025-11-20 20:38:48,102030,,,0,,4,English,787585,,0,0,,1,0,,3,394,(GMT 3:00) Eastern African Time (Africa/Addis_Ababa),True
25,@EG@43a4be7b1f7328773191cafcead7dce0,,1234566,1001,Afghanistan,787585,,AFN,2,Afghan Afghani,AFN,,dd-MM-yyyy,2,,,2025-08-31 22:00:00,"#,###.##",DD-MM-YYYY,2025-09-30 20:02:01,2025-09-30 20:02:01,100254,,,0,,23,中文,787585,,0,0,,1,0,,10,528,(GMT 10:00) Eastern Standard Time (New South Wales)(AET),True
25,@EG@ae46d020299a1af84d91306f83726788,https://static.kilimax.com/enterprise_25/company_100000/logo/757f0e1d5a3b4375a37da976ff511fe5.jpg,wangjie,1045,China,787585,,CNY,34,Yuan Renminbi,CNY,,dd-MM-yyyy,2,,,2025-09-01 00:00:00,"#,###.##",DD-MM-YYYY,2025-09-25 18:16:44,2025-09-25 18:16:44,100203,1,,0,,23,中文,787585,,0,0,,1,0,,8,507,(GMT 8:00) China Standard Time (PRC),True
25,@EG@03639463769d336f0c363cd35c9c1625,https://static.kilimax.com/enterprise_25/company_100000/logo/QQ截图20210907115733.png,qinx,1045,China,787585,,CNY,34,Yuan Renminbi,CNY,,dd-MM-yyyy,2,,,2025-06-01 00:00:00,"#,###.##",DD-MM-YYYY,2025-06-27 10:51:40,2025-06-27 10:51:40,100061,,,0,,23,中文,787585,,0,0,,1,0,,8,496,(GMT 8:00) China Standard Time (Asia/Shanghai),True
25,@EG@a035a457739e37f58e18a66bcc69f93b,,zy,1045,China,787585,,CNY,34,Yuan Renminbi,CNY,,dd-MM-yyyy,2,,,2025-06-01 00:00:00,"#,###.##",DD-MM-YYYY,2025-06-16 10:35:57,2025-06-16 10:35:57,100051,,,0,,23,中文,787585,,0,0,,1,0,,8,496,(GMT 8:00) China Standard Time (Asia/Shanghai),True
25,@EG@c7402084efb58d81956031633bb0901d,,xin,1045,China,787585,,USD,155,United States Dollar,$,,dd-MM-yyyy,2,,,2025-01-01 00:00:00,"#,###.##",DD-MM-YYYY,2025-02-28 10:41:31,2025-02-28 10:41:31,100004,1,,0,,23,中文,787585,,0,0,,1,0,,9.3,521,(GMT 9:30) Central Standard Time (Northern Territory)(ACT),True
25,@EG@8c30745dbca99db1d2b04f8d5e5e0657,,zhaixiaozhe1,1008,Anguilla,787585,,AMD,4,Armenian Dram,AMD,,dd-MM-yyyy,2,,,2025-02-01 00:00:00,"#,###.##",DD-MM-YYYY,2025-02-28 10:19:31,2025-02-28 10:19:31,100002,3,,0,,23,中文,787585,,0,0,,1,0,,10,528,(GMT 10:00) Eastern Standard Time (New South Wales)(AET),True
25,@EG@e2e8e4ea027c7e8b5ea23c4075a20327,,DHC第一个子公司,1045,China,787585,,CNY,34,Yuan Renminbi,CNY,,dd-MM-yyyy,2,,,2025-02-01 00:00:00,"#,###.##",DD-MM-YYYY,2025-02-27 17:29:40,2025-02-27 17:29:40,100000,,,0,,23,中文,787585,,0,0,,1,0,,8,496,(GMT 8:00) China Standard Time (Asia/Shanghai),True
